5,clean_text,sentiment,compound,pos,neg,neu
"O relógio é horrível, não vale o preço, decepção total.",relógio horrível vale preço decepção total,Negativo,-0.7453,0.0,0.544,0.456
Estou pesquisando opiniões sobre a experiência de compra antes de comprar.,estou pesquisando opiniões sobre experiência compra antes comprar,Neutro,0.0429,0.042,0.0,0.958
"Serviço ruim, atendimento péssimo, não voltarei.",serviço ruim atendimento péssimo voltarei,Negativo,-0.7078,0.0,0.491,0.509
"Atendimento horrível, ninguém resolve nada.",atendimento horrível ninguém resolve nada,Negativo,-0.6236,0.0,0.593,0.407
"Adorei a qualidade da marca, muito acima da expectativa!",adorei qualidade marca acima expectativa,Positivo,0.5118,0.363,0.0,0.637
"Nunca mais compro dessa marca, cobraram duas vezes no cartão.",nunca compro dessa marca cobraram duas vezes cartão,Negativo,-0.751,0.0,0.571,0.429
"Que compra ruim, o celular veio quebrado.",compra ruim celular veio quebrado,Negativo,-0.8256,0.0,0.716,0.284
"A embalagem impecável, virei cliente fiel dessa marca.",embalagem impecável virei cliente fiel dessa marca,Positivo,0.5198,0.392,0.0,0.608
"Comprei a bolsa ontem, ainda vou testar.",comprei bolsa ontem ainda vou testar,Neutro,0.0324,0.031,0.0,0.969
"Comprei o celular ontem, ainda vou testar.",comprei celular ontem ainda vou testar,Neutro,0.0097,0.007,0.0,0.993
"Que ótima experiência de compra, tudo maravilhoso!",ótima experiência compra tudo maravilhoso,Positivo,0.5466,0.335,0.0,0.665
"Nunca mais compro dessa marca, o produto quebrou em uma semana.",nunca compro dessa marca produto quebrou semana,Negativo,-0.7533,0.0,0.532,0.468
"A loja fica aberta até as 22h, segundo o site.",loja fica aberta até segundo site,Neutro,-0.0186,0.0,0.016,0.984
"Adorei a qualidade da marca, muito acima da expectativa!",adorei qualidade marca acima expectativa,Positivo,0.7089,0.617,0.0,0.383
"Adorei o atendimento da marca, muito rápido e eficiente!",adorei atendimento marca rápido eficiente,Positivo,0.6722,0.59,0.0,0.41
Estou pesquisando opiniões sobre a entrega antes de comprar.,estou pesquisando opiniões sobre entrega antes comprar,Neutro,0.0317,0.029,0.0,0.971
"Que ótima experiência de compra, tudo maravilhoso!",ótima experiência compra tudo maravilhoso,Positivo,0.8085,0.633,0.0,0.367
"A blusa tem cor azul e branca, conforme o anúncio.",blusa cor azul branca conforme anúncio,Neutro,-0.0298,0.0,0.026,0.974
"Terrível, simplesmente terrível essa experiência.",terrível simplesmente terrível experiência,Negativo,-0.8711,0.0,0.556,0.444
"Péssimo o atendimento, não recomendo.",péssimo atendimento recomendo,Negativo,-0.4077,0.0,0.265,0.735
"O site horrível, ninguém respondeu meus e-mails.",site horrível ninguém respondeu emails,Negativo,-0.6622,0.0,0.58,0.42
"Produto de baixa qualidade, dinheiro jogado fora.",produto baixa qualidade dinheiro jogado fora,Negativo,-0.641,0.0,0.562,0.438
Qual a diferença entre o celular e o modelo anterior?,diferença entre celular modelo anterior,Neutro,0.0304,0.022,0.0,0.978
O perfume chegou no prazo previsto.,perfume chegou prazo previsto,Neutro,0.0123,0.009,0.0,0.991
A blusa chegou no prazo previsto.,blusa chegou prazo previsto,Neutro,0.0106,0.009,0.0,0.991
"Adorei o app da marca, muito acima da expectativa!",adorei app marca acima expectativa,Positivo,0.5863,0.439,0.0,0.561
"Suporte não responde, estou muito insatisfeito.",suporte responde estou insatisfeito,Negativo,-0.8662,0.0,0.704,0.296
"Equipe super atencioso, super recomendo essa marca!",equipe super atencioso super recomendo marca,Positivo,0.5009,0.459,0.0,0.541
Alguém sabe informar o prazo de entrega de o livro?,alguém sabe informar prazo entrega livro,Neutro,-0.0448,0.0,0.037,0.963
"A compra é maravilhoso, adorei demais!",compra maravilhoso adorei demais,Positivo,0.5466,0.371,0.0,0.629
Alguém sabe informar o prazo de entrega de a bolsa?,alguém sabe informar prazo entrega bolsa,Neutro,-0.0089,0.0,0.008,0.992
"Comprei o perfume ontem, ainda vou testar.",comprei perfume ontem ainda vou testar,Neutro,-0.009,0.0,0.006,0.994
"Atendimento nota 10, resolveram meu problema rapidinho.",atendimento nota resolveram problema rapidinho,Positivo,0.8849,0.724,0.0,0.276
"Recebi o brinquedo, embalagem estava ok.",recebi brinquedo embalagem estava,Neutro,-0.0423,0.0,0.038,0.962
Fui até a loja física para trocar o brinquedo.,fui até loja física trocar brinquedo,Neutro,0.0149,0.012,0.0,0.988
Alguém sabe informar o prazo de entrega de o eletrodoméstico?,alguém sabe informar prazo entrega eletrodoméstico,Neutro,-0.0149,0.0,0.013,0.987
"Muito ruim o suporte, experiência péssima.",ruim suporte experiência péssima,Negativo,-0.7867,0.0,0.552,0.448
"Que compra ruim, a bicicleta veio quebrado.",compra ruim bicicleta veio quebrado,Negativo,-0.5719,0.0,0.457,0.543
Qual a diferença entre a bicicleta e o modelo anterior?,diferença entre bicicleta modelo anterior,Neutro,0.0446,0.044,0.0,0.956
Qual a diferença entre a bolsa e o modelo anterior?,diferença entre bolsa modelo anterior,Neutro,-0.016,0.0,0.01,0.99
"Excelente o site, recomendo a todos!",excelente site recomendo todos,Positivo,0.7899,0.71,0.0,0.29
"Equipe super atencioso, super recomendo essa marca!",equipe super atencioso super recomendo marca,Positivo,0.5853,0.449,0.0,0.551
"A bolsa veio com defeito, muito decepcionado.",bolsa veio defeito decepcionado,Negativo,-0.6444,0.0,0.45,0.55
"Comprei a compra ontem, ainda vou testar.",comprei compra ontem ainda vou testar,Neutro,0.0207,0.021,0.0,0.979
"Muito satisfeito com o notebook, vale cada centavo.",satisfeito notebook vale cada centavo,Positivo,0.5032,0.416,0.0,0.584
"Entrega atrasou muito, veio tudo errado.",entrega atrasou veio tudo errado,Negativo,-0.6173,0.0,0.513,0.487
"Produto de baixa qualidade, dinheiro jogado fora.",produto baixa qualidade dinheiro jogado fora,Negativo,-0.5932,0.0,0.437,0.563
Vi a propaganda da marca na TV hoje.,propaganda marca hoje,Neutro,-0.0157,0.0,0.015,0.985
"Comprei a blusa e chegou rápido, super satisfeito!",comprei blusa chegou rápido super satisfeito,Positivo,0.8692,0.795,0.0,0.205
"A entrega impecável, virei cliente fiel dessa marca.",entrega impecável virei cliente fiel dessa marca,Positivo,0.8867,0.706,0.0,0.294
Estou pesquisando opiniões sobre a embalagem antes de comprar.,estou pesquisando opiniões sobre embalagem antes comprar,Neutro,0.0033,0.003,0.0,0.997
"Recebi o fone de ouvido, embalagem estava ok.",recebi fone ouvido embalagem estava,Neutro,-0.0193,0.0,0.017,0.983
"Terrível, simplesmente terrível essa experiência.",terrível simplesmente terrível experiência,Negativo,-0.4285,0.0,0.412,0.588
"A loja fica aberta até as 22h, segundo o site.",loja fica aberta até segundo site,Neutro,0.0314,0.03,0.0,0.97
O livro chegou no prazo previsto.,livro chegou prazo previsto,Neutro,0.0273,0.023,0.0,0.977
Melhor experiência que já tive com o suporte.,melhor experiência suporte,Positivo,0.8256,0.593,0.0,0.407
"Atendimento nota 10, resolveram meu problema rapidinho.",atendimento nota resolveram problema rapidinho,Positivo,0.7808,0.589,0.0,0.411
"Atendimento nota 10, resolveram meu problema rapidinho.",atendimento nota resolveram problema rapidinho,Positivo,0.6713,0.631,0.0,0.369
"Terrível, simplesmente terrível essa experiência.",terrível simplesmente terrível experiência,Negativo,-0.4801,0.0,0.338,0.662
"O prazo de entrega impecável, virei cliente fiel dessa marca.",prazo entrega impecável virei cliente fiel dessa marca,Positivo,0.7448,0.673,0.0,0.327
Alguém sabe informar o prazo de entrega de a bicicleta?,alguém sabe informar prazo entrega bicicleta,Neutro,-0.0421,0.0,0.038,0.962
Qual a diferença entre a bicicleta e o modelo anterior?,diferença entre bicicleta modelo anterior,Neutro,-0.041,0.0,0.03,0.97
"Ótimo o suporte, estou muito feliz com a compra!",ótimo suporte estou feliz compra,Positivo,0.7115,0.59,0.0,0.41
"O prazo de entrega horrível, a caixa chegou toda amassada.",prazo entrega horrível caixa chegou toda amassada,Negativo,-0.6383,0.0,0.41,0.59
"Muito satisfeito com a bicicleta, vale cada centavo.",satisfeito bicicleta vale cada centavo,Positivo,0.5832,0.426,0.0,0.574
"Serviço ruim, atendimento péssimo, não voltarei.",serviço ruim atendimento péssimo voltarei,Negativo,-0.871,0.0,0.684,0.316
"Simplesmente incrível, o preço sensacional!",simplesmente incrível preço sensacional,Positivo,0.5212,0.343,0.0,0.657
Melhor experiência que já tive com a experiência de compra.,melhor experiência experiência compra,Positivo,0.6242,0.386,0.0,0.614
Alguém sabe informar o prazo de entrega de a bolsa?,alguém sabe informar prazo entrega bolsa,Neutro,-0.02,0.0,0.016,0.984
Melhor experiência que já tive com a embalagem.,melhor experiência embalagem,Positivo,0.7114,0.585,0.0,0.415
Vi a propaganda da marca na TV hoje.,propaganda marca hoje,Neutro,0.005,0.003,0.0,0.997
Alguém sabe informar o prazo de entrega de o relógio?,alguém sabe informar prazo entrega relógio,Neutro,0.0319,0.03,0.0,0.97
Extremamente decepcionado com o livro.,extremamente decepcionado livro,Negativo,-0.7189,0.0,0.493,0.507
"Equipe muito profissional, super recomendo essa marca!",equipe profissional super recomendo marca,Positivo,0.8628,0.664,0.0,0.336
"Não indico essa marca pra ninguém, o produto quebrou em uma semana.",indico marca pra ninguém produto quebrou semana,Negativo,-0.6753,0.0,0.617,0.383
"O celular é maravilhoso, adorei demais!",celular maravilhoso adorei demais,Positivo,0.5146,0.329,0.0,0.671
"A loja fica aberta até as 22h, segundo o site.",loja fica aberta até segundo site,Neutro,-0.0247,0.0,0.015,0.985
"Comprei a bolsa e chegou rápido, super satisfeito!",comprei bolsa chegou rápido super satisfeito,Positivo,0.4585,0.277,0.0,0.723
"A compra veio com defeito, muito decepcionado.",compra veio defeito decepcionado,Negativo,-0.6917,0.0,0.433,0.567
Alguém sabe informar o prazo de entrega de a compra?,alguém sabe informar prazo entrega compra,Neutro,0.0321,0.029,0.0,0.971
"O site horrível, o produto quebrou em uma semana.",site horrível produto quebrou semana,Negativo,-0.8165,0.0,0.78,0.22
"Voltarei a comprar com certeza, super atencioso!",voltarei comprar certeza super atencioso,Positivo,0.7301,0.679,0.0,0.321
"Terrível, simplesmente terrível essa experiência.",terrível simplesmente terrível experiência,Negativo,-0.7512,0.0,0.652,0.348
"Nunca mais compro dessa marca, ninguém respondeu meus e-mails.",nunca compro dessa marca ninguém respondeu emails,Negativo,-0.63,0.0,0.599,0.401
"Serviço ruim, atendimento péssimo, não voltarei.",serviço ruim atendimento péssimo voltarei,Negativo,-0.4082,0.0,0.321,0.679
"Equipe super atencioso, super recomendo essa marca!",equipe super atencioso super recomendo marca,Positivo,0.4168,0.266,0.0,0.734
"Péssimo o atendimento, não recomendo.",péssimo atendimento recomendo,Negativo,-0.5029,0.0,0.372,0.628
"Entrega atrasou muito, demorou semanas para resolver.",entrega atrasou demorou semanas resolver,Negativo,-0.6086,0.0,0.584,0.416
"Simplesmente incrível, o prazo de entrega sensacional!",simplesmente incrível prazo entrega sensacional,Positivo,0.7256,0.606,0.0,0.394
O notebook chegou no prazo previsto.,notebook chegou prazo previsto,Neutro,-0.0269,0.0,0.025,0.975
"Simplesmente incrível, a experiência de compra sensacional!",simplesmente incrível experiência compra sensacional,Positivo,0.7714,0.683,0.0,0.317
Vi a propaganda da marca na TV hoje.,propaganda marca hoje,Neutro,-0.0236,0.0,0.02,0.98
Qual a diferença entre o tênis e o modelo anterior?,diferença entre tênis modelo anterior,Neutro,0.031,0.03,0.0,0.97
"Adorei a embalagem da marca, muito super atencioso!",adorei embalagem marca super atencioso,Positivo,0.8354,0.523,0.0,0.477
"O pedido veio com defeito, muito decepcionado.",pedido veio defeito decepcionado,Negativo,-0.7626,0.0,0.515,0.485
Melhor experiência que já tive com o preço.,melhor experiência preço,Positivo,0.4933,0.34,0.0,0.66
Qual a diferença entre a compra e o modelo anterior?,diferença entre compra modelo anterior,Neutro,0.0446,0.032,0.0,0.968
"Que compra ruim, o brinquedo veio quebrado.",compra ruim brinquedo veio quebrado,Negativo,-0.6438,0.0,0.424,0.576
"Atendimento horrível, ninguém resolve nada.",atendimento horrível ninguém resolve nada,Negativo,-0.7105,0.0,0.507,0.493
"O perfume é horrível, não vale o preço, decepção total.",perfume horrível vale preço decepção total,Negativo,-0.8454,0.0,0.526,0.474
Extremamente decepcionado com o celular.,extremamente decepcionado celular,Negativo,-0.4316,0.0,0.299,0.701
"Atendimento horrível, ninguém resolve nada.",atendimento horrível ninguém resolve nada,Negativo,-0.5836,0.0,0.458,0.542
"Recebi o brinquedo, embalagem estava ok.",recebi brinquedo embalagem estava,Neutro,-0.0207,0.0,0.014,0.986
"A experiência de compra horrível, a caixa chegou toda amassada.",experiência compra horrível caixa chegou toda amassada,Negativo,-0.523,0.0,0.509,0.491
Estou pesquisando opiniões sobre a embalagem antes de comprar.,estou pesquisando opiniões sobre embalagem antes comprar,Neutro,-0.0424,0.0,0.032,0.968
"O atendimento horrível, demorou semanas para resolver.",atendimento horrível demorou semanas resolver,Negativo,-0.7329,0.0,0.612,0.388
"A entrega horrível, ninguém respondeu meus e-mails.",entrega horrível ninguém respondeu emails,Negativo,-0.5481,0.0,0.462,0.538
"A bicicleta tem cor azul e branca, conforme o anúncio.",bicicleta cor azul branca conforme anúncio,Neutro,0.0426,0.039,0.0,0.961
"Comprei o relógio e chegou rápido, super satisfeito!",comprei relógio chegou rápido super satisfeito,Positivo,0.4798,0.308,0.0,0.692
O fone de ouvido chegou no prazo previsto.,fone ouvido chegou prazo previsto,Neutro,-0.0409,0.0,0.032,0.968
"A loja fica aberta até as 22h, segundo o site.",loja fica aberta até segundo site,Neutro,0.0365,0.028,0.0,0.972
"Não indico essa marca pra ninguém, o produto quebrou em uma semana.",indico marca pra ninguém produto quebrou semana,Negativo,-0.6693,0.0,0.6,0.4
"Voltarei a comprar com certeza, impecável!",voltarei comprar certeza impecável,Positivo,0.8714,0.548,0.0,0.452
"A blusa é horrível, não vale o preço, decepção total.",blusa horrível vale preço decepção total,Negativo,-0.5992,0.0,0.537,0.463
"A bicicleta veio com defeito, muito decepcionado.",bicicleta veio defeito decepcionado,Negativo,-0.4739,0.0,0.451,0.549
"Comprei o pedido ontem, ainda vou testar.",comprei pedido ontem ainda vou testar,Neutro,-0.0323,0.0,0.026,0.974
"Comprei a bicicleta ontem, ainda vou testar.",comprei bicicleta ontem ainda vou testar,Neutro,-0.043,0.0,0.042,0.958
Qual a diferença entre o livro e o modelo anterior?,diferença entre livro modelo anterior,Neutro,0.0497,0.03,0.0,0.97
Estou pesquisando opiniões sobre o app antes de comprar.,estou pesquisando opiniões sobre app antes comprar,Neutro,-0.0247,0.0,0.015,0.985
"A experiência de compra horrível, veio tudo errado.",experiência compra horrível veio tudo errado,Negativo,-0.4178,0.0,0.338,0.662
"Muito bom o perfume, ficou perfeito, adorei o resultado!",bom perfume ficou perfeito adorei resultado,Positivo,0.8847,0.619,0.0,0.381
"O livro é horrível, não vale o preço, decepção total.",livro horrível vale preço decepção total,Negativo,-0.7156,0.0,0.486,0.514
"Terrível, simplesmente terrível essa experiência.",terrível simplesmente terrível experiência,Negativo,-0.5098,0.0,0.378,0.622
"Serviço ruim, atendimento péssimo, não voltarei.",serviço ruim atendimento péssimo voltarei,Negativo,-0.7616,0.0,0.748,0.252
"Suporte não responde, estou muito insatisfeito.",suporte responde estou insatisfeito,Negativo,-0.8289,0.0,0.697,0.303
"Recebi a bolsa, embalagem estava ok.",recebi bolsa embalagem estava,Neutro,-0.012,0.0,0.011,0.989
Estou pesquisando opiniões sobre a entrega antes de comprar.,estou pesquisando opiniões sobre entrega antes comprar,Neutro,0.0303,0.019,0.0,0.981
Extremamente decepcionado com o livro.,extremamente decepcionado livro,Negativo,-0.8672,0.0,0.793,0.207
Vi a propaganda da marca na TV hoje.,propaganda marca hoje,Neutro,-0.0193,0.0,0.017,0.983
"A bicicleta veio com defeito, muito decepcionado.",bicicleta veio defeito decepcionado,Negativo,-0.7067,0.0,0.617,0.383
"A blusa é maravilhoso, adorei demais!",blusa maravilhoso adorei demais,Positivo,0.895,0.723,0.0,0.277
"O tênis é maravilhoso, adorei demais!",tênis maravilhoso adorei demais,Positivo,0.7876,0.475,0.0,0.525
"O notebook é maravilhoso, adorei demais!",notebook maravilhoso adorei demais,Positivo,0.6127,0.566,0.0,0.434
Alguém sabe informar o prazo de entrega de o eletrodoméstico?,alguém sabe informar prazo entrega eletrodoméstico,Neutro,0.034,0.032,0.0,0.968
"Entrega atrasou muito, veio tudo errado.",entrega atrasou veio tudo errado,Negativo,-0.6009,0.0,0.555,0.445
Estou pesquisando opiniões sobre a embalagem antes de comprar.,estou pesquisando opiniões sobre embalagem antes comprar,Neutro,-0.0351,0.0,0.029,0.971
"Que ótima experiência de compra, tudo maravilhoso!",ótima experiência compra tudo maravilhoso,Positivo,0.6181,0.427,0.0,0.573
"O perfume é horrível, não vale o preço, decepção total.",perfume horrível vale preço decepção total,Negativo,-0.7256,0.0,0.505,0.495
"O suporte impecável, virei cliente fiel dessa marca.",suporte impecável virei cliente fiel dessa marca,Positivo,0.4998,0.474,0.0,0.526
Alguém sabe informar o prazo de entrega de o brinquedo?,alguém sabe informar prazo entrega brinquedo,Neutro,0.012,0.012,0.0,0.988
Estou pesquisando opiniões sobre a entrega antes de comprar.,estou pesquisando opiniões sobre entrega antes comprar,Neutro,-0.0418,0.0,0.031,0.969
"O notebook veio com defeito, muito decepcionado.",notebook veio defeito decepcionado,Negativo,-0.5761,0.0,0.365,0.635
Qual a diferença entre o fone de ouvido e o modelo anterior?,diferença entre fone ouvido modelo anterior,Neutro,-0.0288,0.0,0.025,0.975
"Simplesmente incrível, o prazo de entrega sensacional!",simplesmente incrível prazo entrega sensacional,Positivo,0.5079,0.505,0.0,0.495
"O relógio superou minhas expectativas, muito bom!",relógio superou expectativas bom,Positivo,0.785,0.762,0.0,0.238
"Serviço ruim, atendimento péssimo, não voltarei.",serviço ruim atendimento péssimo voltarei,Negativo,-0.4725,0.0,0.389,0.611
Fui até a loja física para trocar o tênis.,fui até loja física trocar tênis,Neutro,0.0077,0.006,0.0,0.994
"Suporte não responde, estou muito insatisfeito.",suporte responde estou insatisfeito,Negativo,-0.6911,0.0,0.59,0.41
"O livro superou minhas expectativas, muito bom!",livro superou expectativas bom,Positivo,0.4599,0.289,0.0,0.711
Alguém sabe informar o prazo de entrega de o produto?,alguém sabe informar prazo entrega produto,Neutro,0.0081,0.007,0.0,0.993
"O tênis tem cor azul e branca, conforme o anúncio.",tênis cor azul branca conforme anúncio,Neutro,-0.0069,0.0,0.006,0.994
"Excelente a entrega, recomendo a todos!",excelente entrega recomendo todos,Positivo,0.6645,0.561,0.0,0.439
"A experiência de compra impecável, virei cliente fiel dessa marca.",experiência compra impecável virei cliente fiel dessa marca,Positivo,0.5986,0.381,0.0,0.619
Fui até a loja física para trocar o livro.,fui até loja física trocar livro,Neutro,0.0093,0.006,0.0,0.994
"Simplesmente incrível, o app sensacional!",simplesmente incrível app sensacional,Positivo,0.7531,0.512,0.0,0.488
"Muito ruim o atendimento, experiência péssima.",ruim atendimento experiência péssima,Negativo,-0.748,0.0,0.624,0.376
"Serviço ruim, atendimento péssimo, não voltarei.",serviço ruim atendimento péssimo voltarei,Negativo,-0.6237,0.0,0.472,0.528
"Ótimo o app, estou muito feliz com a compra!",ótimo app estou feliz compra,Positivo,0.6557,0.398,0.0,0.602
"Voltarei a comprar com certeza, super atencioso!",voltarei comprar certeza super atencioso,Positivo,0.6917,0.532,0.0,0.468
"Que compra ruim, o brinquedo veio quebrado.",compra ruim brinquedo veio quebrado,Negativo,-0.5521,0.0,0.391,0.609
"Excelente o prazo de entrega, recomendo a todos!",excelente prazo entrega recomendo todos,Positivo,0.6893,0.605,0.0,0.395
Extremamente decepcionado com o livro.,extremamente decepcionado livro,Negativo,-0.7335,0.0,0.607,0.393
"Ótimo o preço, estou muito feliz com a compra!",ótimo preço estou feliz compra,Positivo,0.8715,0.544,0.0,0.456
"Recebi a bicicleta, embalagem estava ok.",recebi bicicleta embalagem estava,Neutro,-0.0338,0.0,0.022,0.978
"A bolsa veio com defeito, muito decepcionado.",bolsa veio defeito decepcionado,Negativo,-0.4887,0.0,0.406,0.594
"A loja fica aberta até as 22h, segundo o site.",loja fica aberta até segundo site,Neutro,-0.0173,0.0,0.012,0.988
Alguém sabe informar o prazo de entrega de o fone de ouvido?,alguém sabe informar prazo entrega fone ouvido,Neutro,0.0287,0.019,0.0,0.981
Melhor experiência que já tive com o atendimento.,melhor experiência atendimento,Positivo,0.8669,0.628,0.0,0.372
"Excelente a embalagem, recomendo a todos!",excelente embalagem recomendo todos,Positivo,0.6624,0.626,0.0,0.374
"Recebi o brinquedo, embalagem estava ok.",recebi brinquedo embalagem estava,Neutro,0.0409,0.039,0.0,0.961
"Comprei a compra ontem, ainda vou testar.",comprei compra ontem ainda vou testar,Neutro,-0.0108,0.0,0.009,0.991
"A qualidade horrível, o produto quebrou em uma semana.",qualidade horrível produto quebrou semana,Negativo,-0.673,0.0,0.477,0.523
"Adorei a embalagem da marca, muito acima da expectativa!",adorei embalagem marca acima expectativa,Positivo,0.4849,0.377,0.0,0.623
Estou pesquisando opiniões sobre a embalagem antes de comprar.,estou pesquisando opiniões sobre embalagem antes comprar,Neutro,0.0296,0.024,0.0,0.976
"Que ótima experiência de compra, tudo maravilhoso!",ótima experiência compra tudo maravilhoso,Positivo,0.5989,0.537,0.0,0.463
"Que ótima experiência de compra, tudo maravilhoso!",ótima experiência compra tudo maravilhoso,Positivo,0.5805,0.561,0.0,0.439
Fui até a loja física para trocar o relógio.,fui até loja física trocar relógio,Neutro,0.0134,0.009,0.0,0.991
"Comprei o produto e chegou rápido, super satisfeito!",comprei produto chegou rápido super satisfeito,Positivo,0.8639,0.574,0.0,0.426
"Adorei o prazo de entrega da marca, muito acima da expectativa!",adorei prazo entrega marca acima expectativa,Positivo,0.8359,0.762,0.0,0.238
"O fone de ouvido tem cor azul e branca, conforme o anúncio.",fone ouvido cor azul branca conforme anúncio,Neutro,0.0496,0.045,0.0,0.955
Estou pesquisando opiniões sobre o app antes de comprar.,estou pesquisando opiniões sobre app antes comprar,Neutro,-0.0353,0.0,0.022,0.978
Vi a propaganda da marca na TV hoje.,propaganda marca hoje,Neutro,-0.0329,0.0,0.024,0.976
Qual a diferença entre o notebook e o modelo anterior?,diferença entre notebook modelo anterior,Neutro,0.039,0.03,0.0,0.97
"Adorei a qualidade da marca, muito muito profissional!",adorei qualidade marca profissional,Positivo,0.7579,0.709,0.0,0.291
"Suporte não responde, estou muito insatisfeito.",suporte responde estou insatisfeito,Negativo,-0.647,0.0,0.545,0.455
"O notebook é horrível, não vale o preço, decepção total.",notebook horrível vale preço decepção total,Negativo,-0.408,0.0,0.373,0.627
"Adorei o site da marca, muito muito profissional!",adorei site marca profissional,Positivo,0.5866,0.44,0.0,0.56
"Simplesmente incrível, o atendimento sensacional!",simplesmente incrível atendimento sensacional,Positivo,0.4183,0.359,0.0,0.641
"O atendimento impecável, virei cliente fiel dessa marca.",atendimento impecável virei cliente fiel dessa marca,Positivo,0.8194,0.655,0.0,0.345
"Não indico essa marca pra ninguém, cobraram duas vezes no cartão.",indico marca pra ninguém cobraram duas vezes cartão,Negativo,-0.784,0.0,0.523,0.477
"A bicicleta superou minhas expectativas, muito bom!",bicicleta superou expectativas bom,Positivo,0.7227,0.535,0.0,0.465
"Excelente a entrega, recomendo a todos!",excelente entrega recomendo todos,Positivo,0.5065,0.498,0.0,0.502
"A bolsa tem cor azul e branca, conforme o anúncio.",bolsa cor azul branca conforme anúncio,Neutro,-0.0051,0.0,0.004,0.996
"Adorei o suporte da marca, muito de primeira qualidade!",adorei suporte marca primeira qualidade,Positivo,0.7855,0.72,0.0,0.28
"O pedido tem cor azul e branca, conforme o anúncio.",pedido cor azul branca conforme anúncio,Neutro,-0.0032,0.0,0.002,0.998
Estou pesquisando opiniões sobre o app antes de comprar.,estou pesquisando opiniões sobre app antes comprar,Neutro,0.0303,0.029,0.0,0.971
Vi a propaganda da marca na TV hoje.,propaganda marca hoje,Neutro,0.0253,0.025,0.0,0.975
"Entrega atrasou muito, a caixa chegou toda amassada.",entrega atrasou caixa chegou toda amassada,Negativo,-0.614,0.0,0.471,0.529
O eletrodoméstico chegou no prazo previsto.,eletrodoméstico chegou prazo previsto,Neutro,0.0078,0.007,0.0,0.993
"Comprei o perfume e chegou rápido, super satisfeito!",comprei perfume chegou rápido super satisfeito,Positivo,0.4183,0.311,0.0,0.689
"Produto de baixa qualidade, dinheiro jogado fora.",produto baixa qualidade dinheiro jogado fora,Negativo,-0.4682,0.0,0.423,0.577
"Muito ruim o site, experiência péssima.",ruim site experiência péssima,Negativo,-0.5419,0.0,0.488,0.512
"Que ótima experiência de compra, tudo maravilhoso!",ótima experiência compra tudo maravilhoso,Positivo,0.8341,0.573,0.0,0.427
Qual a diferença entre o celular e o modelo anterior?,diferença entre celular modelo anterior,Neutro,-0.0105,0.0,0.009,0.991
"Que compra ruim, o fone de ouvido veio quebrado.",compra ruim fone ouvido veio quebrado,Negativo,-0.6768,0.0,0.513,0.487
"Não indico essa marca pra ninguém, a caixa chegou toda amassada.",indico marca pra ninguém caixa chegou toda amassada,Negativo,-0.7701,0.0,0.548,0.452
"Comprei a bolsa ontem, ainda vou testar.",comprei bolsa ontem ainda vou testar,Neutro,0.0341,0.025,0.0,0.975
"Comprei o celular ontem, ainda vou testar.",comprei celular ontem ainda vou testar,Neutro,-0.0042,0.0,0.003,0.997
"Comprei o produto ontem, ainda vou testar.",comprei produto ontem ainda vou testar,Neutro,-0.0431,0.0,0.039,0.961
"Serviço ruim, atendimento péssimo, não voltarei.",serviço ruim atendimento péssimo voltarei,Negativo,-0.7606,0.0,0.569,0.431
"Excelente a qualidade, recomendo a todos!",excelente qualidade recomendo todos,Positivo,0.8336,0.755,0.0,0.245
Melhor experiência que já tive com o preço.,melhor experiência preço,Positivo,0.843,0.517,0.0,0.483
Estou pesquisando opiniões sobre o prazo de entrega antes de comprar.,estou pesquisando opiniões sobre prazo entrega antes comprar,Neutro,-0.0392,0.0,0.033,0.967
"Que ótima experiência de compra, tudo maravilhoso!",ótima experiência compra tudo maravilhoso,Positivo,0.6806,0.527,0.0,0.473
"Que compra ruim, o eletrodoméstico veio quebrado.",compra ruim eletrodoméstico veio quebrado,Negativo,-0.5282,0.0,0.389,0.611
"Adorei o atendimento da marca, muito impecável!",adorei atendimento marca impecável,Positivo,0.4813,0.344,0.0,0.656
"O pedido veio com defeito, muito decepcionado.",pedido veio defeito decepcionado,Negativo,-0.5817,0.0,0.415,0.585
"Comprei o relógio e chegou rápido, super satisfeito!",comprei relógio chegou rápido super satisfeito,Positivo,0.4867,0.315,0.0,0.685
"Péssimo o atendimento, não recomendo.",péssimo atendimento recomendo,Negativo,-0.4354,0.0,0.363,0.637
"Serviço ruim, atendimento péssimo, não voltarei.",serviço ruim atendimento péssimo voltarei,Negativo,-0.4243,0.0,0.419,0.581
"Comprei o brinquedo ontem, ainda vou testar.",comprei brinquedo ontem ainda vou testar,Neutro,-0.0142,0.0,0.013,0.987
Vi a propaganda da marca na TV hoje.,propaganda marca hoje,Neutro,-0.0397,0.0,0.037,0.963
Estou pesquisando opiniões sobre a qualidade antes de comprar.,estou pesquisando opiniões sobre qualidade antes comprar,Neutro,-0.0424,0.0,0.031,0.969
"Recebi o perfume, embalagem estava ok.",recebi perfume embalagem estava,Neutro,-0.036,0.0,0.033,0.967
"Que compra ruim, o notebook veio quebrado.",compra ruim notebook veio quebrado,Negativo,-0.6335,0.0,0.58,0.42
"Voltarei a comprar com certeza, rápido e eficiente!",voltarei comprar certeza rápido eficiente,Positivo,0.8744,0.675,0.0,0.325
Alguém sabe informar o prazo de entrega de a compra?,alguém sabe informar prazo entrega compra,Neutro,-0.004,0.0,0.003,0.997
"A loja fica aberta até as 22h, segundo o site.",loja fica aberta até segundo site,Neutro,-0.019,0.0,0.012,0.988
"Voltarei a comprar com certeza, muito profissional!",voltarei comprar certeza profissional,Positivo,0.8484,0.701,0.0,0.299
"Simplesmente incrível, o prazo de entrega sensacional!",simplesmente incrível prazo entrega sensacional,Positivo,0.4385,0.339,0.0,0.661
"Comprei a compra ontem, ainda vou testar.",comprei compra ontem ainda vou testar,Neutro,-0.0088,0.0,0.006,0.994
Fui até a loja física para trocar o celular.,fui até loja física trocar celular,Neutro,-0.0373,0.0,0.036,0.964
"Entrega atrasou muito, veio tudo errado.",entrega atrasou veio tudo errado,Negativo,-0.719,0.0,0.497,0.503
"Muito satisfeito com o brinquedo, vale cada centavo.",satisfeito brinquedo vale cada centavo,Positivo,0.4688,0.453,0.0,0.547
O fone de ouvido chegou no prazo previsto.,fone ouvido chegou prazo previsto,Neutro,-0.0339,0.0,0.029,0.971
"Comprei o relógio ontem, ainda vou testar.",comprei relógio ontem ainda vou testar,Neutro,0.0174,0.016,0.0,0.984
"Comprei o notebook ontem, ainda vou testar.",comprei notebook ontem ainda vou testar,Neutro,-0.04,0.0,0.038,0.962
"O notebook tem cor azul e branca, conforme o anúncio.",notebook cor azul branca conforme anúncio,Neutro,-0.0225,0.0,0.022,0.978
"Péssimo o suporte, não recomendo.",péssimo suporte recomendo,Negativo,-0.6847,0.0,0.45,0.55
"O celular superou minhas expectativas, muito bom!",celular superou expectativas bom,Positivo,0.7167,0.473,0.0,0.527
"Atendimento horrível, ninguém resolve nada.",atendimento horrível ninguém resolve nada,Negativo,-0.8242,0.0,0.791,0.209
Extremamente decepcionado com o perfume.,extremamente decepcionado perfume,Negativo,-0.7393,0.0,0.697,0.303
Qual a diferença entre o celular e o modelo anterior?,diferença entre celular modelo anterior,Neutro,0.0259,0.025,0.0,0.975
Alguém sabe informar o prazo de entrega de o pedido?,alguém sabe informar prazo entrega pedido,Neutro,0.0149,0.015,0.0,0.985
"Comprei o relógio ontem, ainda vou testar.",comprei relógio ontem ainda vou testar,Neutro,0.0172,0.017,0.0,0.983
"Equipe super atencioso, super recomendo essa marca!",equipe super atencioso super recomendo marca,Positivo,0.8037,0.797,0.0,0.203
"A loja fica aberta até as 22h, segundo o site.",loja fica aberta até segundo site,Neutro,0.0198,0.014,0.0,0.986
Fui até a loja física para trocar o livro.,fui até loja física trocar livro,Neutro,0.0304,0.026,0.0,0.974
"Produto de baixa qualidade, dinheiro jogado fora.",produto baixa qualidade dinheiro jogado fora,Negativo,-0.5529,0.0,0.457,0.543
"O pedido é horrível, não vale o preço, decepção total.",pedido horrível vale preço decepção total,Negativo,-0.5786,0.0,0.522,0.478
"Excelente a entrega, recomendo a todos!",excelente entrega recomendo todos,Positivo,0.8387,0.596,0.0,0.404
Extremamente decepcionado com o perfume.,extremamente decepcionado perfume,Negativo,-0.7274,0.0,0.621,0.379
Estou pesquisando opiniões sobre o site antes de comprar.,estou pesquisando opiniões sobre site antes comprar,Neutro,0.0306,0.026,0.0,0.974
"Que compra ruim, o celular veio quebrado.",compra ruim celular veio quebrado,Negativo,-0.6374,0.0,0.542,0.458
"A bicicleta é maravilhoso, adorei demais!",bicicleta maravilhoso adorei demais,Positivo,0.4457,0.283,0.0,0.717
O tênis chegou no prazo previsto.,tênis chegou prazo previsto,Neutro,0.001,0.001,0.0,0.999
Qual a diferença entre o tênis e o modelo anterior?,diferença entre tênis modelo anterior,Neutro,0.0156,0.014,0.0,0.986
Fui até a loja física para trocar o relógio.,fui até loja física trocar relógio,Neutro,0.0371,0.032,0.0,0.968
O livro chegou no prazo previsto.,livro chegou prazo previsto,Neutro,0.0404,0.036,0.0,0.964
"Atendimento nota 10, resolveram meu problema rapidinho.",atendimento nota resolveram problema rapidinho,Positivo,0.8587,0.779,0.0,0.221
"O preço horrível, cobraram duas vezes no cartão.",preço horrível cobraram duas vezes cartão,Negativo,-0.6333,0.0,0.429,0.571
"Simplesmente incrível, o prazo de entrega sensacional!",simplesmente incrível prazo entrega sensacional,Positivo,0.5424,0.514,0.0,0.486
"Comprei o produto e chegou rápido, super satisfeito!",comprei produto chegou rápido super satisfeito,Positivo,0.7976,0.546,0.0,0.454
"A bicicleta superou minhas expectativas, muito bom!",bicicleta superou expectativas bom,Positivo,0.4872,0.335,0.0,0.665
"Nunca mais compro dessa marca, o produto quebrou em uma semana.",nunca compro dessa marca produto quebrou semana,Negativo,-0.7536,0.0,0.681,0.319
"Péssimo a qualidade, não recomendo.",péssimo qualidade recomendo,Negativo,-0.6444,0.0,0.582,0.418
"Que ótima experiência de compra, tudo maravilhoso!",ótima experiência compra tudo maravilhoso,Positivo,0.7313,0.45,0.0,0.55
Qual a diferença entre o pedido e o modelo anterior?,diferença entre pedido modelo anterior,Neutro,0.039,0.038,0.0,0.962
"Recebi o fone de ouvido, embalagem estava ok.",recebi fone ouvido embalagem estava,Neutro,-0.0012,0.0,0.001,0.999
"Atendimento horrível, ninguém resolve nada.",atendimento horrível ninguém resolve nada,Negativo,-0.8939,0.0,0.792,0.208
"Péssimo o prazo de entrega, não recomendo.",péssimo prazo entrega recomendo,Negativo,-0.5461,0.0,0.394,0.606
"Muito bom o relógio, ficou perfeito, adorei o resultado!",bom relógio ficou perfeito adorei resultado,Positivo,0.7091,0.693,0.0,0.307
"O produto é maravilhoso, adorei demais!",produto maravilhoso adorei demais,Positivo,0.5047,0.468,0.0,0.532
"Recebi o brinquedo, embalagem estava ok.",recebi brinquedo embalagem estava,Neutro,-0.0321,0.0,0.027,0.973
Alguém sabe informar o prazo de entrega de a bicicleta?,alguém sabe informar prazo entrega bicicleta,Neutro,0.0318,0.026,0.0,0.974
"O preço impecável, virei cliente fiel dessa marca.",preço impecável virei cliente fiel dessa marca,Positivo,0.6622,0.518,0.0,0.482
"Equipe muito profissional, super recomendo essa marca!",equipe profissional super recomendo marca,Positivo,0.748,0.728,0.0,0.272
Alguém sabe informar o prazo de entrega de a blusa?,alguém sabe informar prazo entrega blusa,Neutro,-0.0336,0.0,0.03,0.97
"Terrível, simplesmente terrível essa experiência.",terrível simplesmente terrível experiência,Negativo,-0.6458,0.0,0.548,0.452
"Recebi o celular, embalagem estava ok.",recebi celular embalagem estava,Neutro,0.0429,0.043,0.0,0.957
Melhor experiência que já tive com a entrega.,melhor experiência entrega,Positivo,0.5393,0.463,0.0,0.537
"O relógio tem cor azul e branca, conforme o anúncio.",relógio cor azul branca conforme anúncio,Neutro,0.0154,0.015,0.0,0.985
"Equipe super atencioso, super recomendo essa marca!",equipe super atencioso super recomendo marca,Positivo,0.8482,0.687,0.0,0.313
Vi a propaganda da marca na TV hoje.,propaganda marca hoje,Neutro,-0.0408,0.0,0.025,0.975
"O preço horrível, demorou semanas para resolver.",preço horrível demorou semanas resolver,Negativo,-0.6704,0.0,0.508,0.492
O perfume chegou no prazo previsto.,perfume chegou prazo previsto,Neutro,-0.0383,0.0,0.023,0.977
"Terrível, simplesmente terrível essa experiência.",terrível simplesmente terrível experiência,Negativo,-0.7242,0.0,0.524,0.476
"O pedido é horrível, não vale o preço, decepção total.",pedido horrível vale preço decepção total,Negativo,-0.6762,0.0,0.608,0.392
"Excelente o suporte, recomendo a todos!",excelente suporte recomendo todos,Positivo,0.4055,0.252,0.0,0.748
"O tênis veio com defeito, muito decepcionado.",tênis veio defeito decepcionado,Negativo,-0.8286,0.0,0.498,0.502
"Voltarei a comprar com certeza, de primeira qualidade!",voltarei comprar certeza primeira qualidade,Positivo,0.7439,0.729,0.0,0.271
Fui até a loja física para trocar o fone de ouvido.,fui até loja física trocar fone ouvido,Neutro,-0.0489,0.0,0.035,0.965
"A blusa é maravilhoso, adorei demais!",blusa maravilhoso adorei demais,Positivo,0.7487,0.737,0.0,0.263
Extremamente decepcionado com a blusa.,extremamente decepcionado blusa,Negativo,-0.7995,0.0,0.599,0.401
Estou pesquisando opiniões sobre o prazo de entrega antes de comprar.,estou pesquisando opiniões sobre prazo entrega antes comprar,Neutro,-0.0254,0.0,0.022,0.978
"O eletrodoméstico tem cor azul e branca, conforme o anúncio.",eletrodoméstico cor azul branca conforme anúncio,Neutro,-0.0449,0.0,0.037,0.963
"Suporte não responde, estou muito insatisfeito.",suporte responde estou insatisfeito,Negativo,-0.6291,0.0,0.475,0.525
Estou pesquisando opiniões sobre o prazo de entrega antes de comprar.,estou pesquisando opiniões sobre prazo entrega antes comprar,Neutro,-0.0228,0.0,0.021,0.979
"Suporte não responde, estou muito insatisfeito.",suporte responde estou insatisfeito,Negativo,-0.5779,0.0,0.537,0.463
"Atendimento horrível, ninguém resolve nada.",atendimento horrível ninguém resolve nada,Negativo,-0.4335,0.0,0.413,0.587
"Atendimento nota 10, resolveram meu problema rapidinho.",atendimento nota resolveram problema rapidinho,Positivo,0.6004,0.592,0.0,0.408
"O preço impecável, virei cliente fiel dessa marca.",preço impecável virei cliente fiel dessa marca,Positivo,0.5456,0.476,0.0,0.524
"Voltarei a comprar com certeza, muito profissional!",voltarei comprar certeza profissional,Positivo,0.8924,0.821,0.0,0.179
Fui até a loja física para trocar o livro.,fui até loja física trocar livro,Neutro,0.0019,0.001,0.0,0.999
"Muito bom a blusa, ficou perfeito, adorei o resultado!",bom blusa ficou perfeito adorei resultado,Positivo,0.6253,0.437,0.0,0.563
"Serviço ruim, atendimento péssimo, não voltarei.",serviço ruim atendimento péssimo voltarei,Negativo,-0.5629,0.0,0.438,0.562
Qual a diferença entre o fone de ouvido e o modelo anterior?,diferença entre fone ouvido modelo anterior,Neutro,0.0011,0.001,0.0,0.999
"O site impecável, virei cliente fiel dessa marca.",site impecável virei cliente fiel dessa marca,Positivo,0.6987,0.587,0.0,0.413
"Muito satisfeito com o livro, vale cada centavo.",satisfeito livro vale cada centavo,Positivo,0.5354,0.334,0.0,0.666
"Excelente o suporte, recomendo a todos!",excelente suporte recomendo todos,Positivo,0.8857,0.804,0.0,0.196
"A loja fica aberta até as 22h, segundo o site.",loja fica aberta até segundo site,Neutro,0.0491,0.043,0.0,0.957
"Muito bom o fone de ouvido, ficou perfeito, adorei o resultado!",bom fone ouvido ficou perfeito adorei resultado,Positivo,0.4227,0.328,0.0,0.672
"O brinquedo é horrível, não vale o preço, decepção total.",brinquedo horrível vale preço decepção total,Negativo,-0.5316,0.0,0.503,0.497
O produto chegou no prazo previsto.,produto chegou prazo previsto,Neutro,0.0021,0.002,0.0,0.998
"Atendimento nota 10, resolveram meu problema rapidinho.",atendimento nota resolveram problema rapidinho,Positivo,0.4153,0.337,0.0,0.663
Alguém sabe informar o prazo de entrega de o notebook?,alguém sabe informar prazo entrega notebook,Neutro,-0.036,0.0,0.027,0.973
"Muito ruim a experiência de compra, experiência péssima.",ruim experiência compra experiência péssima,Negativo,-0.7433,0.0,0.737,0.263
"Adorei o site da marca, muito rápido e eficiente!",adorei site marca rápido eficiente,Positivo,0.7861,0.763,0.0,0.237
Fui até a loja física para trocar o produto.,fui até loja física trocar produto,Neutro,0.0248,0.022,0.0,0.978
"Recebi a blusa, embalagem estava ok.",recebi blusa embalagem estava,Neutro,0.0176,0.017,0.0,0.983
"Que compra ruim, o brinquedo veio quebrado.",compra ruim brinquedo veio quebrado,Negativo,-0.4434,0.0,0.436,0.564
Melhor experiência que já tive com a qualidade.,melhor experiência qualidade,Positivo,0.7483,0.496,0.0,0.504
"Não indico essa marca pra ninguém, o produto quebrou em uma semana.",indico marca pra ninguém produto quebrou semana,Negativo,-0.46,0.0,0.381,0.619
"Que ótima experiência de compra, tudo maravilhoso!",ótima experiência compra tudo maravilhoso,Positivo,0.5216,0.494,0.0,0.506
"Produto de baixa qualidade, dinheiro jogado fora.",produto baixa qualidade dinheiro jogado fora,Negativo,-0.806,0.0,0.737,0.263
"Recebi o relógio, embalagem estava ok.",recebi relógio embalagem estava,Neutro,-0.0356,0.0,0.025,0.975
"Péssimo o site, não recomendo.",péssimo site recomendo,Negativo,-0.61,0.0,0.506,0.494
Qual a diferença entre a blusa e o modelo anterior?,diferença entre blusa modelo anterior,Neutro,-0.0012,0.0,0.001,0.999
"O site impecável, virei cliente fiel dessa marca.",site impecável virei cliente fiel dessa marca,Positivo,0.4621,0.28,0.0,0.72
Vi a propaganda da marca na TV hoje.,propaganda marca hoje,Neutro,-0.0345,0.0,0.028,0.972
Melhor experiência que já tive com o suporte.,melhor experiência suporte,Positivo,0.5357,0.327,0.0,0.673
"Comprei o eletrodoméstico ontem, ainda vou testar.",comprei eletrodoméstico ontem ainda vou testar,Neutro,-0.0263,0.0,0.017,0.983
"Serviço ruim, atendimento péssimo, não voltarei.",serviço ruim atendimento péssimo voltarei,Negativo,-0.6108,0.0,0.455,0.545
"Voltarei a comprar com certeza, acima da expectativa!",voltarei comprar certeza acima expectativa,Positivo,0.7447,0.663,0.0,0.337
"Equipe rápido e eficiente, super recomendo essa marca!",equipe rápido eficiente super recomendo marca,Positivo,0.4782,0.382,0.0,0.618
"Atendimento horrível, ninguém resolve nada.",atendimento horrível ninguém resolve nada,Negativo,-0.6071,0.0,0.447,0.553
"Nunca mais compro dessa marca, demorou semanas para resolver.",nunca compro dessa marca demorou semanas resolver,Negativo,-0.7059,0.0,0.626,0.374
"A bicicleta é horrível, não vale o preço, decepção total.",bicicleta horrível vale preço decepção total,Negativo,-0.8834,0.0,0.666,0.334
"Adorei a embalagem da marca, muito acima da expectativa!",adorei embalagem marca acima expectativa,Positivo,0.7536,0.547,0.0,0.453
Qual a diferença entre o relógio e o modelo anterior?,diferença entre relógio modelo anterior,Neutro,-0.0423,0.0,0.038,0.962
"A compra superou minhas expectativas, muito bom!",compra superou expectativas bom,Positivo,0.5709,0.523,0.0,0.477
"Produto de baixa qualidade, dinheiro jogado fora.",produto baixa qualidade dinheiro jogado fora,Negativo,-0.6891,0.0,0.502,0.498
"Muito bom o eletrodoméstico, ficou perfeito, adorei o resultado!",bom eletrodoméstico ficou perfeito adorei resultado,Positivo,0.7561,0.627,0.0,0.373
"Muito satisfeito com o fone de ouvido, vale cada centavo.",satisfeito fone ouvido vale cada centavo,Positivo,0.5096,0.38,0.0,0.62
Melhor experiência que já tive com o app.,melhor experiência app,Positivo,0.8221,0.699,0.0,0.301
Estou pesquisando opiniões sobre o app antes de comprar.,estou pesquisando opiniões sobre app antes comprar,Neutro,0.0146,0.011,0.0,0.989
Alguém sabe informar o prazo de entrega de a compra?,alguém sabe informar prazo entrega compra,Neutro,-0.0166,0.0,0.016,0.984
"Ótimo o app, estou muito feliz com a compra!",ótimo app estou feliz compra,Positivo,0.7159,0.686,0.0,0.314
"Comprei o tênis ontem, ainda vou testar.",comprei tênis ontem ainda vou testar,Neutro,0.0036,0.003,0.0,0.997
"A qualidade horrível, o produto quebrou em uma semana.",qualidade horrível produto quebrou semana,Negativo,-0.7127,0.0,0.474,0.526
"Atendimento nota 10, resolveram meu problema rapidinho.",atendimento nota resolveram problema rapidinho,Positivo,0.763,0.542,0.0,0.458
"A loja fica aberta até as 22h, segundo o site.",loja fica aberta até segundo site,Neutro,0.0444,0.029,0.0,0.971
Alguém sabe informar o prazo de entrega de o eletrodoméstico?,alguém sabe informar prazo entrega eletrodoméstico,Neutro,-0.0046,0.0,0.004,0.996
"Terrível, simplesmente terrível essa experiência.",terrível simplesmente terrível experiência,Negativo,-0.5727,0.0,0.435,0.565
"Péssimo o app, não recomendo.",péssimo app recomendo,Negativo,-0.5995,0.0,0.408,0.592
"Entrega atrasou muito, o produto quebrou em uma semana.",entrega atrasou produto quebrou semana,Negativo,-0.5734,0.0,0.486,0.514
"Suporte não responde, estou muito insatisfeito.",suporte responde estou insatisfeito,Negativo,-0.5203,0.0,0.344,0.656
"Péssimo o preço, não recomendo.",péssimo preço recomendo,Negativo,-0.8495,0.0,0.701,0.299
Alguém sabe informar o prazo de entrega de o perfume?,alguém sabe informar prazo entrega perfume,Neutro,0.0095,0.008,0.0,0.992
"Adorei o preço da marca, muito de primeira qualidade!",adorei preço marca primeira qualidade,Positivo,0.6599,0.49,0.0,0.51
O notebook chegou no prazo previsto.,notebook chegou prazo previsto,Neutro,0.0178,0.017,0.0,0.983
Qual a diferença entre o fone de ouvido e o modelo anterior?,diferença entre fone ouvido modelo anterior,Neutro,0.0468,0.038,0.0,0.962
"Ótimo o suporte, estou muito feliz com a compra!",ótimo suporte estou feliz compra,Positivo,0.6614,0.41,0.0,0.59
"A bolsa superou minhas expectativas, muito bom!",bolsa superou expectativas bom,Positivo,0.8859,0.715,0.0,0.285
"O celular é maravilhoso, adorei demais!",celular maravilhoso adorei demais,Positivo,0.5299,0.319,0.0,0.681
Estou pesquisando opiniões sobre a entrega antes de comprar.,estou pesquisando opiniões sobre entrega antes comprar,Neutro,0.0351,0.029,0.0,0.971
"Serviço ruim, atendimento péssimo, não voltarei.",serviço ruim atendimento péssimo voltarei,Negativo,-0.6656,0.0,0.524,0.476
"Adorei a embalagem da marca, muito muito profissional!",adorei embalagem marca profissional,Positivo,0.6838,0.641,0.0,0.359
Vi a propaganda da marca na TV hoje.,propaganda marca hoje,Neutro,-0.0394,0.0,0.036,0.964
"O perfume superou minhas expectativas, muito bom!",perfume superou expectativas bom,Positivo,0.892,0.549,0.0,0.451
"Adorei o suporte da marca, muito impecável!",adorei suporte marca impecável,Positivo,0.8699,0.602,0.0,0.398
"O prazo de entrega horrível, ninguém respondeu meus e-mails.",prazo entrega horrível ninguém respondeu emails,Negativo,-0.5616,0.0,0.414,0.586
"Que compra ruim, o eletrodoméstico veio quebrado.",compra ruim eletrodoméstico veio quebrado,Negativo,-0.4462,0.0,0.281,0.719
"Muito ruim a embalagem, experiência péssima.",ruim embalagem experiência péssima,Negativo,-0.4245,0.0,0.31,0.69
"Não indico essa marca pra ninguém, o produto quebrou em uma semana.",indico marca pra ninguém produto quebrou semana,Negativo,-0.817,0.0,0.639,0.361
"Que ótima experiência de compra, tudo maravilhoso!",ótima experiência compra tudo maravilhoso,Positivo,0.4389,0.391,0.0,0.609
"A qualidade horrível, cobraram duas vezes no cartão.",qualidade horrível cobraram duas vezes cartão,Negativo,-0.7006,0.0,0.431,0.569
O livro chegou no prazo previsto.,livro chegou prazo previsto,Neutro,0.0094,0.006,0.0,0.994
"Produto de baixa qualidade, dinheiro jogado fora.",produto baixa qualidade dinheiro jogado fora,Negativo,-0.5118,0.0,0.423,0.577
"Atendimento nota 10, resolveram meu problema rapidinho.",atendimento nota resolveram problema rapidinho,Positivo,0.623,0.615,0.0,0.385
Fui até a loja física para trocar o relógio.,fui até loja física trocar relógio,Neutro,-0.027,0.0,0.022,0.978
"Péssimo a embalagem, não recomendo.",péssimo embalagem recomendo,Negativo,-0.4031,0.0,0.245,0.755
"Comprei o pedido ontem, ainda vou testar.",comprei pedido ontem ainda vou testar,Neutro,-0.0022,0.0,0.001,0.999
Estou pesquisando opiniões sobre o prazo de entrega antes de comprar.,estou pesquisando opiniões sobre prazo entrega antes comprar,Neutro,0.0339,0.021,0.0,0.979
Extremamente decepcionado com o livro.,extremamente decepcionado livro,Negativo,-0.4212,0.0,0.408,0.592
"A blusa tem cor azul e branca, conforme o anúncio.",blusa cor azul branca conforme anúncio,Neutro,0.0296,0.019,0.0,0.981
"Que ótima experiência de compra, tudo maravilhoso!",ótima experiência compra tudo maravilhoso,Positivo,0.8541,0.606,0.0,0.394
"Suporte não responde, estou muito insatisfeito.",suporte responde estou insatisfeito,Negativo,-0.4464,0.0,0.367,0.633
Alguém sabe informar o prazo de entrega de o pedido?,alguém sabe informar prazo entrega pedido,Neutro,0.0192,0.016,0.0,0.984
"Muito satisfeito com o celular, vale cada centavo.",satisfeito celular vale cada centavo,Positivo,0.5244,0.441,0.0,0.559
Fui até a loja física para trocar o pedido.,fui até loja física trocar pedido,Neutro,0.0173,0.013,0.0,0.987
"Simplesmente incrível, a entrega sensacional!",simplesmente incrível entrega sensacional,Positivo,0.6343,0.583,0.0,0.417
Fui até a loja física para trocar a bicicleta.,fui até loja física trocar bicicleta,Neutro,-0.0319,0.0,0.028,0.972
"A entrega impecável, virei cliente fiel dessa marca.",entrega impecável virei cliente fiel dessa marca,Positivo,0.8493,0.56,0.0,0.44
"Muito satisfeito com o tênis, vale cada centavo.",satisfeito tênis vale cada centavo,Positivo,0.4339,0.282,0.0,0.718
Vi a propaganda da marca na TV hoje.,propaganda marca hoje,Neutro,0.0262,0.023,0.0,0.977
"O atendimento impecável, virei cliente fiel dessa marca.",atendimento impecável virei cliente fiel dessa marca,Positivo,0.4886,0.456,0.0,0.544
Melhor experiência que já tive com o suporte.,melhor experiência suporte,Positivo,0.8724,0.697,0.0,0.303
"Equipe super atencioso, super recomendo essa marca!",equipe super atencioso super recomendo marca,Positivo,0.4611,0.443,0.0,0.557
"A loja fica aberta até as 22h, segundo o site.",loja fica aberta até segundo site,Neutro,0.0252,0.02,0.0,0.98
"Simplesmente incrível, o site sensacional!",simplesmente incrível site sensacional,Positivo,0.5057,0.459,0.0,0.541
Estou pesquisando opiniões sobre o atendimento antes de comprar.,estou pesquisando opiniões sobre atendimento antes comprar,Neutro,-0.0433,0.0,0.037,0.963
"Serviço ruim, atendimento péssimo, não voltarei.",serviço ruim atendimento péssimo voltarei,Negativo,-0.4644,0.0,0.368,0.632
Qual a diferença entre o notebook e o modelo anterior?,diferença entre notebook modelo anterior,Neutro,0.0377,0.03,0.0,0.97
Melhor experiência que já tive com o atendimento.,melhor experiência atendimento,Positivo,0.8224,0.646,0.0,0.354
"Voltarei a comprar com certeza, rápido e eficiente!",voltarei comprar certeza rápido eficiente,Positivo,0.6903,0.587,0.0,0.413
"Nunca mais compro dessa marca, o produto quebrou em uma semana.",nunca compro dessa marca produto quebrou semana,Negativo,-0.5818,0.0,0.483,0.517
"Muito ruim a embalagem, experiência péssima.",ruim embalagem experiência péssima,Negativo,-0.7977,0.0,0.649,0.351
Qual a diferença entre a bolsa e o modelo anterior?,diferença entre bolsa modelo anterior,Neutro,0.015,0.015,0.0,0.985
"Excelente o prazo de entrega, recomendo a todos!",excelente prazo entrega recomendo todos,Positivo,0.4887,0.459,0.0,0.541
"Péssimo o suporte, não recomendo.",péssimo suporte recomendo,Negativo,-0.6024,0.0,0.592,0.408
"Ótimo o app, estou muito feliz com a compra!",ótimo app estou feliz compra,Positivo,0.5845,0.403,0.0,0.597
O notebook chegou no prazo previsto.,notebook chegou prazo previsto,Neutro,-0.0259,0.0,0.023,0.977
"Péssimo a experiência de compra, não recomendo.",péssimo experiência compra recomendo,Negativo,-0.7965,0.0,0.629,0.371
"O prazo de entrega impecável, virei cliente fiel dessa marca.",prazo entrega impecável virei cliente fiel dessa marca,Positivo,0.8089,0.51,0.0,0.49
"Terrível, simplesmente terrível essa experiência.",terrível simplesmente terrível experiência,Negativo,-0.7162,0.0,0.582,0.418
"O relógio é horrível, não vale o preço, decepção total.",relógio horrível vale preço decepção total,Negativo,-0.538,0.0,0.419,0.581
"Muito bom o produto, ficou perfeito, adorei o resultado!",bom produto ficou perfeito adorei resultado,Positivo,0.4091,0.253,0.0,0.747
"Suporte não responde, estou muito insatisfeito.",suporte responde estou insatisfeito,Negativo,-0.4743,0.0,0.319,0.681
"Ótimo a entrega, estou muito feliz com a compra!",ótimo entrega estou feliz compra,Positivo,0.6178,0.549,0.0,0.451
"Comprei o brinquedo ontem, ainda vou testar.",comprei brinquedo ontem ainda vou testar,Neutro,0.0192,0.019,0.0,0.981
"Recebi o brinquedo, embalagem estava ok.",recebi brinquedo embalagem estava,Neutro,0.0126,0.009,0.0,0.991
"Não indico essa marca pra ninguém, o produto quebrou em uma semana.",indico marca pra ninguém produto quebrou semana,Negativo,-0.6437,0.0,0.443,0.557
Vi a propaganda da marca na TV hoje.,propaganda marca hoje,Neutro,-0.0344,0.0,0.034,0.966
"O perfume é horrível, não vale o preço, decepção total.",perfume horrível vale preço decepção total,Negativo,-0.5657,0.0,0.371,0.629
"Serviço ruim, atendimento péssimo, não voltarei.",serviço ruim atendimento péssimo voltarei,Negativo,-0.7767,0.0,0.509,0.491
"Comprei o tênis e chegou rápido, super satisfeito!",comprei tênis chegou rápido super satisfeito,Positivo,0.4906,0.456,0.0,0.544
"O fone de ouvido tem cor azul e branca, conforme o anúncio.",fone ouvido cor azul branca conforme anúncio,Neutro,-0.0468,0.0,0.039,0.961
"Voltarei a comprar com certeza, super atencioso!",voltarei comprar certeza super atencioso,Positivo,0.4327,0.425,0.0,0.575
Melhor experiência que já tive com o app.,melhor experiência app,Positivo,0.8486,0.634,0.0,0.366
"Adorei o prazo de entrega da marca, muito acima da expectativa!",adorei prazo entrega marca acima expectativa,Positivo,0.5106,0.482,0.0,0.518
"O prazo de entrega impecável, virei cliente fiel dessa marca.",prazo entrega impecável virei cliente fiel dessa marca,Positivo,0.638,0.583,0.0,0.417
"Entrega atrasou muito, a caixa chegou toda amassada.",entrega atrasou caixa chegou toda amassada,Negativo,-0.8554,0.0,0.794,0.206
Qual a diferença entre o eletrodoméstico e o modelo anterior?,diferença entre eletrodoméstico modelo anterior,Neutro,-0.0249,0.0,0.022,0.978
"Terrível, simplesmente terrível essa experiência.",terrível simplesmente terrível experiência,Negativo,-0.8491,0.0,0.746,0.254
"Comprei o livro ontem, ainda vou testar.",comprei livro ontem ainda vou testar,Neutro,0.0435,0.034,0.0,0.966
Alguém sabe informar o prazo de entrega de o brinquedo?,alguém sabe informar prazo entrega brinquedo,Neutro,0.047,0.038,0.0,0.962
"A loja fica aberta até as 22h, segundo o site.",loja fica aberta até segundo site,Neutro,-0.0341,0.0,0.022,0.978
"Equipe acima da expectativa, super recomendo essa marca!",equipe acima expectativa super recomendo marca,Positivo,0.6131,0.384,0.0,0.616
O relógio chegou no prazo previsto.,relógio chegou prazo previsto,Neutro,-0.0455,0.0,0.04,0.96
Estou pesquisando opiniões sobre o prazo de entrega antes de comprar.,estou pesquisando opiniões sobre prazo entrega antes comprar,Neutro,-0.0248,0.0,0.017,0.983
Qual a diferença entre o livro e o modelo anterior?,diferença entre livro modelo anterior,Neutro,-0.0002,0.0,0.0,1.0
"Que ótima experiência de compra, tudo maravilhoso!",ótima experiência compra tudo maravilhoso,Positivo,0.866,0.857,0.0,0.143
"Voltarei a comprar com certeza, rápido e eficiente!",voltarei comprar certeza rápido eficiente,Positivo,0.8934,0.858,0.0,0.142
"O notebook é horrível, não vale o preço, decepção total.",notebook horrível vale preço decepção total,Negativo,-0.5957,0.0,0.411,0.589
"Voltarei a comprar com certeza, de primeira qualidade!",voltarei comprar certeza primeira qualidade,Positivo,0.7193,0.686,0.0,0.314
"Excelente o app, recomendo a todos!",excelente app recomendo todos,Positivo,0.6482,0.615,0.0,0.385
Alguém sabe informar o prazo de entrega de o celular?,alguém sabe informar prazo entrega celular,Neutro,-0.0101,0.0,0.01,0.99
Qual a diferença entre o tênis e o modelo anterior?,diferença entre tênis modelo anterior,Neutro,-0.0108,0.0,0.007,0.993
"Suporte não responde, estou muito insatisfeito.",suporte responde estou insatisfeito,Negativo,-0.5256,0.0,0.453,0.547
Melhor experiência que já tive com o atendimento.,melhor experiência atendimento,Positivo,0.489,0.483,0.0,0.517
Qual a diferença entre o celular e o modelo anterior?,diferença entre celular modelo anterior,Neutro,-0.0048,0.0,0.005,0.995
"Adorei o atendimento da marca, muito acima da expectativa!",adorei atendimento marca acima expectativa,Positivo,0.5604,0.42,0.0,0.58
"Muito bom o perfume, ficou perfeito, adorei o resultado!",bom perfume ficou perfeito adorei resultado,Positivo,0.4623,0.336,0.0,0.664
"Adorei o site da marca, muito muito profissional!",adorei site marca profissional,Positivo,0.8419,0.626,0.0,0.374
"Equipe de primeira qualidade, super recomendo essa marca!",equipe primeira qualidade super recomendo marca,Positivo,0.7836,0.62,0.0,0.38
"O tênis é horrível, não vale o preço, decepção total.",tênis horrível vale preço decepção total,Negativo,-0.4687,0.0,0.35,0.65
Qual a diferença entre a bolsa e o modelo anterior?,diferença entre bolsa modelo anterior,Neutro,-0.0175,0.0,0.014,0.986
"O livro tem cor azul e branca, conforme o anúncio.",livro cor azul branca conforme anúncio,Neutro,0.046,0.04,0.0,0.96
"A loja fica aberta até as 22h, segundo o site.",loja fica aberta até segundo site,Neutro,-0.0499,0.0,0.039,0.961
"Comprei o eletrodoméstico e chegou rápido, super satisfeito!",comprei eletrodoméstico chegou rápido super satisfeito,Positivo,0.5371,0.429,0.0,0.571
"Atendimento nota 10, resolveram meu problema rapidinho.",atendimento nota resolveram problema rapidinho,Positivo,0.5919,0.365,0.0,0.635
"Atendimento horrível, ninguém resolve nada.",atendimento horrível ninguém resolve nada,Negativo,-0.4308,0.0,0.323,0.677
"Muito ruim o preço, experiência péssima.",ruim preço experiência péssima,Negativo,-0.4107,0.0,0.35,0.65
"Produto de baixa qualidade, dinheiro jogado fora.",produto baixa qualidade dinheiro jogado fora,Negativo,-0.5739,0.0,0.387,0.613
"A experiência de compra impecável, virei cliente fiel dessa marca.",experiência compra impecável virei cliente fiel dessa marca,Positivo,0.8316,0.731,0.0,0.269
"Ótimo a qualidade, estou muito feliz com a compra!",ótimo qualidade estou feliz compra,Positivo,0.4187,0.374,0.0,0.626
"Terrível, simplesmente terrível essa experiência.",terrível simplesmente terrível experiência,Negativo,-0.6207,0.0,0.556,0.444
"Que compra ruim, o perfume veio quebrado.",compra ruim perfume veio quebrado,Negativo,-0.7154,0.0,0.543,0.457
"Muito ruim o site, experiência péssima.",ruim site experiência péssima,Negativo,-0.449,0.0,0.404,0.596
"A blusa é maravilhoso, adorei demais!",blusa maravilhoso adorei demais,Positivo,0.6371,0.456,0.0,0.544
"O notebook é maravilhoso, adorei demais!",notebook maravilhoso adorei demais,Positivo,0.4961,0.435,0.0,0.565
"O celular tem cor azul e branca, conforme o anúncio.",celular cor azul branca conforme anúncio,Neutro,0.0439,0.037,0.0,0.963
"Que ótima experiência de compra, tudo maravilhoso!",ótima experiência compra tudo maravilhoso,Positivo,0.8065,0.773,0.0,0.227
"Muito ruim o app, experiência péssima.",ruim app experiência péssima,Negativo,-0.4692,0.0,0.417,0.583
"O produto superou minhas expectativas, muito bom!",produto superou expectativas bom,Positivo,0.559,0.491,0.0,0.509
"Muito satisfeito com o livro, vale cada centavo.",satisfeito livro vale cada centavo,Positivo,0.4724,0.429,0.0,0.571
"A loja fica aberta até as 22h, segundo o site.",loja fica aberta até segundo site,Neutro,-0.0173,0.0,0.01,0.99
"Entrega atrasou muito, ninguém respondeu meus e-mails.",entrega atrasou ninguém respondeu emails,Negativo,-0.7635,0.0,0.702,0.298
"Recebi o tênis, embalagem estava ok.",recebi tênis embalagem estava,Neutro,-0.0339,0.0,0.025,0.975
"O fone de ouvido veio com defeito, muito decepcionado.",fone ouvido veio defeito decepcionado,Negativo,-0.8192,0.0,0.698,0.302
"Que compra ruim, o perfume veio quebrado.",compra ruim perfume veio quebrado,Negativo,-0.418,0.0,0.29,0.71
"Comprei a compra ontem, ainda vou testar.",comprei compra ontem ainda vou testar,Neutro,-0.0273,0.0,0.021,0.979
"Não indico essa marca pra ninguém, ninguém respondeu meus e-mails.",indico marca pra ninguém ninguém respondeu emails,Negativo,-0.4507,0.0,0.439,0.561
"Muito bom a bicicleta, ficou perfeito, adorei o resultado!",bom bicicleta ficou perfeito adorei resultado,Positivo,0.8939,0.598,0.0,0.402
"Recebi o produto, embalagem estava ok.",recebi produto embalagem estava,Neutro,-0.0208,0.0,0.014,0.986
"Adorei a qualidade da marca, muito impecável!",adorei qualidade marca impecável,Positivo,0.7682,0.492,0.0,0.508
"Equipe rápido e eficiente, super recomendo essa marca!",equipe rápido eficiente super recomendo marca,Positivo,0.7006,0.484,0.0,0.516
"A qualidade impecável, virei cliente fiel dessa marca.",qualidade impecável virei cliente fiel dessa marca,Positivo,0.7845,0.513,0.0,0.487
"Produto de baixa qualidade, dinheiro jogado fora.",produto baixa qualidade dinheiro jogado fora,Negativo,-0.7451,0.0,0.555,0.445
"Muito bom o perfume, ficou perfeito, adorei o resultado!",bom perfume ficou perfeito adorei resultado,Positivo,0.5981,0.439,0.0,0.561
"Nunca mais compro dessa marca, cobraram duas vezes no cartão.",nunca compro dessa marca cobraram duas vezes cartão,Negativo,-0.5703,0.0,0.493,0.507
"Nunca mais compro dessa marca, ninguém respondeu meus e-mails.",nunca compro dessa marca ninguém respondeu emails,Negativo,-0.5675,0.0,0.548,0.452
"A qualidade impecável, virei cliente fiel dessa marca.",qualidade impecável virei cliente fiel dessa marca,Positivo,0.6152,0.537,0.0,0.463
"Não indico essa marca pra ninguém, veio tudo errado.",indico marca pra ninguém veio tudo errado,Negativo,-0.8187,0.0,0.615,0.385
Alguém sabe informar o prazo de entrega de a bolsa?,alguém sabe informar prazo entrega bolsa,Neutro,-0.0478,0.0,0.042,0.958
"A bicicleta veio com defeito, muito decepcionado.",bicicleta veio defeito decepcionado,Negativo,-0.7595,0.0,0.468,0.532
"Que compra ruim, o perfume veio quebrado.",compra ruim perfume veio quebrado,Negativo,-0.5428,0.0,0.408,0.592
Qual a diferença entre o produto e o modelo anterior?,diferença entre produto modelo anterior,Neutro,0.0343,0.03,0.0,0.97
"A bicicleta é horrível, não vale o preço, decepção total.",bicicleta horrível vale preço decepção total,Negativo,-0.4796,0.0,0.438,0.562
"Muito bom o celular, ficou perfeito, adorei o resultado!",bom celular ficou perfeito adorei resultado,Positivo,0.8359,0.599,0.0,0.401
"Equipe impecável, super recomendo essa marca!",equipe impecável super recomendo marca,Positivo,0.5354,0.438,0.0,0.562
Fui até a loja física para trocar o brinquedo.,fui até loja física trocar brinquedo,Neutro,-0.0429,0.0,0.028,0.972
"A blusa superou minhas expectativas, muito bom!",blusa superou expectativas bom,Positivo,0.7997,0.739,0.0,0.261
Fui até a loja física para trocar o fone de ouvido.,fui até loja física trocar fone ouvido,Neutro,0.0326,0.022,0.0,0.978
"Produto de baixa qualidade, dinheiro jogado fora.",produto baixa qualidade dinheiro jogado fora,Negativo,-0.6812,0.0,0.545,0.455
Extremamente decepcionado com o celular.,extremamente decepcionado celular,Negativo,-0.8372,0.0,0.503,0.497
Alguém sabe informar o prazo de entrega de a bolsa?,alguém sabe informar prazo entrega bolsa,Neutro,0.0066,0.005,0.0,0.995
"A experiência de compra horrível, o produto quebrou em uma semana.",experiência compra horrível produto quebrou semana,Negativo,-0.6616,0.0,0.403,0.597
"Comprei o celular ontem, ainda vou testar.",comprei celular ontem ainda vou testar,Neutro,-0.0214,0.0,0.016,0.984
"A blusa é horrível, não vale o preço, decepção total.",blusa horrível vale preço decepção total,Negativo,-0.8572,0.0,0.586,0.414
"Atendimento nota 10, resolveram meu problema rapidinho.",atendimento nota resolveram problema rapidinho,Positivo,0.5899,0.425,0.0,0.575
"Que ótima experiência de compra, tudo maravilhoso!",ótima experiência compra tudo maravilhoso,Positivo,0.426,0.259,0.0,0.741
"Voltarei a comprar com certeza, rápido e eficiente!",voltarei comprar certeza rápido eficiente,Positivo,0.529,0.367,0.0,0.633
"Muito satisfeito com o tênis, vale cada centavo.",satisfeito tênis vale cada centavo,Positivo,0.4046,0.312,0.0,0.688
"O relógio superou minhas expectativas, muito bom!",relógio superou expectativas bom,Positivo,0.5597,0.353,0.0,0.647
"Atendimento nota 10, resolveram meu problema rapidinho.",atendimento nota resolveram problema rapidinho,Positivo,0.6017,0.504,0.0,0.496
"O celular superou minhas expectativas, muito bom!",celular superou expectativas bom,Positivo,0.8879,0.755,0.0,0.245
"Voltarei a comprar com certeza, de primeira qualidade!",voltarei comprar certeza primeira qualidade,Positivo,0.6458,0.454,0.0,0.546
"Muito bom o notebook, ficou perfeito, adorei o resultado!",bom notebook ficou perfeito adorei resultado,Positivo,0.4204,0.336,0.0,0.664
"Equipe acima da expectativa, super recomendo essa marca!",equipe acima expectativa super recomendo marca,Positivo,0.892,0.798,0.0,0.202
Vi a propaganda da marca na TV hoje.,propaganda marca hoje,Neutro,0.0066,0.005,0.0,0.995
"Suporte não responde, estou muito insatisfeito.",suporte responde estou insatisfeito,Negativo,-0.6471,0.0,0.535,0.465
Extremamente decepcionado com o eletrodoméstico.,extremamente decepcionado eletrodoméstico,Negativo,-0.4853,0.0,0.457,0.543
"Péssimo o atendimento, não recomendo.",péssimo atendimento recomendo,Negativo,-0.8337,0.0,0.59,0.41
Qual a diferença entre o pedido e o modelo anterior?,diferença entre pedido modelo anterior,Neutro,-0.0452,0.0,0.032,0.968
"Ótimo o site, estou muito feliz com a compra!",ótimo site estou feliz compra,Positivo,0.7459,0.728,0.0,0.272
"Péssimo o suporte, não recomendo.",péssimo suporte recomendo,Negativo,-0.6531,0.0,0.523,0.477
"Simplesmente incrível, a embalagem sensacional!",simplesmente incrível embalagem sensacional,Positivo,0.5555,0.531,0.0,0.469
"Que ótima experiência de compra, tudo maravilhoso!",ótima experiência compra tudo maravilhoso,Positivo,0.4767,0.37,0.0,0.63
"Muito bom a bicicleta, ficou perfeito, adorei o resultado!",bom bicicleta ficou perfeito adorei resultado,Positivo,0.4638,0.401,0.0,0.599
"Excelente o preço, recomendo a todos!",excelente preço recomendo todos,Positivo,0.6536,0.468,0.0,0.532
Vi a propaganda da marca na TV hoje.,propaganda marca hoje,Neutro,-0.038,0.0,0.035,0.965
Estou pesquisando opiniões sobre o site antes de comprar.,estou pesquisando opiniões sobre site antes comprar,Neutro,0.0114,0.009,0.0,0.991
"Atendimento horrível, ninguém resolve nada.",atendimento horrível ninguém resolve nada,Negativo,-0.5814,0.0,0.4,0.6
"Simplesmente incrível, o preço sensacional!",simplesmente incrível preço sensacional,Positivo,0.5943,0.442,0.0,0.558
"Muito satisfeito com o tênis, vale cada centavo.",satisfeito tênis vale cada centavo,Positivo,0.6881,0.448,0.0,0.552
"O brinquedo superou minhas expectativas, muito bom!",brinquedo superou expectativas bom,Positivo,0.5705,0.541,0.0,0.459
Estou pesquisando opiniões sobre a embalagem antes de comprar.,estou pesquisando opiniões sobre embalagem antes comprar,Neutro,-0.0319,0.0,0.029,0.971
"Voltarei a comprar com certeza, acima da expectativa!",voltarei comprar certeza acima expectativa,Positivo,0.7091,0.647,0.0,0.353
"A loja fica aberta até as 22h, segundo o site.",loja fica aberta até segundo site,Neutro,-0.0168,0.0,0.016,0.984
Alguém sabe informar o prazo de entrega de o produto?,alguém sabe informar prazo entrega produto,Neutro,0.0063,0.005,0.0,0.995
"A bolsa tem cor azul e branca, conforme o anúncio.",bolsa cor azul branca conforme anúncio,Neutro,0.0068,0.005,0.0,0.995
"Atendimento horrível, ninguém resolve nada.",atendimento horrível ninguém resolve nada,Negativo,-0.5162,0.0,0.353,0.647
"A loja fica aberta até as 22h, segundo o site.",loja fica aberta até segundo site,Neutro,0.0231,0.023,0.0,0.977
"Voltarei a comprar com certeza, de primeira qualidade!",voltarei comprar certeza primeira qualidade,Positivo,0.6648,0.584,0.0,0.416
"Péssimo o atendimento, não recomendo.",péssimo atendimento recomendo,Negativo,-0.6881,0.0,0.52,0.48
Alguém sabe informar o prazo de entrega de o pedido?,alguém sabe informar prazo entrega pedido,Neutro,0.0215,0.02,0.0,0.98
"O eletrodoméstico superou minhas expectativas, muito bom!",eletrodoméstico superou expectativas bom,Positivo,0.7979,0.56,0.0,0.44
"Comprei o brinquedo e chegou rápido, super satisfeito!",comprei brinquedo chegou rápido super satisfeito,Positivo,0.8806,0.82,0.0,0.18
"Péssimo o atendimento, não recomendo.",péssimo atendimento recomendo,Negativo,-0.6744,0.0,0.479,0.521
"Equipe de primeira qualidade, super recomendo essa marca!",equipe primeira qualidade super recomendo marca,Positivo,0.8047,0.668,0.0,0.332
Estou pesquisando opiniões sobre o site antes de comprar.,estou pesquisando opiniões sobre site antes comprar,Neutro,-0.0355,0.0,0.023,0.977
Fui até a loja física para trocar o livro.,fui até loja física trocar livro,Neutro,-0.0367,0.0,0.027,0.973
Fui até a loja física para trocar a blusa.,fui até loja física trocar blusa,Neutro,0.0016,0.001,0.0,0.999
"O pedido veio com defeito, muito decepcionado.",pedido veio defeito decepcionado,Negativo,-0.539,0.0,0.395,0.605
Vi a propaganda da marca na TV hoje.,propaganda marca hoje,Neutro,-0.0471,0.0,0.044,0.956
Melhor experiência que já tive com o prazo de entrega.,melhor experiência prazo entrega,Positivo,0.8527,0.624,0.0,0.376
"Péssimo o site, não recomendo.",péssimo site recomendo,Negativo,-0.5055,0.0,0.342,0.658
"A blusa é maravilhoso, adorei demais!",blusa maravilhoso adorei demais,Positivo,0.7288,0.695,0.0,0.305
"Que compra ruim, o celular veio quebrado.",compra ruim celular veio quebrado,Negativo,-0.5036,0.0,0.488,0.512
Fui até a loja física para trocar o produto.,fui até loja física trocar produto,Neutro,-0.0375,0.0,0.028,0.972
"Muito ruim a qualidade, experiência péssima.",ruim qualidade experiência péssima,Negativo,-0.7859,0.0,0.564,0.436
Melhor experiência que já tive com o app.,melhor experiência app,Positivo,0.6127,0.415,0.0,0.585
"O brinquedo superou minhas expectativas, muito bom!",brinquedo superou expectativas bom,Positivo,0.7246,0.63,0.0,0.37
"A compra veio com defeito, muito decepcionado.",compra veio defeito decepcionado,Negativo,-0.5336,0.0,0.52,0.48
"Equipe impecável, super recomendo essa marca!",equipe impecável super recomendo marca,Positivo,0.8261,0.555,0.0,0.445
"Atendimento nota 10, resolveram meu problema rapidinho.",atendimento nota resolveram problema rapidinho,Positivo,0.4882,0.295,0.0,0.705
"Que ótima experiência de compra, tudo maravilhoso!",ótima experiência compra tudo maravilhoso,Positivo,0.7338,0.632,0.0,0.368
Estou pesquisando opiniões sobre a experiência de compra antes de comprar.,estou pesquisando opiniões sobre experiência compra antes comprar,Neutro,0.0408,0.026,0.0,0.974
"Comprei o brinquedo e chegou rápido, super satisfeito!",comprei brinquedo chegou rápido super satisfeito,Positivo,0.8073,0.63,0.0,0.37
"Comprei o relógio e chegou rápido, super satisfeito!",comprei relógio chegou rápido super satisfeito,Positivo,0.5676,0.42,0.0,0.58
"Adorei a embalagem da marca, muito de primeira qualidade!",adorei embalagem marca primeira qualidade,Positivo,0.8577,0.759,0.0,0.241
"Nunca mais compro dessa marca, demorou semanas para resolver.",nunca compro dessa marca demorou semanas resolver,Negativo,-0.8376,0.0,0.523,0.477
Qual a diferença entre o produto e o modelo anterior?,diferença entre produto modelo anterior,Neutro,0.004,0.003,0.0,0.997
"Produto de baixa qualidade, dinheiro jogado fora.",produto baixa qualidade dinheiro jogado fora,Negativo,-0.5565,0.0,0.389,0.611
"Comprei o livro ontem, ainda vou testar.",comprei livro ontem ainda vou testar,Neutro,-0.0474,0.0,0.039,0.961
"Entrega atrasou muito, o produto quebrou em uma semana.",entrega atrasou produto quebrou semana,Negativo,-0.8296,0.0,0.64,0.36
Vi a propaganda da marca na TV hoje.,propaganda marca hoje,Neutro,-0.0105,0.0,0.007,0.993
"Ótimo o atendimento, estou muito feliz com a compra!",ótimo atendimento estou feliz compra,Positivo,0.8502,0.575,0.0,0.425
Extremamente decepcionado com o celular.,extremamente decepcionado celular,Negativo,-0.5681,0.0,0.478,0.522
"Adorei o app da marca, muito muito profissional!",adorei app marca profissional,Positivo,0.4321,0.416,0.0,0.584
"O suporte impecável, virei cliente fiel dessa marca.",suporte impecável virei cliente fiel dessa marca,Positivo,0.818,0.586,0.0,0.414
"Péssimo a entrega, não recomendo.",péssimo entrega recomendo,Negativo,-0.4677,0.0,0.296,0.704
"Muito bom o tênis, ficou perfeito, adorei o resultado!",bom tênis ficou perfeito adorei resultado,Positivo,0.6313,0.445,0.0,0.555
"Muito ruim a entrega, experiência péssima.",ruim entrega experiência péssima,Negativo,-0.6042,0.0,0.511,0.489
"O site horrível, ninguém respondeu meus e-mails.",site horrível ninguém respondeu emails,Negativo,-0.5307,0.0,0.499,0.501
"Que ótima experiência de compra, tudo maravilhoso!",ótima experiência compra tudo maravilhoso,Positivo,0.8041,0.649,0.0,0.351
"Entrega atrasou muito, demorou semanas para resolver.",entrega atrasou demorou semanas resolver,Negativo,-0.8385,0.0,0.533,0.467
"Muito ruim a entrega, experiência péssima.",ruim entrega experiência péssima,Negativo,-0.6463,0.0,0.576,0.424
Estou pesquisando opiniões sobre a entrega antes de comprar.,estou pesquisando opiniões sobre entrega antes comprar,Neutro,0.0,0.0,0.0,1.0
"Serviço ruim, atendimento péssimo, não voltarei.",serviço ruim atendimento péssimo voltarei,Negativo,-0.8442,0.0,0.674,0.326
Vi a propaganda da marca na TV hoje.,propaganda marca hoje,Neutro,-0.0415,0.0,0.04,0.96
"Atendimento horrível, ninguém resolve nada.",atendimento horrível ninguém resolve nada,Negativo,-0.6692,0.0,0.429,0.571
"O atendimento impecável, virei cliente fiel dessa marca.",atendimento impecável virei cliente fiel dessa marca,Positivo,0.8028,0.782,0.0,0.218
"Entrega atrasou muito, demorou semanas para resolver.",entrega atrasou demorou semanas resolver,Negativo,-0.4558,0.0,0.279,0.721
"Que compra ruim, a bolsa veio quebrado.",compra ruim bolsa veio quebrado,Negativo,-0.7477,0.0,0.731,0.269
"Não indico essa marca pra ninguém, ninguém respondeu meus e-mails.",indico marca pra ninguém ninguém respondeu emails,Negativo,-0.6509,0.0,0.61,0.39
"Serviço ruim, atendimento péssimo, não voltarei.",serviço ruim atendimento péssimo voltarei,Negativo,-0.6703,0.0,0.433,0.567
"A loja fica aberta até as 22h, segundo o site.",loja fica aberta até segundo site,Neutro,0.0107,0.009,0.0,0.991
"A loja fica aberta até as 22h, segundo o site.",loja fica aberta até segundo site,Neutro,0.0057,0.004,0.0,0.996
Vi a propaganda da marca na TV hoje.,propaganda marca hoje,Neutro,0.0084,0.005,0.0,0.995
A blusa chegou no prazo previsto.,blusa chegou prazo previsto,Neutro,-0.034,0.0,0.027,0.973
"Comprei o tênis ontem, ainda vou testar.",comprei tênis ontem ainda vou testar,Neutro,-0.0056,0.0,0.006,0.994
"Atendimento horrível, ninguém resolve nada.",atendimento horrível ninguém resolve nada,Negativo,-0.4944,0.0,0.437,0.563
"Muito bom o livro, ficou perfeito, adorei o resultado!",bom livro ficou perfeito adorei resultado,Positivo,0.7886,0.581,0.0,0.419
"Serviço ruim, atendimento péssimo, não voltarei.",serviço ruim atendimento péssimo voltarei,Negativo,-0.6394,0.0,0.55,0.45
"Comprei a compra ontem, ainda vou testar.",comprei compra ontem ainda vou testar,Neutro,-0.0034,0.0,0.003,0.997
"Comprei o celular e chegou rápido, super satisfeito!",comprei celular chegou rápido super satisfeito,Positivo,0.4885,0.438,0.0,0.562
"Comprei o notebook ontem, ainda vou testar.",comprei notebook ontem ainda vou testar,Neutro,-0.0284,0.0,0.022,0.978
"Suporte não responde, estou muito insatisfeito.",suporte responde estou insatisfeito,Negativo,-0.6516,0.0,0.47,0.53
"Péssimo a entrega, não recomendo.",péssimo entrega recomendo,Negativo,-0.7988,0.0,0.748,0.252
"A entrega impecável, virei cliente fiel dessa marca.",entrega impecável virei cliente fiel dessa marca,Positivo,0.67,0.665,0.0,0.335
Alguém sabe informar o prazo de entrega de o produto?,alguém sabe informar prazo entrega produto,Neutro,-0.0113,0.0,0.009,0.991
"Simplesmente incrível, o suporte sensacional!",simplesmente incrível suporte sensacional,Positivo,0.4847,0.321,0.0,0.679
Extremamente decepcionado com o celular.,extremamente decepcionado celular,Negativo,-0.7191,0.0,0.489,0.511
"Adorei o suporte da marca, muito rápido e eficiente!",adorei suporte marca rápido eficiente,Positivo,0.6091,0.538,0.0,0.462
"A experiência de compra impecável, virei cliente fiel dessa marca.",experiência compra impecável virei cliente fiel dessa marca,Positivo,0.8048,0.538,0.0,0.462
"A blusa veio com defeito, muito decepcionado.",blusa veio defeito decepcionado,Negativo,-0.6919,0.0,0.642,0.358
"Terrível, simplesmente terrível essa experiência.",terrível simplesmente terrível experiência,Negativo,-0.5408,0.0,0.443,0.557
"O celular veio com defeito, muito decepcionado.",celular veio defeito decepcionado,Negativo,-0.7703,0.0,0.658,0.342
"A loja fica aberta até as 22h, segundo o site.",loja fica aberta até segundo site,Neutro,-0.0349,0.0,0.022,0.978
Alguém sabe informar o prazo de entrega de o fone de ouvido?,alguém sabe informar prazo entrega fone ouvido,Neutro,-0.0321,0.0,0.026,0.974
"Muito ruim a qualidade, experiência péssima.",ruim qualidade experiência péssima,Negativo,-0.519,0.0,0.414,0.586
"O produto veio com defeito, muito decepcionado.",produto veio defeito decepcionado,Negativo,-0.5877,0.0,0.586,0.414
"O preço impecável, virei cliente fiel dessa marca.",preço impecável virei cliente fiel dessa marca,Positivo,0.4204,0.309,0.0,0.691
"Muito ruim o preço, experiência péssima.",ruim preço experiência péssima,Negativo,-0.6529,0.0,0.541,0.459
Vi a propaganda da marca na TV hoje.,propaganda marca hoje,Neutro,-0.0423,0.0,0.033,0.967
O produto chegou no prazo previsto.,produto chegou prazo previsto,Neutro,-0.0072,0.0,0.006,0.994
"Nunca mais compro dessa marca, a caixa chegou toda amassada.",nunca compro dessa marca caixa chegou toda amassada,Negativo,-0.6114,0.0,0.387,0.613
"Voltarei a comprar com certeza, rápido e eficiente!",voltarei comprar certeza rápido eficiente,Positivo,0.6208,0.374,0.0,0.626
"Simplesmente incrível, o preço sensacional!",simplesmente incrível preço sensacional,Positivo,0.8145,0.58,0.0,0.42
"Voltarei a comprar com certeza, de primeira qualidade!",voltarei comprar certeza primeira qualidade,Positivo,0.6318,0.415,0.0,0.585
"Que ótima experiência de compra, tudo maravilhoso!",ótima experiência compra tudo maravilhoso,Positivo,0.8282,0.807,0.0,0.193
"Que compra ruim, o perfume veio quebrado.",compra ruim perfume veio quebrado,Negativo,-0.477,0.0,0.309,0.691
"Serviço ruim, atendimento péssimo, não voltarei.",serviço ruim atendimento péssimo voltarei,Negativo,-0.5538,0.0,0.337,0.663
Extremamente decepcionado com o produto.,extremamente decepcionado produto,Negativo,-0.4965,0.0,0.344,0.656
"O fone de ouvido é horrível, não vale o preço, decepção total.",fone ouvido horrível vale preço decepção total,Negativo,-0.5883,0.0,0.51,0.49
"Não indico essa marca pra ninguém, veio tudo errado.",indico marca pra ninguém veio tudo errado,Negativo,-0.4079,0.0,0.361,0.639
"Terrível, simplesmente terrível essa experiência.",terrível simplesmente terrível experiência,Negativo,-0.7637,0.0,0.702,0.298
"O suporte impecável, virei cliente fiel dessa marca.",suporte impecável virei cliente fiel dessa marca,Positivo,0.4385,0.392,0.0,0.608
"Voltarei a comprar com certeza, impecável!",voltarei comprar certeza impecável,Positivo,0.8815,0.658,0.0,0.342
"Suporte não responde, estou muito insatisfeito.",suporte responde estou insatisfeito,Negativo,-0.6469,0.0,0.589,0.411
"O perfume veio com defeito, muito decepcionado.",perfume veio defeito decepcionado,Negativo,-0.5675,0.0,0.548,0.452
"Serviço ruim, atendimento péssimo, não voltarei.",serviço ruim atendimento péssimo voltarei,Negativo,-0.6092,0.0,0.383,0.617
"Péssimo a experiência de compra, não recomendo.",péssimo experiência compra recomendo,Negativo,-0.6644,0.0,0.628,0.372
"Ótimo o preço, estou muito feliz com a compra!",ótimo preço estou feliz compra,Positivo,0.5794,0.505,0.0,0.495
"Simplesmente incrível, o site sensacional!",simplesmente incrível site sensacional,Positivo,0.4818,0.349,0.0,0.651
"Comprei o produto ontem, ainda vou testar.",comprei produto ontem ainda vou testar,Neutro,-0.0444,0.0,0.034,0.966
Estou pesquisando opiniões sobre a experiência de compra antes de comprar.,estou pesquisando opiniões sobre experiência compra antes comprar,Neutro,0.0264,0.023,0.0,0.977
"Muito satisfeito com a bicicleta, vale cada centavo.",satisfeito bicicleta vale cada centavo,Positivo,0.5443,0.37,0.0,0.63
"A entrega horrível, a caixa chegou toda amassada.",entrega horrível caixa chegou toda amassada,Negativo,-0.6297,0.0,0.416,0.584
"Não indico essa marca pra ninguém, o produto quebrou em uma semana.",indico marca pra ninguém produto quebrou semana,Negativo,-0.6618,0.0,0.627,0.373
Vi a propaganda da marca na TV hoje.,propaganda marca hoje,Neutro,-0.0427,0.0,0.031,0.969
"Recebi o pedido, embalagem estava ok.",recebi pedido embalagem estava,Neutro,0.0415,0.034,0.0,0.966
"Atendimento nota 10, resolveram meu problema rapidinho.",atendimento nota resolveram problema rapidinho,Positivo,0.4133,0.373,0.0,0.627
"O preço horrível, demorou semanas para resolver.",preço horrível demorou semanas resolver,Negativo,-0.5717,0.0,0.551,0.449
"Muito satisfeito com a bolsa, vale cada centavo.",satisfeito bolsa vale cada centavo,Positivo,0.5345,0.464,0.0,0.536
"A bolsa é maravilhoso, adorei demais!",bolsa maravilhoso adorei demais,Positivo,0.7343,0.471,0.0,0.529
Estou pesquisando opiniões sobre o atendimento antes de comprar.,estou pesquisando opiniões sobre atendimento antes comprar,Neutro,0.0325,0.025,0.0,0.975
"O pedido é maravilhoso, adorei demais!",pedido maravilhoso adorei demais,Positivo,0.8086,0.55,0.0,0.45
Fui até a loja física para trocar a bolsa.,fui até loja física trocar bolsa,Neutro,0.0056,0.005,0.0,0.995
"A loja fica aberta até as 22h, segundo o site.",loja fica aberta até segundo site,Neutro,0.0473,0.037,0.0,0.963
"Atendimento horrível, ninguém resolve nada.",atendimento horrível ninguém resolve nada,Negativo,-0.7763,0.0,0.628,0.372
"Recebi o pedido, embalagem estava ok.",recebi pedido embalagem estava,Neutro,-0.0194,0.0,0.018,0.982
Vi a propaganda da marca na TV hoje.,propaganda marca hoje,Neutro,0.028,0.017,0.0,0.983
"Que compra ruim, o notebook veio quebrado.",compra ruim notebook veio quebrado,Negativo,-0.6088,0.0,0.532,0.468
"Terrível, simplesmente terrível essa experiência.",terrível simplesmente terrível experiência,Negativo,-0.593,0.0,0.572,0.428
"Muito satisfeito com o perfume, vale cada centavo.",satisfeito perfume vale cada centavo,Positivo,0.4072,0.378,0.0,0.622
"A loja fica aberta até as 22h, segundo o site.",loja fica aberta até segundo site,Neutro,0.0047,0.003,0.0,0.997
"Comprei o tênis ontem, ainda vou testar.",comprei tênis ontem ainda vou testar,Neutro,0.0323,0.031,0.0,0.969
"Simplesmente incrível, a entrega sensacional!",simplesmente incrível entrega sensacional,Positivo,0.748,0.669,0.0,0.331
"Péssimo o preço, não recomendo.",péssimo preço recomendo,Negativo,-0.7699,0.0,0.7,0.3
"Terrível, simplesmente terrível essa experiência.",terrível simplesmente terrível experiência,Negativo,-0.4149,0.0,0.347,0.653
Vi a propaganda da marca na TV hoje.,propaganda marca hoje,Neutro,-0.0413,0.0,0.031,0.969
"Muito bom o livro, ficou perfeito, adorei o resultado!",bom livro ficou perfeito adorei resultado,Positivo,0.4435,0.287,0.0,0.713
"Voltarei a comprar com certeza, rápido e eficiente!",voltarei comprar certeza rápido eficiente,Positivo,0.5053,0.483,0.0,0.517
"Comprei o eletrodoméstico ontem, ainda vou testar.",comprei eletrodoméstico ontem ainda vou testar,Neutro,-0.0415,0.0,0.034,0.966
"Simplesmente incrível, o suporte sensacional!",simplesmente incrível suporte sensacional,Positivo,0.636,0.462,0.0,0.538
"A bicicleta tem cor azul e branca, conforme o anúncio.",bicicleta cor azul branca conforme anúncio,Neutro,0.0192,0.014,0.0,0.986
"A blusa é horrível, não vale o preço, decepção total.",blusa horrível vale preço decepção total,Negativo,-0.8984,0.0,0.88,0.12
"Ótimo o suporte, estou muito feliz com a compra!",ótimo suporte estou feliz compra,Positivo,0.476,0.318,0.0,0.682
"Equipe super atencioso, super recomendo essa marca!",equipe super atencioso super recomendo marca,Positivo,0.511,0.383,0.0,0.617
"Muito satisfeito com o livro, vale cada centavo.",satisfeito livro vale cada centavo,Positivo,0.4644,0.356,0.0,0.644
Vi a propaganda da marca na TV hoje.,propaganda marca hoje,Neutro,-0.0282,0.0,0.017,0.983
"A blusa é maravilhoso, adorei demais!",blusa maravilhoso adorei demais,Positivo,0.5843,0.551,0.0,0.449
"O eletrodoméstico superou minhas expectativas, muito bom!",eletrodoméstico superou expectativas bom,Positivo,0.4414,0.429,0.0,0.571
"Atendimento horrível, ninguém resolve nada.",atendimento horrível ninguém resolve nada,Negativo,-0.7957,0.0,0.773,0.227
"Atendimento nota 10, resolveram meu problema rapidinho.",atendimento nota resolveram problema rapidinho,Positivo,0.6121,0.395,0.0,0.605
"Entrega atrasou muito, demorou semanas para resolver.",entrega atrasou demorou semanas resolver,Negativo,-0.476,0.0,0.362,0.638
"Adorei o suporte da marca, muito impecável!",adorei suporte marca impecável,Positivo,0.5773,0.351,0.0,0.649
"A bolsa tem cor azul e branca, conforme o anúncio.",bolsa cor azul branca conforme anúncio,Neutro,0.0327,0.024,0.0,0.976
Qual a diferença entre o tênis e o modelo anterior?,diferença entre tênis modelo anterior,Neutro,-0.0186,0.0,0.015,0.985
"Comprei o celular e chegou rápido, super satisfeito!",comprei celular chegou rápido super satisfeito,Positivo,0.4909,0.336,0.0,0.664
"O brinquedo é horrível, não vale o preço, decepção total.",brinquedo horrível vale preço decepção total,Negativo,-0.5983,0.0,0.481,0.519
"Atendimento horrível, ninguém resolve nada.",atendimento horrível ninguém resolve nada,Negativo,-0.6758,0.0,0.668,0.332
Alguém sabe informar o prazo de entrega de o eletrodoméstico?,alguém sabe informar prazo entrega eletrodoméstico,Neutro,0.0355,0.021,0.0,0.979
"Nunca mais compro dessa marca, a caixa chegou toda amassada.",nunca compro dessa marca caixa chegou toda amassada,Negativo,-0.8909,0.0,0.593,0.407
Qual a diferença entre o eletrodoméstico e o modelo anterior?,diferença entre eletrodoméstico modelo anterior,Neutro,-0.044,0.0,0.027,0.973
"Adorei o app da marca, muito de primeira qualidade!",adorei app marca primeira qualidade,Positivo,0.5941,0.371,0.0,0.629
"O livro superou minhas expectativas, muito bom!",livro superou expectativas bom,Positivo,0.6444,0.45,0.0,0.55
O perfume chegou no prazo previsto.,perfume chegou prazo previsto,Neutro,0.0119,0.011,0.0,0.989
"Serviço ruim, atendimento péssimo, não voltarei.",serviço ruim atendimento péssimo voltarei,Negativo,-0.7981,0.0,0.651,0.349
"O fone de ouvido é horrível, não vale o preço, decepção total.",fone ouvido horrível vale preço decepção total,Negativo,-0.8939,0.0,0.629,0.371
"Comprei o perfume ontem, ainda vou testar.",comprei perfume ontem ainda vou testar,Neutro,-0.0229,0.0,0.015,0.985
"O atendimento horrível, cobraram duas vezes no cartão.",atendimento horrível cobraram duas vezes cartão,Negativo,-0.8392,0.0,0.511,0.489
"Voltarei a comprar com certeza, impecável!",voltarei comprar certeza impecável,Positivo,0.6443,0.392,0.0,0.608
Melhor experiência que já tive com o app.,melhor experiência app,Positivo,0.8521,0.813,0.0,0.187
"Péssimo a experiência de compra, não recomendo.",péssimo experiência compra recomendo,Negativo,-0.8239,0.0,0.606,0.394
"A loja fica aberta até as 22h, segundo o site.",loja fica aberta até segundo site,Neutro,0.016,0.012,0.0,0.988
"Terrível, simplesmente terrível essa experiência.",terrível simplesmente terrível experiência,Negativo,-0.4402,0.0,0.307,0.693
"Que ótima experiência de compra, tudo maravilhoso!",ótima experiência compra tudo maravilhoso,Positivo,0.6261,0.61,0.0,0.39
"O celular é maravilhoso, adorei demais!",celular maravilhoso adorei demais,Positivo,0.671,0.423,0.0,0.577
"O produto é horrível, não vale o preço, decepção total.",produto horrível vale preço decepção total,Negativo,-0.4967,0.0,0.424,0.576
"Nunca mais compro dessa marca, veio tudo errado.",nunca compro dessa marca veio tudo errado,Negativo,-0.6836,0.0,0.571,0.429
"Voltarei a comprar com certeza, de primeira qualidade!",voltarei comprar certeza primeira qualidade,Positivo,0.6278,0.377,0.0,0.623
"Nunca mais compro dessa marca, demorou semanas para resolver.",nunca compro dessa marca demorou semanas resolver,Negativo,-0.4959,0.0,0.415,0.585
"A loja fica aberta até as 22h, segundo o site.",loja fica aberta até segundo site,Neutro,0.0036,0.003,0.0,0.997
Estou pesquisando opiniões sobre o prazo de entrega antes de comprar.,estou pesquisando opiniões sobre prazo entrega antes comprar,Neutro,-0.0237,0.0,0.022,0.978
"Muito ruim o site, experiência péssima.",ruim site experiência péssima,Negativo,-0.7864,0.0,0.554,0.446
"Serviço ruim, atendimento péssimo, não voltarei.",serviço ruim atendimento péssimo voltarei,Negativo,-0.4538,0.0,0.3,0.7
"Péssimo a experiência de compra, não recomendo.",péssimo experiência compra recomendo,Negativo,-0.6141,0.0,0.589,0.411
"Ótimo o suporte, estou muito feliz com a compra!",ótimo suporte estou feliz compra,Positivo,0.4648,0.357,0.0,0.643
"O pedido tem cor azul e branca, conforme o anúncio.",pedido cor azul branca conforme anúncio,Neutro,-0.0222,0.0,0.016,0.984
Fui até a loja física para trocar o brinquedo.,fui até loja física trocar brinquedo,Neutro,-0.0126,0.0,0.008,0.992
"Simplesmente incrível, o site sensacional!",simplesmente incrível site sensacional,Positivo,0.8555,0.541,0.0,0.459
"O brinquedo superou minhas expectativas, muito bom!",brinquedo superou expectativas bom,Positivo,0.7882,0.776,0.0,0.224
"A bicicleta é maravilhoso, adorei demais!",bicicleta maravilhoso adorei demais,Positivo,0.601,0.361,0.0,0.639
Alguém sabe informar o prazo de entrega de o relógio?,alguém sabe informar prazo entrega relógio,Neutro,-0.0253,0.0,0.023,0.977
"Muito ruim a embalagem, experiência péssima.",ruim embalagem experiência péssima,Negativo,-0.755,0.0,0.625,0.375
"Não indico essa marca pra ninguém, demorou semanas para resolver.",indico marca pra ninguém demorou semanas resolver,Negativo,-0.7675,0.0,0.658,0.342
Extremamente decepcionado com o fone de ouvido.,extremamente decepcionado fone ouvido,Negativo,-0.7441,0.0,0.691,0.309
A compra chegou no prazo previsto.,compra chegou prazo previsto,Neutro,-0.0474,0.0,0.039,0.961
"Produto de baixa qualidade, dinheiro jogado fora.",produto baixa qualidade dinheiro jogado fora,Negativo,-0.4246,0.0,0.363,0.637
"O perfume é horrível, não vale o preço, decepção total.",perfume horrível vale preço decepção total,Negativo,-0.8862,0.0,0.562,0.438
O brinquedo chegou no prazo previsto.,brinquedo chegou prazo previsto,Neutro,-0.0365,0.0,0.028,0.972
"Não indico essa marca pra ninguém, cobraram duas vezes no cartão.",indico marca pra ninguém cobraram duas vezes cartão,Negativo,-0.5612,0.0,0.501,0.499
Vi a propaganda da marca na TV hoje.,propaganda marca hoje,Neutro,0.0335,0.028,0.0,0.972
"Entrega atrasou muito, veio tudo errado.",entrega atrasou veio tudo errado,Negativo,-0.7476,0.0,0.563,0.437
Vi a propaganda da marca na TV hoje.,propaganda marca hoje,Neutro,-0.0029,0.0,0.003,0.997
"O pedido é maravilhoso, adorei demais!",pedido maravilhoso adorei demais,Positivo,0.515,0.407,0.0,0.593
Melhor experiência que já tive com a embalagem.,melhor experiência embalagem,Positivo,0.4506,0.306,0.0,0.694
Qual a diferença entre o notebook e o modelo anterior?,diferença entre notebook modelo anterior,Neutro,0.0168,0.01,0.0,0.99
Fui até a loja física para trocar o celular.,fui até loja física trocar celular,Neutro,0.0489,0.038,0.0,0.962
Melhor experiência que já tive com a qualidade.,melhor experiência qualidade,Positivo,0.6317,0.585,0.0,0.415
"Atendimento horrível, ninguém resolve nada.",atendimento horrível ninguém resolve nada,Negativo,-0.7097,0.0,0.485,0.515
Estou pesquisando opiniões sobre a embalagem antes de comprar.,estou pesquisando opiniões sobre embalagem antes comprar,Neutro,-0.03,0.0,0.025,0.975
"Simplesmente incrível, o suporte sensacional!",simplesmente incrível suporte sensacional,Positivo,0.7512,0.598,0.0,0.402
"Entrega atrasou muito, o produto quebrou em uma semana.",entrega atrasou produto quebrou semana,Negativo,-0.5489,0.0,0.449,0.551
"Entrega atrasou muito, o produto quebrou em uma semana.",entrega atrasou produto quebrou semana,Negativo,-0.7517,0.0,0.645,0.355
"Comprei a blusa ontem, ainda vou testar.",comprei blusa ontem ainda vou testar,Neutro,0.0305,0.019,0.0,0.981
"Que ótima experiência de compra, tudo maravilhoso!",ótima experiência compra tudo maravilhoso,Positivo,0.717,0.535,0.0,0.465
"O atendimento horrível, a caixa chegou toda amassada.",atendimento horrível caixa chegou toda amassada,Negativo,-0.6674,0.0,0.596,0.404
A bicicleta chegou no prazo previsto.,bicicleta chegou prazo previsto,Neutro,0.0044,0.003,0.0,0.997
"Que ótima experiência de compra, tudo maravilhoso!",ótima experiência compra tudo maravilhoso,Positivo,0.7988,0.562,0.0,0.438
Qual a diferença entre o relógio e o modelo anterior?,diferença entre relógio modelo anterior,Neutro,-0.0108,0.0,0.008,0.992
"A compra é horrível, não vale o preço, decepção total.",compra horrível vale preço decepção total,Negativo,-0.5195,0.0,0.506,0.494
"Ótimo o suporte, estou muito feliz com a compra!",ótimo suporte estou feliz compra,Positivo,0.8655,0.598,0.0,0.402
"Entrega atrasou muito, ninguém respondeu meus e-mails.",entrega atrasou ninguém respondeu emails,Negativo,-0.8805,0.0,0.57,0.43
Melhor experiência que já tive com o preço.,melhor experiência preço,Positivo,0.6162,0.433,0.0,0.567
Qual a diferença entre o livro e o modelo anterior?,diferença entre livro modelo anterior,Neutro,-0.0023,0.0,0.001,0.999
"Equipe de primeira qualidade, super recomendo essa marca!",equipe primeira qualidade super recomendo marca,Positivo,0.5637,0.349,0.0,0.651
"Que ótima experiência de compra, tudo maravilhoso!",ótima experiência compra tudo maravilhoso,Positivo,0.8322,0.811,0.0,0.189
Vi a propaganda da marca na TV hoje.,propaganda marca hoje,Neutro,0.0162,0.011,0.0,0.989
"Simplesmente incrível, a qualidade sensacional!",simplesmente incrível qualidade sensacional,Positivo,0.7954,0.665,0.0,0.335
"Muito satisfeito com o fone de ouvido, vale cada centavo.",satisfeito fone ouvido vale cada centavo,Positivo,0.7987,0.576,0.0,0.424
"Péssimo o site, não recomendo.",péssimo site recomendo,Negativo,-0.8314,0.0,0.824,0.176
"O brinquedo tem cor azul e branca, conforme o anúncio.",brinquedo cor azul branca conforme anúncio,Neutro,0.0449,0.042,0.0,0.958
Vi a propaganda da marca na TV hoje.,propaganda marca hoje,Neutro,-0.0399,0.0,0.033,0.967
"O perfume é maravilhoso, adorei demais!",perfume maravilhoso adorei demais,Positivo,0.578,0.408,0.0,0.592
"Equipe muito profissional, super recomendo essa marca!",equipe profissional super recomendo marca,Positivo,0.623,0.469,0.0,0.531
"Suporte não responde, estou muito insatisfeito.",suporte responde estou insatisfeito,Negativo,-0.4935,0.0,0.309,0.691
O pedido chegou no prazo previsto.,pedido chegou prazo previsto,Neutro,0.0362,0.03,0.0,0.97
Qual a diferença entre a compra e o modelo anterior?,diferença entre compra modelo anterior,Neutro,0.0071,0.006,0.0,0.994
"Muito satisfeito com o eletrodoméstico, vale cada centavo.",satisfeito eletrodoméstico vale cada centavo,Positivo,0.5965,0.564,0.0,0.436
"A loja fica aberta até as 22h, segundo o site.",loja fica aberta até segundo site,Neutro,-0.0454,0.0,0.033,0.967
"O eletrodoméstico tem cor azul e branca, conforme o anúncio.",eletrodoméstico cor azul branca conforme anúncio,Neutro,-0.0492,0.0,0.032,0.968
"Não indico essa marca pra ninguém, cobraram duas vezes no cartão.",indico marca pra ninguém cobraram duas vezes cartão,Negativo,-0.8668,0.0,0.71,0.29
"Entrega atrasou muito, cobraram duas vezes no cartão.",entrega atrasou cobraram duas vezes cartão,Negativo,-0.7263,0.0,0.559,0.441
"A compra superou minhas expectativas, muito bom!",compra superou expectativas bom,Positivo,0.6139,0.459,0.0,0.541
"Suporte não responde, estou muito insatisfeito.",suporte responde estou insatisfeito,Negativo,-0.5525,0.0,0.418,0.582
"Produto de baixa qualidade, dinheiro jogado fora.",produto baixa qualidade dinheiro jogado fora,Negativo,-0.6332,0.0,0.453,0.547
"Excelente a embalagem, recomendo a todos!",excelente embalagem recomendo todos,Positivo,0.7718,0.699,0.0,0.301
Melhor experiência que já tive com o suporte.,melhor experiência suporte,Positivo,0.797,0.53,0.0,0.47
"Muito bom o produto, ficou perfeito, adorei o resultado!",bom produto ficou perfeito adorei resultado,Positivo,0.8936,0.666,0.0,0.334
Qual a diferença entre o relógio e o modelo anterior?,diferença entre relógio modelo anterior,Neutro,0.0383,0.03,0.0,0.97
"O brinquedo é maravilhoso, adorei demais!",brinquedo maravilhoso adorei demais,Positivo,0.4325,0.302,0.0,0.698
O produto chegou no prazo previsto.,produto chegou prazo previsto,Neutro,-0.0095,0.0,0.006,0.994
"A blusa tem cor azul e branca, conforme o anúncio.",blusa cor azul branca conforme anúncio,Neutro,0.0344,0.029,0.0,0.971
Estou pesquisando opiniões sobre o preço antes de comprar.,estou pesquisando opiniões sobre preço antes comprar,Neutro,0.0167,0.015,0.0,0.985
"O livro tem cor azul e branca, conforme o anúncio.",livro cor azul branca conforme anúncio,Neutro,-0.0472,0.0,0.038,0.962
"A loja fica aberta até as 22h, segundo o site.",loja fica aberta até segundo site,Neutro,-0.0099,0.0,0.007,0.993
"Entrega atrasou muito, cobraram duas vezes no cartão.",entrega atrasou cobraram duas vezes cartão,Negativo,-0.7343,0.0,0.481,0.519
"A bicicleta veio com defeito, muito decepcionado.",bicicleta veio defeito decepcionado,Negativo,-0.8599,0.0,0.767,0.233
"O fone de ouvido é maravilhoso, adorei demais!",fone ouvido maravilhoso adorei demais,Positivo,0.5161,0.467,0.0,0.533
"Voltarei a comprar com certeza, acima da expectativa!",voltarei comprar certeza acima expectativa,Positivo,0.6615,0.605,0.0,0.395
Extremamente decepcionado com o livro.,extremamente decepcionado livro,Negativo,-0.5527,0.0,0.381,0.619
"Recebi o produto, embalagem estava ok.",recebi produto embalagem estava,Neutro,0.0174,0.015,0.0,0.985
A blusa chegou no prazo previsto.,blusa chegou prazo previsto,Neutro,-0.0266,0.0,0.019,0.981
"Péssimo a experiência de compra, não recomendo.",péssimo experiência compra recomendo,Negativo,-0.7441,0.0,0.671,0.329
"Entrega atrasou muito, veio tudo errado.",entrega atrasou veio tudo errado,Negativo,-0.6596,0.0,0.494,0.506
"Adorei o preço da marca, muito muito profissional!",adorei preço marca profissional,Positivo,0.4091,0.261,0.0,0.739
"Suporte não responde, estou muito insatisfeito.",suporte responde estou insatisfeito,Negativo,-0.8094,0.0,0.541,0.459
"Excelente a embalagem, recomendo a todos!",excelente embalagem recomendo todos,Positivo,0.5153,0.344,0.0,0.656
"Não indico essa marca pra ninguém, o produto quebrou em uma semana.",indico marca pra ninguém produto quebrou semana,Negativo,-0.8943,0.0,0.643,0.357
Estou pesquisando opiniões sobre o site antes de comprar.,estou pesquisando opiniões sobre site antes comprar,Neutro,0.0331,0.029,0.0,0.971
"Nunca mais compro dessa marca, veio tudo errado.",nunca compro dessa marca veio tudo errado,Negativo,-0.8689,0.0,0.856,0.144
"Muito satisfeito com o livro, vale cada centavo.",satisfeito livro vale cada centavo,Positivo,0.5728,0.498,0.0,0.502
Qual a diferença entre a bolsa e o modelo anterior?,diferença entre bolsa modelo anterior,Neutro,0.0441,0.031,0.0,0.969
A compra chegou no prazo previsto.,compra chegou prazo previsto,Neutro,-0.023,0.0,0.023,0.977
"Ótimo o preço, estou muito feliz com a compra!",ótimo preço estou feliz compra,Positivo,0.7156,0.435,0.0,0.565
"Atendimento nota 10, resolveram meu problema rapidinho.",atendimento nota resolveram problema rapidinho,Positivo,0.5594,0.338,0.0,0.662
Fui até a loja física para trocar a bicicleta.,fui até loja física trocar bicicleta,Neutro,0.0001,0.0,0.0,1.0
"Serviço ruim, atendimento péssimo, não voltarei.",serviço ruim atendimento péssimo voltarei,Negativo,-0.689,0.0,0.559,0.441
"O produto superou minhas expectativas, muito bom!",produto superou expectativas bom,Positivo,0.8527,0.658,0.0,0.342
"O preço impecável, virei cliente fiel dessa marca.",preço impecável virei cliente fiel dessa marca,Positivo,0.7388,0.49,0.0,0.51
Qual a diferença entre o celular e o modelo anterior?,diferença entre celular modelo anterior,Neutro,-0.0481,0.0,0.045,0.955
Estou pesquisando opiniões sobre o prazo de entrega antes de comprar.,estou pesquisando opiniões sobre prazo entrega antes comprar,Neutro,0.0173,0.011,0.0,0.989
"Comprei a bolsa ontem, ainda vou testar.",comprei bolsa ontem ainda vou testar,Neutro,0.04,0.037,0.0,0.963
"Atendimento nota 10, resolveram meu problema rapidinho.",atendimento nota resolveram problema rapidinho,Positivo,0.6777,0.513,0.0,0.487
"Serviço ruim, atendimento péssimo, não voltarei.",serviço ruim atendimento péssimo voltarei,Negativo,-0.501,0.0,0.368,0.632
"Voltarei a comprar com certeza, rápido e eficiente!",voltarei comprar certeza rápido eficiente,Positivo,0.4025,0.383,0.0,0.617
"Excelente o prazo de entrega, recomendo a todos!",excelente prazo entrega recomendo todos,Positivo,0.515,0.512,0.0,0.488
"A embalagem horrível, o produto quebrou em uma semana.",embalagem horrível produto quebrou semana,Negativo,-0.4217,0.0,0.391,0.609
Extremamente decepcionado com o perfume.,extremamente decepcionado perfume,Negativo,-0.6152,0.0,0.519,0.481
"Nunca mais compro dessa marca, demorou semanas para resolver.",nunca compro dessa marca demorou semanas resolver,Negativo,-0.8667,0.0,0.689,0.311
Qual a diferença entre o tênis e o modelo anterior?,diferença entre tênis modelo anterior,Neutro,0.0358,0.03,0.0,0.97
Extremamente decepcionado com a bicicleta.,extremamente decepcionado bicicleta,Negativo,-0.7485,0.0,0.615,0.385
"Recebi o tênis, embalagem estava ok.",recebi tênis embalagem estava,Neutro,0.0003,0.0,0.0,1.0
Extremamente decepcionado com a blusa.,extremamente decepcionado blusa,Negativo,-0.5961,0.0,0.437,0.563
"Atendimento nota 10, resolveram meu problema rapidinho.",atendimento nota resolveram problema rapidinho,Positivo,0.456,0.342,0.0,0.658
"Comprei o tênis e chegou rápido, super satisfeito!",comprei tênis chegou rápido super satisfeito,Positivo,0.8805,0.683,0.0,0.317
"Atendimento nota 10, resolveram meu problema rapidinho.",atendimento nota resolveram problema rapidinho,Positivo,0.6685,0.514,0.0,0.486
"O atendimento horrível, veio tudo errado.",atendimento horrível veio tudo errado,Negativo,-0.8015,0.0,0.537,0.463
"Atendimento horrível, ninguém resolve nada.",atendimento horrível ninguém resolve nada,Negativo,-0.4731,0.0,0.401,0.599
Alguém sabe informar o prazo de entrega de a bicicleta?,alguém sabe informar prazo entrega bicicleta,Neutro,0.0192,0.014,0.0,0.986
"O prazo de entrega impecável, virei cliente fiel dessa marca.",prazo entrega impecável virei cliente fiel dessa marca,Positivo,0.8547,0.841,0.0,0.159
"Muito satisfeito com o livro, vale cada centavo.",satisfeito livro vale cada centavo,Positivo,0.5753,0.498,0.0,0.502
"Serviço ruim, atendimento péssimo, não voltarei.",serviço ruim atendimento péssimo voltarei,Negativo,-0.6437,0.0,0.594,0.406
"A experiência de compra horrível, cobraram duas vezes no cartão.",experiência compra horrível cobraram duas vezes cartão,Negativo,-0.6917,0.0,0.613,0.387
"A bicicleta tem cor azul e branca, conforme o anúncio.",bicicleta cor azul branca conforme anúncio,Neutro,0.0165,0.013,0.0,0.987
"Produto de baixa qualidade, dinheiro jogado fora.",produto baixa qualidade dinheiro jogado fora,Negativo,-0.6993,0.0,0.45,0.55
Vi a propaganda da marca na TV hoje.,propaganda marca hoje,Neutro,-0.0432,0.0,0.028,0.972
Qual a diferença entre o tênis e o modelo anterior?,diferença entre tênis modelo anterior,Neutro,0.0088,0.008,0.0,0.992
Alguém sabe informar o prazo de entrega de a compra?,alguém sabe informar prazo entrega compra,Neutro,-0.0486,0.0,0.047,0.953
"Recebi o livro, embalagem estava ok.",recebi livro embalagem estava,Neutro,0.0238,0.019,0.0,0.981
"Adorei o preço da marca, muito muito profissional!",adorei preço marca profissional,Positivo,0.5925,0.437,0.0,0.563
Qual a diferença entre a compra e o modelo anterior?,diferença entre compra modelo anterior,Neutro,-0.0035,0.0,0.002,0.998
"Terrível, simplesmente terrível essa experiência.",terrível simplesmente terrível experiência,Negativo,-0.662,0.0,0.402,0.598
O eletrodoméstico chegou no prazo previsto.,eletrodoméstico chegou prazo previsto,Neutro,-0.0185,0.0,0.014,0.986
Alguém sabe informar o prazo de entrega de o produto?,alguém sabe informar prazo entrega produto,Neutro,-0.0089,0.0,0.008,0.992
"O produto superou minhas expectativas, muito bom!",produto superou expectativas bom,Positivo,0.8731,0.775,0.0,0.225
"Comprei o tênis ontem, ainda vou testar.",comprei tênis ontem ainda vou testar,Neutro,0.0099,0.008,0.0,0.992
"Adorei o preço da marca, muito de primeira qualidade!",adorei preço marca primeira qualidade,Positivo,0.8074,0.636,0.0,0.364
"Não indico essa marca pra ninguém, demorou semanas para resolver.",indico marca pra ninguém demorou semanas resolver,Negativo,-0.7873,0.0,0.702,0.298
"Adorei o suporte da marca, muito de primeira qualidade!",adorei suporte marca primeira qualidade,Positivo,0.7689,0.709,0.0,0.291
"Péssimo o atendimento, não recomendo.",péssimo atendimento recomendo,Negativo,-0.6473,0.0,0.622,0.378
"Serviço ruim, atendimento péssimo, não voltarei.",serviço ruim atendimento péssimo voltarei,Negativo,-0.4821,0.0,0.394,0.606
"Que compra ruim, a compra veio quebrado.",compra ruim compra veio quebrado,Negativo,-0.7161,0.0,0.513,0.487
"Voltarei a comprar com certeza, rápido e eficiente!",voltarei comprar certeza rápido eficiente,Positivo,0.7034,0.52,0.0,0.48
Fui até a loja física para trocar o celular.,fui até loja física trocar celular,Neutro,-0.0405,0.0,0.037,0.963
"Entrega atrasou muito, a caixa chegou toda amassada.",entrega atrasou caixa chegou toda amassada,Negativo,-0.4247,0.0,0.385,0.615
Alguém sabe informar o prazo de entrega de a blusa?,alguém sabe informar prazo entrega blusa,Neutro,0.0275,0.023,0.0,0.977
O perfume chegou no prazo previsto.,perfume chegou prazo previsto,Neutro,0.0438,0.04,0.0,0.96
Alguém sabe informar o prazo de entrega de o relógio?,alguém sabe informar prazo entrega relógio,Neutro,0.0458,0.038,0.0,0.962
"Nunca mais compro dessa marca, a caixa chegou toda amassada.",nunca compro dessa marca caixa chegou toda amassada,Negativo,-0.6059,0.0,0.368,0.632
"Serviço ruim, atendimento péssimo, não voltarei.",serviço ruim atendimento péssimo voltarei,Negativo,-0.6827,0.0,0.573,0.427
"Adorei a embalagem da marca, muito acima da expectativa!",adorei embalagem marca acima expectativa,Positivo,0.4923,0.474,0.0,0.526
"Recebi a blusa, embalagem estava ok.",recebi blusa embalagem estava,Neutro,0.0162,0.015,0.0,0.985
"O prazo de entrega horrível, cobraram duas vezes no cartão.",prazo entrega horrível cobraram duas vezes cartão,Negativo,-0.6048,0.0,0.397,0.603
"Não indico essa marca pra ninguém, o produto quebrou em uma semana.",indico marca pra ninguém produto quebrou semana,Negativo,-0.4803,0.0,0.328,0.672
Fui até a loja física para trocar o pedido.,fui até loja física trocar pedido,Neutro,0.0396,0.037,0.0,0.963
"A experiência de compra impecável, virei cliente fiel dessa marca.",experiência compra impecável virei cliente fiel dessa marca,Positivo,0.6098,0.565,0.0,0.435
"A qualidade horrível, ninguém respondeu meus e-mails.",qualidade horrível ninguém respondeu emails,Negativo,-0.4461,0.0,0.284,0.716
"O brinquedo é maravilhoso, adorei demais!",brinquedo maravilhoso adorei demais,Positivo,0.5367,0.485,0.0,0.515
Fui até a loja física para trocar o eletrodoméstico.,fui até loja física trocar eletrodoméstico,Neutro,0.0231,0.016,0.0,0.984
"Atendimento nota 10, resolveram meu problema rapidinho.",atendimento nota resolveram problema rapidinho,Positivo,0.4539,0.409,0.0,0.591
"Nunca mais compro dessa marca, demorou semanas para resolver.",nunca compro dessa marca demorou semanas resolver,Negativo,-0.7501,0.0,0.636,0.364
"Recebi o perfume, embalagem estava ok.",recebi perfume embalagem estava,Neutro,-0.0185,0.0,0.018,0.982
"Que compra ruim, a blusa veio quebrado.",compra ruim blusa veio quebrado,Negativo,-0.6414,0.0,0.618,0.382
"Muito satisfeito com a bicicleta, vale cada centavo.",satisfeito bicicleta vale cada centavo,Positivo,0.8721,0.702,0.0,0.298
"Que compra ruim, a bolsa veio quebrado.",compra ruim bolsa veio quebrado,Negativo,-0.5971,0.0,0.547,0.453
"Recebi o perfume, embalagem estava ok.",recebi perfume embalagem estava,Neutro,0.0086,0.007,0.0,0.993
"Entrega atrasou muito, veio tudo errado.",entrega atrasou veio tudo errado,Negativo,-0.8641,0.0,0.631,0.369
A blusa chegou no prazo previsto.,blusa chegou prazo previsto,Neutro,0.0322,0.03,0.0,0.97
"Muito ruim a entrega, experiência péssima.",ruim entrega experiência péssima,Negativo,-0.6032,0.0,0.488,0.512
"Muito bom a blusa, ficou perfeito, adorei o resultado!",bom blusa ficou perfeito adorei resultado,Positivo,0.5815,0.442,0.0,0.558
"Adorei o suporte da marca, muito impecável!",adorei suporte marca impecável,Positivo,0.5767,0.513,0.0,0.487
"Que compra ruim, o pedido veio quebrado.",compra ruim pedido veio quebrado,Negativo,-0.7072,0.0,0.468,0.532
"Excelente o prazo de entrega, recomendo a todos!",excelente prazo entrega recomendo todos,Positivo,0.4353,0.295,0.0,0.705
"Entrega atrasou muito, cobraram duas vezes no cartão.",entrega atrasou cobraram duas vezes cartão,Negativo,-0.4223,0.0,0.254,0.746
"A compra é horrível, não vale o preço, decepção total.",compra horrível vale preço decepção total,Negativo,-0.7993,0.0,0.732,0.268
"Recebi o livro, embalagem estava ok.",recebi livro embalagem estava,Neutro,-0.0357,0.0,0.026,0.974
Qual a diferença entre a bicicleta e o modelo anterior?,diferença entre bicicleta modelo anterior,Neutro,0.0366,0.023,0.0,0.977
"O perfume superou minhas expectativas, muito bom!",perfume superou expectativas bom,Positivo,0.668,0.504,0.0,0.496
"Muito bom a bolsa, ficou perfeito, adorei o resultado!",bom bolsa ficou perfeito adorei resultado,Positivo,0.534,0.363,0.0,0.637
"Equipe rápido e eficiente, super recomendo essa marca!",equipe rápido eficiente super recomendo marca,Positivo,0.4566,0.323,0.0,0.677
"Entrega atrasou muito, o produto quebrou em uma semana.",entrega atrasou produto quebrou semana,Negativo,-0.7673,0.0,0.756,0.244
Alguém sabe informar o prazo de entrega de a blusa?,alguém sabe informar prazo entrega blusa,Neutro,-0.049,0.0,0.035,0.965
Fui até a loja física para trocar o perfume.,fui até loja física trocar perfume,Neutro,-0.0294,0.0,0.029,0.971
"Recebi o relógio, embalagem estava ok.",recebi relógio embalagem estava,Neutro,-0.0176,0.0,0.013,0.987
"Comprei a bicicleta ontem, ainda vou testar.",comprei bicicleta ontem ainda vou testar,Neutro,-0.0353,0.0,0.029,0.971
"Não indico essa marca pra ninguém, ninguém respondeu meus e-mails.",indico marca pra ninguém ninguém respondeu emails,Negativo,-0.7151,0.0,0.516,0.484
Melhor experiência que já tive com o atendimento.,melhor experiência atendimento,Positivo,0.6304,0.493,0.0,0.507
"O fone de ouvido é horrível, não vale o preço, decepção total.",fone ouvido horrível vale preço decepção total,Negativo,-0.8445,0.0,0.6,0.4
"O tênis é maravilhoso, adorei demais!",tênis maravilhoso adorei demais,Positivo,0.4804,0.331,0.0,0.669
"O fone de ouvido superou minhas expectativas, muito bom!",fone ouvido superou expectativas bom,Positivo,0.8571,0.725,0.0,0.275
Alguém sabe informar o prazo de entrega de o pedido?,alguém sabe informar prazo entrega pedido,Neutro,0.0083,0.007,0.0,0.993
"Comprei o brinquedo ontem, ainda vou testar.",comprei brinquedo ontem ainda vou testar,Neutro,-0.0081,0.0,0.005,0.995
"Serviço ruim, atendimento péssimo, não voltarei.",serviço ruim atendimento péssimo voltarei,Negativo,-0.4862,0.0,0.39,0.61
Estou pesquisando opiniões sobre o suporte antes de comprar.,estou pesquisando opiniões sobre suporte antes comprar,Neutro,0.032,0.022,0.0,0.978
Melhor experiência que já tive com o atendimento.,melhor experiência atendimento,Positivo,0.4157,0.289,0.0,0.711
"Excelente o site, recomendo a todos!",excelente site recomendo todos,Positivo,0.8162,0.714,0.0,0.286
"O celular superou minhas expectativas, muito bom!",celular superou expectativas bom,Positivo,0.6366,0.463,0.0,0.537
O tênis chegou no prazo previsto.,tênis chegou prazo previsto,Neutro,-0.0007,0.0,0.001,0.999
"Péssimo a qualidade, não recomendo.",péssimo qualidade recomendo,Negativo,-0.6728,0.0,0.448,0.552
"Muito bom o perfume, ficou perfeito, adorei o resultado!",bom perfume ficou perfeito adorei resultado,Positivo,0.7226,0.577,0.0,0.423
"Voltarei a comprar com certeza, impecável!",voltarei comprar certeza impecável,Positivo,0.8039,0.54,0.0,0.46
"Equipe rápido e eficiente, super recomendo essa marca!",equipe rápido eficiente super recomendo marca,Positivo,0.8223,0.819,0.0,0.181
"Que compra ruim, a blusa veio quebrado.",compra ruim blusa veio quebrado,Negativo,-0.8317,0.0,0.55,0.45
Extremamente decepcionado com a compra.,extremamente decepcionado compra,Negativo,-0.5713,0.0,0.479,0.521
"Que ótima experiência de compra, tudo maravilhoso!",ótima experiência compra tudo maravilhoso,Positivo,0.7732,0.733,0.0,0.267
"O pedido veio com defeito, muito decepcionado.",pedido veio defeito decepcionado,Negativo,-0.6593,0.0,0.639,0.361
"Produto de baixa qualidade, dinheiro jogado fora.",produto baixa qualidade dinheiro jogado fora,Negativo,-0.8676,0.0,0.603,0.397
"Produto de baixa qualidade, dinheiro jogado fora.",produto baixa qualidade dinheiro jogado fora,Negativo,-0.8074,0.0,0.666,0.334
"A loja fica aberta até as 22h, segundo o site.",loja fica aberta até segundo site,Neutro,-0.0296,0.0,0.029,0.971
"Comprei a bicicleta e chegou rápido, super satisfeito!",comprei bicicleta chegou rápido super satisfeito,Positivo,0.5618,0.468,0.0,0.532
"Equipe rápido e eficiente, super recomendo essa marca!",equipe rápido eficiente super recomendo marca,Positivo,0.6187,0.406,0.0,0.594
Vi a propaganda da marca na TV hoje.,propaganda marca hoje,Neutro,-0.0252,0.0,0.022,0.978
"O produto veio com defeito, muito decepcionado.",produto veio defeito decepcionado,Negativo,-0.7472,0.0,0.582,0.418
Extremamente decepcionado com a bicicleta.,extremamente decepcionado bicicleta,Negativo,-0.4403,0.0,0.435,0.565
"Suporte não responde, estou muito insatisfeito.",suporte responde estou insatisfeito,Negativo,-0.8619,0.0,0.813,0.187
"O eletrodoméstico superou minhas expectativas, muito bom!",eletrodoméstico superou expectativas bom,Positivo,0.5729,0.348,0.0,0.652
"Produto de baixa qualidade, dinheiro jogado fora.",produto baixa qualidade dinheiro jogado fora,Negativo,-0.4265,0.0,0.362,0.638
"Que ótima experiência de compra, tudo maravilhoso!",ótima experiência compra tudo maravilhoso,Positivo,0.5754,0.506,0.0,0.494
"O eletrodoméstico é maravilhoso, adorei demais!",eletrodoméstico maravilhoso adorei demais,Positivo,0.69,0.585,0.0,0.415
"Comprei o pedido e chegou rápido, super satisfeito!",comprei pedido chegou rápido super satisfeito,Positivo,0.554,0.375,0.0,0.625
"Comprei o livro ontem, ainda vou testar.",comprei livro ontem ainda vou testar,Neutro,0.0053,0.003,0.0,0.997
"Serviço ruim, atendimento péssimo, não voltarei.",serviço ruim atendimento péssimo voltarei,Negativo,-0.5097,0.0,0.469,0.531
"O livro é maravilhoso, adorei demais!",livro maravilhoso adorei demais,Positivo,0.8404,0.699,0.0,0.301
"Terrível, simplesmente terrível essa experiência.",terrível simplesmente terrível experiência,Negativo,-0.7042,0.0,0.576,0.424
"Comprei o produto ontem, ainda vou testar.",comprei produto ontem ainda vou testar,Neutro,-0.0198,0.0,0.019,0.981
Vi a propaganda da marca na TV hoje.,propaganda marca hoje,Neutro,0.013,0.013,0.0,0.987
"O celular superou minhas expectativas, muito bom!",celular superou expectativas bom,Positivo,0.8031,0.771,0.0,0.229
"Voltarei a comprar com certeza, super atencioso!",voltarei comprar certeza super atencioso,Positivo,0.4735,0.314,0.0,0.686
"A bolsa superou minhas expectativas, muito bom!",bolsa superou expectativas bom,Positivo,0.5349,0.466,0.0,0.534
"Que ótima experiência de compra, tudo maravilhoso!",ótima experiência compra tudo maravilhoso,Positivo,0.4435,0.268,0.0,0.732
Fui até a loja física para trocar o fone de ouvido.,fui até loja física trocar fone ouvido,Neutro,0.004,0.004,0.0,0.996
"O celular é maravilhoso, adorei demais!",celular maravilhoso adorei demais,Positivo,0.7361,0.694,0.0,0.306
"Ótimo a experiência de compra, estou muito feliz com a compra!",ótimo experiência compra estou feliz compra,Positivo,0.6262,0.536,0.0,0.464
"Simplesmente incrível, o site sensacional!",simplesmente incrível site sensacional,Positivo,0.4497,0.436,0.0,0.564
"Que compra ruim, o notebook veio quebrado.",compra ruim notebook veio quebrado,Negativo,-0.5707,0.0,0.56,0.44
"Voltarei a comprar com certeza, muito profissional!",voltarei comprar certeza profissional,Positivo,0.8754,0.535,0.0,0.465
"Recebi a compra, embalagem estava ok.",recebi compra embalagem estava,Neutro,-0.0127,0.0,0.009,0.991
"Produto de baixa qualidade, dinheiro jogado fora.",produto baixa qualidade dinheiro jogado fora,Negativo,-0.8289,0.0,0.511,0.489
"Que compra ruim, o livro veio quebrado.",compra ruim livro veio quebrado,Negativo,-0.7717,0.0,0.63,0.37
"Equipe muito profissional, super recomendo essa marca!",equipe profissional super recomendo marca,Positivo,0.5995,0.445,0.0,0.555
"Terrível, simplesmente terrível essa experiência.",terrível simplesmente terrível experiência,Negativo,-0.8078,0.0,0.746,0.254
"Serviço ruim, atendimento péssimo, não voltarei.",serviço ruim atendimento péssimo voltarei,Negativo,-0.8531,0.0,0.751,0.249
"O brinquedo é horrível, não vale o preço, decepção total.",brinquedo horrível vale preço decepção total,Negativo,-0.5271,0.0,0.369,0.631
Melhor experiência que já tive com o preço.,melhor experiência preço,Positivo,0.5801,0.395,0.0,0.605
Alguém sabe informar o prazo de entrega de o fone de ouvido?,alguém sabe informar prazo entrega fone ouvido,Neutro,0.0283,0.019,0.0,0.981
"Equipe impecável, super recomendo essa marca!",equipe impecável super recomendo marca,Positivo,0.6469,0.534,0.0,0.466
"Ótimo o atendimento, estou muito feliz com a compra!",ótimo atendimento estou feliz compra,Positivo,0.7085,0.665,0.0,0.335
"O atendimento impecável, virei cliente fiel dessa marca.",atendimento impecável virei cliente fiel dessa marca,Positivo,0.8759,0.768,0.0,0.232
"Recebi o eletrodoméstico, embalagem estava ok.",recebi eletrodoméstico embalagem estava,Neutro,-0.0081,0.0,0.007,0.993
"Muito bom o relógio, ficou perfeito, adorei o resultado!",bom relógio ficou perfeito adorei resultado,Positivo,0.8702,0.699,0.0,0.301
"Atendimento nota 10, resolveram meu problema rapidinho.",atendimento nota resolveram problema rapidinho,Positivo,0.4152,0.375,0.0,0.625
"Suporte não responde, estou muito insatisfeito.",suporte responde estou insatisfeito,Negativo,-0.8399,0.0,0.509,0.491
"Suporte não responde, estou muito insatisfeito.",suporte responde estou insatisfeito,Negativo,-0.4364,0.0,0.338,0.662
"Produto de baixa qualidade, dinheiro jogado fora.",produto baixa qualidade dinheiro jogado fora,Negativo,-0.5055,0.0,0.322,0.678
Fui até a loja física para trocar o livro.,fui até loja física trocar livro,Neutro,0.0337,0.031,0.0,0.969
Melhor experiência que já tive com o suporte.,melhor experiência suporte,Positivo,0.5505,0.493,0.0,0.507
"O fone de ouvido é maravilhoso, adorei demais!",fone ouvido maravilhoso adorei demais,Positivo,0.7,0.431,0.0,0.569
"Atendimento nota 10, resolveram meu problema rapidinho.",atendimento nota resolveram problema rapidinho,Positivo,0.4815,0.39,0.0,0.61
"Muito bom o fone de ouvido, ficou perfeito, adorei o resultado!",bom fone ouvido ficou perfeito adorei resultado,Positivo,0.7943,0.667,0.0,0.333
"Excelente o app, recomendo a todos!",excelente app recomendo todos,Positivo,0.7475,0.708,0.0,0.292
"Voltarei a comprar com certeza, super atencioso!",voltarei comprar certeza super atencioso,Positivo,0.6954,0.606,0.0,0.394
Qual a diferença entre o notebook e o modelo anterior?,diferença entre notebook modelo anterior,Neutro,0.0072,0.007,0.0,0.993
"Atendimento horrível, ninguém resolve nada.",atendimento horrível ninguém resolve nada,Negativo,-0.5991,0.0,0.482,0.518
O perfume chegou no prazo previsto.,perfume chegou prazo previsto,Neutro,-0.0315,0.0,0.024,0.976
"Atendimento horrível, ninguém resolve nada.",atendimento horrível ninguém resolve nada,Negativo,-0.6538,0.0,0.59,0.41
"Atendimento nota 10, resolveram meu problema rapidinho.",atendimento nota resolveram problema rapidinho,Positivo,0.5874,0.556,0.0,0.444
"A bicicleta é horrível, não vale o preço, decepção total.",bicicleta horrível vale preço decepção total,Negativo,-0.4889,0.0,0.35,0.65
Vi a propaganda da marca na TV hoje.,propaganda marca hoje,Neutro,-0.0119,0.0,0.011,0.989
"O livro tem cor azul e branca, conforme o anúncio.",livro cor azul branca conforme anúncio,Neutro,-0.0443,0.0,0.039,0.961
"A blusa é horrível, não vale o preço, decepção total.",blusa horrível vale preço decepção total,Negativo,-0.6453,0.0,0.492,0.508
"Serviço ruim, atendimento péssimo, não voltarei.",serviço ruim atendimento péssimo voltarei,Negativo,-0.6556,0.0,0.601,0.399
"Equipe rápido e eficiente, super recomendo essa marca!",equipe rápido eficiente super recomendo marca,Positivo,0.4122,0.278,0.0,0.722
"Comprei a blusa e chegou rápido, super satisfeito!",comprei blusa chegou rápido super satisfeito,Positivo,0.4232,0.293,0.0,0.707
"Ótimo o app, estou muito feliz com a compra!",ótimo app estou feliz compra,Positivo,0.4089,0.34,0.0,0.66
"O tênis veio com defeito, muito decepcionado.",tênis veio defeito decepcionado,Negativo,-0.8781,0.0,0.851,0.149
Alguém sabe informar o prazo de entrega de o pedido?,alguém sabe informar prazo entrega pedido,Neutro,0.0173,0.015,0.0,0.985
"Recebi o livro, embalagem estava ok.",recebi livro embalagem estava,Neutro,0.0297,0.023,0.0,0.977
"Excelente a experiência de compra, recomendo a todos!",excelente experiência compra recomendo todos,Positivo,0.7295,0.701,0.0,0.299
"Muito bom o tênis, ficou perfeito, adorei o resultado!",bom tênis ficou perfeito adorei resultado,Positivo,0.4058,0.39,0.0,0.61
"A bicicleta superou minhas expectativas, muito bom!",bicicleta superou expectativas bom,Positivo,0.5934,0.443,0.0,0.557
"Muito ruim a embalagem, experiência péssima.",ruim embalagem experiência péssima,Negativo,-0.8956,0.0,0.882,0.118
"Adorei a experiência de compra da marca, muito rápido e eficiente!",adorei experiência compra marca rápido eficiente,Positivo,0.7359,0.481,0.0,0.519
"O app horrível, cobraram duas vezes no cartão.",app horrível cobraram duas vezes cartão,Negativo,-0.6498,0.0,0.475,0.525
"O pedido veio com defeito, muito decepcionado.",pedido veio defeito decepcionado,Negativo,-0.4636,0.0,0.385,0.615
"Recebi a bicicleta, embalagem estava ok.",recebi bicicleta embalagem estava,Neutro,-0.033,0.0,0.028,0.972
Estou pesquisando opiniões sobre o atendimento antes de comprar.,estou pesquisando opiniões sobre atendimento antes comprar,Neutro,-0.0329,0.0,0.027,0.973
"Produto de baixa qualidade, dinheiro jogado fora.",produto baixa qualidade dinheiro jogado fora,Negativo,-0.5607,0.0,0.433,0.567
Fui até a loja física para trocar o notebook.,fui até loja física trocar notebook,Neutro,0.0215,0.015,0.0,0.985
"Comprei o perfume ontem, ainda vou testar.",comprei perfume ontem ainda vou testar,Neutro,-0.0267,0.0,0.017,0.983
"O perfume superou minhas expectativas, muito bom!",perfume superou expectativas bom,Positivo,0.8077,0.71,0.0,0.29
Melhor experiência que já tive com o app.,melhor experiência app,Positivo,0.8736,0.738,0.0,0.262
"Péssimo o app, não recomendo.",péssimo app recomendo,Negativo,-0.4549,0.0,0.451,0.549
"Simplesmente incrível, o site sensacional!",simplesmente incrível site sensacional,Positivo,0.4412,0.375,0.0,0.625
"Suporte não responde, estou muito insatisfeito.",suporte responde estou insatisfeito,Negativo,-0.8214,0.0,0.552,0.448
"Suporte não responde, estou muito insatisfeito.",suporte responde estou insatisfeito,Negativo,-0.6704,0.0,0.495,0.505
"Comprei o livro e chegou rápido, super satisfeito!",comprei livro chegou rápido super satisfeito,Positivo,0.7038,0.677,0.0,0.323
Qual a diferença entre o eletrodoméstico e o modelo anterior?,diferença entre eletrodoméstico modelo anterior,Neutro,0.0328,0.024,0.0,0.976
"Entrega atrasou muito, a caixa chegou toda amassada.",entrega atrasou caixa chegou toda amassada,Negativo,-0.5332,0.0,0.489,0.511
"Comprei o livro ontem, ainda vou testar.",comprei livro ontem ainda vou testar,Neutro,-0.0339,0.0,0.028,0.972
"Excelente o preço, recomendo a todos!",excelente preço recomendo todos,Positivo,0.5299,0.404,0.0,0.596
"O brinquedo superou minhas expectativas, muito bom!",brinquedo superou expectativas bom,Positivo,0.8697,0.562,0.0,0.438
"A bicicleta é maravilhoso, adorei demais!",bicicleta maravilhoso adorei demais,Positivo,0.6526,0.58,0.0,0.42
"Equipe super atencioso, super recomendo essa marca!",equipe super atencioso super recomendo marca,Positivo,0.5236,0.395,0.0,0.605
"Muito ruim o prazo de entrega, experiência péssima.",ruim prazo entrega experiência péssima,Negativo,-0.5386,0.0,0.441,0.559
"O celular é maravilhoso, adorei demais!",celular maravilhoso adorei demais,Positivo,0.4364,0.43,0.0,0.57
"Produto de baixa qualidade, dinheiro jogado fora.",produto baixa qualidade dinheiro jogado fora,Negativo,-0.7684,0.0,0.492,0.508
"A loja fica aberta até as 22h, segundo o site.",loja fica aberta até segundo site,Neutro,-0.0276,0.0,0.027,0.973
"Muito satisfeito com o brinquedo, vale cada centavo.",satisfeito brinquedo vale cada centavo,Positivo,0.7121,0.69,0.0,0.31
"Recebi a compra, embalagem estava ok.",recebi compra embalagem estava,Neutro,-0.0289,0.0,0.025,0.975
"Comprei o relógio ontem, ainda vou testar.",comprei relógio ontem ainda vou testar,Neutro,0.0326,0.03,0.0,0.97
Estou pesquisando opiniões sobre o suporte antes de comprar.,estou pesquisando opiniões sobre suporte antes comprar,Neutro,-0.0469,0.0,0.043,0.957
"Nunca mais compro dessa marca, ninguém respondeu meus e-mails.",nunca compro dessa marca ninguém respondeu emails,Negativo,-0.5611,0.0,0.493,0.507
"Equipe acima da expectativa, super recomendo essa marca!",equipe acima expectativa super recomendo marca,Positivo,0.6915,0.51,0.0,0.49
"Terrível, simplesmente terrível essa experiência.",terrível simplesmente terrível experiência,Negativo,-0.7869,0.0,0.637,0.363
"Suporte não responde, estou muito insatisfeito.",suporte responde estou insatisfeito,Negativo,-0.5412,0.0,0.479,0.521
"Suporte não responde, estou muito insatisfeito.",suporte responde estou insatisfeito,Negativo,-0.7419,0.0,0.558,0.442
"Muito satisfeito com o pedido, vale cada centavo.",satisfeito pedido vale cada centavo,Positivo,0.8387,0.754,0.0,0.246
"O perfume tem cor azul e branca, conforme o anúncio.",perfume cor azul branca conforme anúncio,Neutro,0.0066,0.004,0.0,0.996
"Voltarei a comprar com certeza, super atencioso!",voltarei comprar certeza super atencioso,Positivo,0.7573,0.564,0.0,0.436
"Péssimo o atendimento, não recomendo.",péssimo atendimento recomendo,Negativo,-0.5771,0.0,0.539,0.461
Estou pesquisando opiniões sobre a experiência de compra antes de comprar.,estou pesquisando opiniões sobre experiência compra antes comprar,Neutro,-0.0494,0.0,0.042,0.958
Qual a diferença entre o livro e o modelo anterior?,diferença entre livro modelo anterior,Neutro,-0.0102,0.0,0.009,0.991
Alguém sabe informar o prazo de entrega de o eletrodoméstico?,alguém sabe informar prazo entrega eletrodoméstico,Neutro,-0.0121,0.0,0.008,0.992
"Não indico essa marca pra ninguém, ninguém respondeu meus e-mails.",indico marca pra ninguém ninguém respondeu emails,Negativo,-0.7539,0.0,0.572,0.428
"Excelente a experiência de compra, recomendo a todos!",excelente experiência compra recomendo todos,Positivo,0.5294,0.5,0.0,0.5
"O suporte impecável, virei cliente fiel dessa marca.",suporte impecável virei cliente fiel dessa marca,Positivo,0.8695,0.598,0.0,0.402
"Muito bom o celular, ficou perfeito, adorei o resultado!",bom celular ficou perfeito adorei resultado,Positivo,0.4626,0.412,0.0,0.588
"O suporte horrível, o produto quebrou em uma semana.",suporte horrível produto quebrou semana,Negativo,-0.7161,0.0,0.534,0.466
"Recebi a blusa, embalagem estava ok.",recebi blusa embalagem estava,Neutro,-0.0304,0.0,0.03,0.97
"Que ótima experiência de compra, tudo maravilhoso!",ótima experiência compra tudo maravilhoso,Positivo,0.4763,0.321,0.0,0.679
Qual a diferença entre o tênis e o modelo anterior?,diferença entre tênis modelo anterior,Neutro,-0.0097,0.0,0.009,0.991
"O brinquedo veio com defeito, muito decepcionado.",brinquedo veio defeito decepcionado,Negativo,-0.8256,0.0,0.696,0.304
"Péssimo a experiência de compra, não recomendo.",péssimo experiência compra recomendo,Negativo,-0.6812,0.0,0.515,0.485
"Ótimo a qualidade, estou muito feliz com a compra!",ótimo qualidade estou feliz compra,Positivo,0.8681,0.62,0.0,0.38
Alguém sabe informar o prazo de entrega de a bicicleta?,alguém sabe informar prazo entrega bicicleta,Neutro,0.023,0.015,0.0,0.985
Fui até a loja física para trocar o fone de ouvido.,fui até loja física trocar fone ouvido,Neutro,0.0229,0.02,0.0,0.98
"Muito satisfeito com o livro, vale cada centavo.",satisfeito livro vale cada centavo,Positivo,0.7396,0.477,0.0,0.523
"Suporte não responde, estou muito insatisfeito.",suporte responde estou insatisfeito,Negativo,-0.6114,0.0,0.392,0.608
"Ótimo a entrega, estou muito feliz com a compra!",ótimo entrega estou feliz compra,Positivo,0.5709,0.462,0.0,0.538
"Serviço ruim, atendimento péssimo, não voltarei.",serviço ruim atendimento péssimo voltarei,Negativo,-0.7342,0.0,0.67,0.33
O livro chegou no prazo previsto.,livro chegou prazo previsto,Neutro,0.0111,0.007,0.0,0.993
"Voltarei a comprar com certeza, de primeira qualidade!",voltarei comprar certeza primeira qualidade,Positivo,0.5288,0.495,0.0,0.505
"Produto de baixa qualidade, dinheiro jogado fora.",produto baixa qualidade dinheiro jogado fora,Negativo,-0.8205,0.0,0.803,0.197
"O fone de ouvido superou minhas expectativas, muito bom!",fone ouvido superou expectativas bom,Positivo,0.4755,0.366,0.0,0.634
"Não indico essa marca pra ninguém, a caixa chegou toda amassada.",indico marca pra ninguém caixa chegou toda amassada,Negativo,-0.5925,0.0,0.388,0.612
"Muito ruim a entrega, experiência péssima.",ruim entrega experiência péssima,Negativo,-0.6268,0.0,0.377,0.623
"Que ótima experiência de compra, tudo maravilhoso!",ótima experiência compra tudo maravilhoso,Positivo,0.6592,0.505,0.0,0.495
"Simplesmente incrível, o preço sensacional!",simplesmente incrível preço sensacional,Positivo,0.4166,0.364,0.0,0.636
"Ótimo o suporte, estou muito feliz com a compra!",ótimo suporte estou feliz compra,Positivo,0.4442,0.365,0.0,0.635
O produto chegou no prazo previsto.,produto chegou prazo previsto,Neutro,0.0368,0.032,0.0,0.968
"Muito satisfeito com o tênis, vale cada centavo.",satisfeito tênis vale cada centavo,Positivo,0.4361,0.29,0.0,0.71
"Simplesmente incrível, o app sensacional!",simplesmente incrível app sensacional,Positivo,0.8723,0.532,0.0,0.468
"Atendimento nota 10, resolveram meu problema rapidinho.",atendimento nota resolveram problema rapidinho,Positivo,0.7791,0.574,0.0,0.426
"A qualidade horrível, cobraram duas vezes no cartão.",qualidade horrível cobraram duas vezes cartão,Negativo,-0.8962,0.0,0.886,0.114
"Muito ruim o suporte, experiência péssima.",ruim suporte experiência péssima,Negativo,-0.7469,0.0,0.63,0.37
"Voltarei a comprar com certeza, impecável!",voltarei comprar certeza impecável,Positivo,0.4854,0.443,0.0,0.557
"Entrega atrasou muito, veio tudo errado.",entrega atrasou veio tudo errado,Negativo,-0.8819,0.0,0.78,0.22
Alguém sabe informar o prazo de entrega de a bicicleta?,alguém sabe informar prazo entrega bicicleta,Neutro,0.0197,0.012,0.0,0.988
"O pedido veio com defeito, muito decepcionado.",pedido veio defeito decepcionado,Negativo,-0.543,0.0,0.357,0.643
"Equipe de primeira qualidade, super recomendo essa marca!",equipe primeira qualidade super recomendo marca,Positivo,0.6328,0.399,0.0,0.601
Estou pesquisando opiniões sobre a qualidade antes de comprar.,estou pesquisando opiniões sobre qualidade antes comprar,Neutro,-0.0247,0.0,0.024,0.976
Extremamente decepcionado com o eletrodoméstico.,extremamente decepcionado eletrodoméstico,Negativo,-0.7946,0.0,0.606,0.394
Melhor experiência que já tive com o site.,melhor experiência site,Positivo,0.4393,0.272,0.0,0.728
"O atendimento impecável, virei cliente fiel dessa marca.",atendimento impecável virei cliente fiel dessa marca,Positivo,0.7541,0.635,0.0,0.365
Alguém sabe informar o prazo de entrega de o fone de ouvido?,alguém sabe informar prazo entrega fone ouvido,Neutro,0.0123,0.01,0.0,0.99
"Ótimo a entrega, estou muito feliz com a compra!",ótimo entrega estou feliz compra,Positivo,0.4698,0.339,0.0,0.661
"Ótimo a entrega, estou muito feliz com a compra!",ótimo entrega estou feliz compra,Positivo,0.5962,0.57,0.0,0.43
O perfume chegou no prazo previsto.,perfume chegou prazo previsto,Neutro,-0.0443,0.0,0.027,0.973
Qual a diferença entre o perfume e o modelo anterior?,diferença entre perfume modelo anterior,Neutro,-0.0062,0.0,0.004,0.996
"Atendimento horrível, ninguém resolve nada.",atendimento horrível ninguém resolve nada,Negativo,-0.8176,0.0,0.682,0.318
Fui até a loja física para trocar o fone de ouvido.,fui até loja física trocar fone ouvido,Neutro,-0.0388,0.0,0.024,0.976
Fui até a loja física para trocar a compra.,fui até loja física trocar compra,Neutro,-0.0279,0.0,0.017,0.983
"Comprei o relógio e chegou rápido, super satisfeito!",comprei relógio chegou rápido super satisfeito,Positivo,0.5168,0.433,0.0,0.567
"Recebi a compra, embalagem estava ok.",recebi compra embalagem estava,Neutro,-0.0019,0.0,0.001,0.999
"Que compra ruim, o tênis veio quebrado.",compra ruim tênis veio quebrado,Negativo,-0.7011,0.0,0.569,0.431
"A blusa veio com defeito, muito decepcionado.",blusa veio defeito decepcionado,Negativo,-0.618,0.0,0.518,0.482
"Recebi o relógio, embalagem estava ok.",recebi relógio embalagem estava,Neutro,-0.0192,0.0,0.014,0.986
"Suporte não responde, estou muito insatisfeito.",suporte responde estou insatisfeito,Negativo,-0.6211,0.0,0.554,0.446
"Comprei a compra ontem, ainda vou testar.",comprei compra ontem ainda vou testar,Neutro,-0.039,0.0,0.034,0.966
Vi a propaganda da marca na TV hoje.,propaganda marca hoje,Neutro,-0.0479,0.0,0.048,0.952
"Voltarei a comprar com certeza, muito profissional!",voltarei comprar certeza profissional,Positivo,0.8872,0.761,0.0,0.239
O pedido chegou no prazo previsto.,pedido chegou prazo previsto,Neutro,-0.0157,0.0,0.012,0.988
"O tênis tem cor azul e branca, conforme o anúncio.",tênis cor azul branca conforme anúncio,Neutro,-0.0374,0.0,0.031,0.969
"Terrível, simplesmente terrível essa experiência.",terrível simplesmente terrível experiência,Negativo,-0.5122,0.0,0.362,0.638
Fui até a loja física para trocar o brinquedo.,fui até loja física trocar brinquedo,Neutro,-0.0432,0.0,0.033,0.967
"Recebi o eletrodoméstico, embalagem estava ok.",recebi eletrodoméstico embalagem estava,Neutro,-0.0213,0.0,0.013,0.987
Vi a propaganda da marca na TV hoje.,propaganda marca hoje,Neutro,0.0031,0.003,0.0,0.997
"Equipe impecável, super recomendo essa marca!",equipe impecável super recomendo marca,Positivo,0.8622,0.773,0.0,0.227
"Produto de baixa qualidade, dinheiro jogado fora.",produto baixa qualidade dinheiro jogado fora,Negativo,-0.7791,0.0,0.722,0.278
Fui até a loja física para trocar o tênis.,fui até loja física trocar tênis,Neutro,-0.0377,0.0,0.024,0.976
"Que compra ruim, a bicicleta veio quebrado.",compra ruim bicicleta veio quebrado,Negativo,-0.7801,0.0,0.536,0.464
"Voltarei a comprar com certeza, muito profissional!",voltarei comprar certeza profissional,Positivo,0.4029,0.248,0.0,0.752
"Ótimo a qualidade, estou muito feliz com a compra!",ótimo qualidade estou feliz compra,Positivo,0.4764,0.412,0.0,0.588
Alguém sabe informar o prazo de entrega de a bolsa?,alguém sabe informar prazo entrega bolsa,Neutro,0.0036,0.003,0.0,0.997
Fui até a loja física para trocar a blusa.,fui até loja física trocar blusa,Neutro,0.0308,0.027,0.0,0.973
"Muito satisfeito com o relógio, vale cada centavo.",satisfeito relógio vale cada centavo,Positivo,0.684,0.472,0.0,0.528
"Atendimento horrível, ninguém resolve nada.",atendimento horrível ninguém resolve nada,Negativo,-0.6511,0.0,0.642,0.358
"O app horrível, a caixa chegou toda amassada.",app horrível caixa chegou toda amassada,Negativo,-0.7494,0.0,0.527,0.473
"Muito ruim o preço, experiência péssima.",ruim preço experiência péssima,Negativo,-0.7911,0.0,0.543,0.457
"Entrega atrasou muito, o produto quebrou em uma semana.",entrega atrasou produto quebrou semana,Negativo,-0.7099,0.0,0.465,0.535
"Excelente a entrega, recomendo a todos!",excelente entrega recomendo todos,Positivo,0.7477,0.566,0.0,0.434
"O notebook superou minhas expectativas, muito bom!",notebook superou expectativas bom,Positivo,0.8642,0.725,0.0,0.275
"O suporte impecável, virei cliente fiel dessa marca.",suporte impecável virei cliente fiel dessa marca,Positivo,0.7485,0.583,0.0,0.417
"Atendimento nota 10, resolveram meu problema rapidinho.",atendimento nota resolveram problema rapidinho,Positivo,0.6965,0.565,0.0,0.435
"Simplesmente incrível, a entrega sensacional!",simplesmente incrível entrega sensacional,Positivo,0.5784,0.546,0.0,0.454
"O pedido veio com defeito, muito decepcionado.",pedido veio defeito decepcionado,Negativo,-0.5524,0.0,0.532,0.468
Extremamente decepcionado com o brinquedo.,extremamente decepcionado brinquedo,Negativo,-0.786,0.0,0.628,0.372
"Muito ruim o app, experiência péssima.",ruim app experiência péssima,Negativo,-0.5654,0.0,0.379,0.621
Extremamente decepcionado com o brinquedo.,extremamente decepcionado brinquedo,Negativo,-0.7172,0.0,0.616,0.384
"A bicicleta veio com defeito, muito decepcionado.",bicicleta veio defeito decepcionado,Negativo,-0.82,0.0,0.648,0.352
"Entrega atrasou muito, a caixa chegou toda amassada.",entrega atrasou caixa chegou toda amassada,Negativo,-0.7965,0.0,0.779,0.221
"O suporte horrível, cobraram duas vezes no cartão.",suporte horrível cobraram duas vezes cartão,Negativo,-0.4889,0.0,0.424,0.576
"Voltarei a comprar com certeza, muito profissional!",voltarei comprar certeza profissional,Positivo,0.456,0.441,0.0,0.559
"Não indico essa marca pra ninguém, cobraram duas vezes no cartão.",indico marca pra ninguém cobraram duas vezes cartão,Negativo,-0.5965,0.0,0.392,0.608
"A bolsa superou minhas expectativas, muito bom!",bolsa superou expectativas bom,Positivo,0.6543,0.444,0.0,0.556
"Muito ruim o app, experiência péssima.",ruim app experiência péssima,Negativo,-0.726,0.0,0.501,0.499
"Comprei o pedido e chegou rápido, super satisfeito!",comprei pedido chegou rápido super satisfeito,Positivo,0.5832,0.516,0.0,0.484
"Simplesmente incrível, o prazo de entrega sensacional!",simplesmente incrível prazo entrega sensacional,Positivo,0.8749,0.73,0.0,0.27
"Que compra ruim, o notebook veio quebrado.",compra ruim notebook veio quebrado,Negativo,-0.5882,0.0,0.397,0.603
"Recebi o pedido, embalagem estava ok.",recebi pedido embalagem estava,Neutro,0.0282,0.021,0.0,0.979
A bolsa chegou no prazo previsto.,bolsa chegou prazo previsto,Neutro,0.0108,0.008,0.0,0.992
"Ótimo o prazo de entrega, estou muito feliz com a compra!",ótimo prazo entrega estou feliz compra,Positivo,0.6798,0.485,0.0,0.515
Vi a propaganda da marca na TV hoje.,propaganda marca hoje,Neutro,0.0334,0.031,0.0,0.969
"Adorei o atendimento da marca, muito rápido e eficiente!",adorei atendimento marca rápido eficiente,Positivo,0.5297,0.458,0.0,0.542
"Suporte não responde, estou muito insatisfeito.",suporte responde estou insatisfeito,Negativo,-0.6905,0.0,0.498,0.502
"Que ótima experiência de compra, tudo maravilhoso!",ótima experiência compra tudo maravilhoso,Positivo,0.6095,0.552,0.0,0.448
"Comprei a compra e chegou rápido, super satisfeito!",comprei compra chegou rápido super satisfeito,Positivo,0.8701,0.848,0.0,0.152
Qual a diferença entre o eletrodoméstico e o modelo anterior?,diferença entre eletrodoméstico modelo anterior,Neutro,-0.0433,0.0,0.029,0.971
"Simplesmente incrível, o suporte sensacional!",simplesmente incrível suporte sensacional,Positivo,0.4427,0.277,0.0,0.723
"Comprei o relógio e chegou rápido, super satisfeito!",comprei relógio chegou rápido super satisfeito,Positivo,0.7661,0.753,0.0,0.247
"A blusa veio com defeito, muito decepcionado.",blusa veio defeito decepcionado,Negativo,-0.6321,0.0,0.501,0.499
"Terrível, simplesmente terrível essa experiência.",terrível simplesmente terrível experiência,Negativo,-0.7932,0.0,0.555,0.445
"A loja fica aberta até as 22h, segundo o site.",loja fica aberta até segundo site,Neutro,-0.0117,0.0,0.008,0.992
"Ótimo a embalagem, estou muito feliz com a compra!",ótimo embalagem estou feliz compra,Positivo,0.5559,0.349,0.0,0.651
"Que compra ruim, o eletrodoméstico veio quebrado.",compra ruim eletrodoméstico veio quebrado,Negativo,-0.7651,0.0,0.541,0.459
"Recebi a compra, embalagem estava ok.",recebi compra embalagem estava,Neutro,0.0,0.0,0.0,1.0
"Terrível, simplesmente terrível essa experiência.",terrível simplesmente terrível experiência,Negativo,-0.5924,0.0,0.547,0.453
"Atendimento nota 10, resolveram meu problema rapidinho.",atendimento nota resolveram problema rapidinho,Positivo,0.8562,0.654,0.0,0.346
Vi a propaganda da marca na TV hoje.,propaganda marca hoje,Neutro,-0.0432,0.0,0.026,0.974
Estou pesquisando opiniões sobre o preço antes de comprar.,estou pesquisando opiniões sobre preço antes comprar,Neutro,-0.034,0.0,0.025,0.975
Fui até a loja física para trocar a blusa.,fui até loja física trocar blusa,Neutro,0.0481,0.047,0.0,0.953
"Que compra ruim, o notebook veio quebrado.",compra ruim notebook veio quebrado,Negativo,-0.8904,0.0,0.656,0.344
"Entrega atrasou muito, o produto quebrou em uma semana.",entrega atrasou produto quebrou semana,Negativo,-0.45,0.0,0.359,0.641
"O notebook é horrível, não vale o preço, decepção total.",notebook horrível vale preço decepção total,Negativo,-0.6335,0.0,0.532,0.468
"A loja fica aberta até as 22h, segundo o site.",loja fica aberta até segundo site,Neutro,0.018,0.018,0.0,0.982
"Excelente o suporte, recomendo a todos!",excelente suporte recomendo todos,Positivo,0.5144,0.507,0.0,0.493
Vi a propaganda da marca na TV hoje.,propaganda marca hoje,Neutro,0.0396,0.03,0.0,0.97
"Equipe super atencioso, super recomendo essa marca!",equipe super atencioso super recomendo marca,Positivo,0.7899,0.606,0.0,0.394
"Equipe impecável, super recomendo essa marca!",equipe impecável super recomendo marca,Positivo,0.4226,0.261,0.0,0.739
"Equipe impecável, super recomendo essa marca!",equipe impecável super recomendo marca,Positivo,0.7856,0.61,0.0,0.39
Fui até a loja física para trocar o pedido.,fui até loja física trocar pedido,Neutro,0.0078,0.007,0.0,0.993
"Comprei o perfume e chegou rápido, super satisfeito!",comprei perfume chegou rápido super satisfeito,Positivo,0.4979,0.396,0.0,0.604
"Comprei o livro ontem, ainda vou testar.",comprei livro ontem ainda vou testar,Neutro,0.0438,0.029,0.0,0.971
"Voltarei a comprar com certeza, muito profissional!",voltarei comprar certeza profissional,Positivo,0.8542,0.518,0.0,0.482
Estou pesquisando opiniões sobre o app antes de comprar.,estou pesquisando opiniões sobre app antes comprar,Neutro,-0.0105,0.0,0.008,0.992
"Muito bom o tênis, ficou perfeito, adorei o resultado!",bom tênis ficou perfeito adorei resultado,Positivo,0.8874,0.781,0.0,0.219
"Muito ruim o app, experiência péssima.",ruim app experiência péssima,Negativo,-0.4105,0.0,0.389,0.611
"Adorei o prazo de entrega da marca, muito rápido e eficiente!",adorei prazo entrega marca rápido eficiente,Positivo,0.8354,0.61,0.0,0.39
"A loja fica aberta até as 22h, segundo o site.",loja fica aberta até segundo site,Neutro,-0.0145,0.0,0.014,0.986
"Comprei o fone de ouvido ontem, ainda vou testar.",comprei fone ouvido ontem ainda vou testar,Neutro,0.0167,0.016,0.0,0.984
"Não indico essa marca pra ninguém, demorou semanas para resolver.",indico marca pra ninguém demorou semanas resolver,Negativo,-0.6008,0.0,0.463,0.537
Fui até a loja física para trocar o perfume.,fui até loja física trocar perfume,Neutro,0.0055,0.004,0.0,0.996
"O preço horrível, o produto quebrou em uma semana.",preço horrível produto quebrou semana,Negativo,-0.5718,0.0,0.442,0.558
Estou pesquisando opiniões sobre a qualidade antes de comprar.,estou pesquisando opiniões sobre qualidade antes comprar,Neutro,0.004,0.004,0.0,0.996
"Voltarei a comprar com certeza, super atencioso!",voltarei comprar certeza super atencioso,Positivo,0.6951,0.445,0.0,0.555
"O suporte impecável, virei cliente fiel dessa marca.",suporte impecável virei cliente fiel dessa marca,Positivo,0.514,0.502,0.0,0.498
"A loja fica aberta até as 22h, segundo o site.",loja fica aberta até segundo site,Neutro,-0.038,0.0,0.037,0.963
"Que compra ruim, a bicicleta veio quebrado.",compra ruim bicicleta veio quebrado,Negativo,-0.6815,0.0,0.62,0.38
"O tênis veio com defeito, muito decepcionado.",tênis veio defeito decepcionado,Negativo,-0.8854,0.0,0.822,0.178
"Atendimento nota 10, resolveram meu problema rapidinho.",atendimento nota resolveram problema rapidinho,Positivo,0.7805,0.611,0.0,0.389
Vi a propaganda da marca na TV hoje.,propaganda marca hoje,Neutro,-0.0023,0.0,0.001,0.999
"Recebi a bolsa, embalagem estava ok.",recebi bolsa embalagem estava,Neutro,0.007,0.005,0.0,0.995
"Excelente o site, recomendo a todos!",excelente site recomendo todos,Positivo,0.5871,0.458,0.0,0.542
"Péssimo o prazo de entrega, não recomendo.",péssimo prazo entrega recomendo,Negativo,-0.6056,0.0,0.395,0.605
"A loja fica aberta até as 22h, segundo o site.",loja fica aberta até segundo site,Neutro,-0.0115,0.0,0.008,0.992
"Suporte não responde, estou muito insatisfeito.",suporte responde estou insatisfeito,Negativo,-0.5142,0.0,0.473,0.527
"O atendimento horrível, ninguém respondeu meus e-mails.",atendimento horrível ninguém respondeu emails,Negativo,-0.493,0.0,0.387,0.613
"Serviço ruim, atendimento péssimo, não voltarei.",serviço ruim atendimento péssimo voltarei,Negativo,-0.6932,0.0,0.526,0.474
"Muito satisfeito com a blusa, vale cada centavo.",satisfeito blusa vale cada centavo,Positivo,0.8774,0.705,0.0,0.295
"Muito ruim a experiência de compra, experiência péssima.",ruim experiência compra experiência péssima,Negativo,-0.4862,0.0,0.391,0.609
"Produto de baixa qualidade, dinheiro jogado fora.",produto baixa qualidade dinheiro jogado fora,Negativo,-0.4469,0.0,0.295,0.705
"Terrível, simplesmente terrível essa experiência.",terrível simplesmente terrível experiência,Negativo,-0.8872,0.0,0.615,0.385
"A loja fica aberta até as 22h, segundo o site.",loja fica aberta até segundo site,Neutro,-0.028,0.0,0.022,0.978
"Nunca mais compro dessa marca, cobraram duas vezes no cartão.",nunca compro dessa marca cobraram duas vezes cartão,Negativo,-0.5897,0.0,0.579,0.421
"Ótimo a embalagem, estou muito feliz com a compra!",ótimo embalagem estou feliz compra,Positivo,0.7461,0.564,0.0,0.436
"O pedido veio com defeito, muito decepcionado.",pedido veio defeito decepcionado,Negativo,-0.8805,0.0,0.786,0.214
"O prazo de entrega horrível, ninguém respondeu meus e-mails.",prazo entrega horrível ninguém respondeu emails,Negativo,-0.4801,0.0,0.398,0.602
"Que ótima experiência de compra, tudo maravilhoso!",ótima experiência compra tudo maravilhoso,Positivo,0.8504,0.676,0.0,0.324
Qual a diferença entre o produto e o modelo anterior?,diferença entre produto modelo anterior,Neutro,0.0159,0.015,0.0,0.985
"Produto de baixa qualidade, dinheiro jogado fora.",produto baixa qualidade dinheiro jogado fora,Negativo,-0.695,0.0,0.439,0.561
"Equipe de primeira qualidade, super recomendo essa marca!",equipe primeira qualidade super recomendo marca,Positivo,0.429,0.349,0.0,0.651
"O relógio é maravilhoso, adorei demais!",relógio maravilhoso adorei demais,Positivo,0.8922,0.676,0.0,0.324
"Excelente o prazo de entrega, recomendo a todos!",excelente prazo entrega recomendo todos,Positivo,0.4407,0.346,0.0,0.654
"Péssimo o site, não recomendo.",péssimo site recomendo,Negativo,-0.75,0.0,0.548,0.452
"O preço horrível, demorou semanas para resolver.",preço horrível demorou semanas resolver,Negativo,-0.7547,0.0,0.584,0.416
"Que compra ruim, o eletrodoméstico veio quebrado.",compra ruim eletrodoméstico veio quebrado,Negativo,-0.4708,0.0,0.397,0.603
O pedido chegou no prazo previsto.,pedido chegou prazo previsto,Neutro,0.0032,0.003,0.0,0.997
"Simplesmente incrível, a entrega sensacional!",simplesmente incrível entrega sensacional,Positivo,0.5188,0.375,0.0,0.625
Fui até a loja física para trocar o pedido.,fui até loja física trocar pedido,Neutro,-0.0461,0.0,0.035,0.965
"Nunca mais compro dessa marca, ninguém respondeu meus e-mails.",nunca compro dessa marca ninguém respondeu emails,Negativo,-0.8369,0.0,0.651,0.349
Alguém sabe informar o prazo de entrega de o eletrodoméstico?,alguém sabe informar prazo entrega eletrodoméstico,Neutro,0.0149,0.01,0.0,0.99
"Equipe impecável, super recomendo essa marca!",equipe impecável super recomendo marca,Positivo,0.5001,0.304,0.0,0.696
"Comprei o relógio ontem, ainda vou testar.",comprei relógio ontem ainda vou testar,Neutro,-0.0145,0.0,0.01,0.99
Fui até a loja física para trocar o produto.,fui até loja física trocar produto,Neutro,0.0191,0.018,0.0,0.982
"Suporte não responde, estou muito insatisfeito.",suporte responde estou insatisfeito,Negativo,-0.8497,0.0,0.804,0.196
"Adorei o app da marca, muito muito profissional!",adorei app marca profissional,Positivo,0.5695,0.521,0.0,0.479
"O livro veio com defeito, muito decepcionado.",livro veio defeito decepcionado,Negativo,-0.7155,0.0,0.638,0.362
"Suporte não responde, estou muito insatisfeito.",suporte responde estou insatisfeito,Negativo,-0.6712,0.0,0.598,0.402
Vi a propaganda da marca na TV hoje.,propaganda marca hoje,Neutro,0.0057,0.004,0.0,0.996
"O fone de ouvido é horrível, não vale o preço, decepção total.",fone ouvido horrível vale preço decepção total,Negativo,-0.4168,0.0,0.348,0.652
"Recebi o produto, embalagem estava ok.",recebi produto embalagem estava,Neutro,-0.0096,0.0,0.007,0.993
"A compra tem cor azul e branca, conforme o anúncio.",compra cor azul branca conforme anúncio,Neutro,0.0492,0.036,0.0,0.964
"Excelente o app, recomendo a todos!",excelente app recomendo todos,Positivo,0.7617,0.753,0.0,0.247
"Não indico essa marca pra ninguém, veio tudo errado.",indico marca pra ninguém veio tudo errado,Negativo,-0.7264,0.0,0.575,0.425
Alguém sabe informar o prazo de entrega de o pedido?,alguém sabe informar prazo entrega pedido,Neutro,0.002,0.002,0.0,0.998
"A embalagem impecável, virei cliente fiel dessa marca.",embalagem impecável virei cliente fiel dessa marca,Positivo,0.4468,0.307,0.0,0.693
Estou pesquisando opiniões sobre a entrega antes de comprar.,estou pesquisando opiniões sobre entrega antes comprar,Neutro,-0.0429,0.0,0.032,0.968
"Adorei o preço da marca, muito acima da expectativa!",adorei preço marca acima expectativa,Positivo,0.7218,0.479,0.0,0.521
"O atendimento impecável, virei cliente fiel dessa marca.",atendimento impecável virei cliente fiel dessa marca,Positivo,0.711,0.517,0.0,0.483
"Não indico essa marca pra ninguém, demorou semanas para resolver.",indico marca pra ninguém demorou semanas resolver,Negativo,-0.7294,0.0,0.699,0.301
Extremamente decepcionado com o celular.,extremamente decepcionado celular,Negativo,-0.6585,0.0,0.632,0.368
"Voltarei a comprar com certeza, acima da expectativa!",voltarei comprar certeza acima expectativa,Positivo,0.7363,0.608,0.0,0.392
Qual a diferença entre o fone de ouvido e o modelo anterior?,diferença entre fone ouvido modelo anterior,Neutro,0.0338,0.028,0.0,0.972
"Equipe rápido e eficiente, super recomendo essa marca!",equipe rápido eficiente super recomendo marca,Positivo,0.8975,0.705,0.0,0.295
"O prazo de entrega impecável, virei cliente fiel dessa marca.",prazo entrega impecável virei cliente fiel dessa marca,Positivo,0.748,0.738,0.0,0.262
"Muito bom a blusa, ficou perfeito, adorei o resultado!",bom blusa ficou perfeito adorei resultado,Positivo,0.6611,0.542,0.0,0.458
"Atendimento horrível, ninguém resolve nada.",atendimento horrível ninguém resolve nada,Negativo,-0.6741,0.0,0.672,0.328
"Muito ruim a experiência de compra, experiência péssima.",ruim experiência compra experiência péssima,Negativo,-0.8687,0.0,0.555,0.445
"A compra tem cor azul e branca, conforme o anúncio.",compra cor azul branca conforme anúncio,Neutro,0.0447,0.029,0.0,0.971
Vi a propaganda da marca na TV hoje.,propaganda marca hoje,Neutro,-0.0403,0.0,0.037,0.963
"Não indico essa marca pra ninguém, ninguém respondeu meus e-mails.",indico marca pra ninguém ninguém respondeu emails,Negativo,-0.4395,0.0,0.287,0.713
"O notebook tem cor azul e branca, conforme o anúncio.",notebook cor azul branca conforme anúncio,Neutro,0.0077,0.006,0.0,0.994
"Que ótima experiência de compra, tudo maravilhoso!",ótima experiência compra tudo maravilhoso,Positivo,0.6358,0.402,0.0,0.598
"Que compra ruim, a bicicleta veio quebrado.",compra ruim bicicleta veio quebrado,Negativo,-0.5768,0.0,0.383,0.617
"Serviço ruim, atendimento péssimo, não voltarei.",serviço ruim atendimento péssimo voltarei,Negativo,-0.8808,0.0,0.6,0.4
"Terrível, simplesmente terrível essa experiência.",terrível simplesmente terrível experiência,Negativo,-0.4368,0.0,0.381,0.619
"Recebi o notebook, embalagem estava ok.",recebi notebook embalagem estava,Neutro,0.0006,0.0,0.0,1.0
"Adorei a entrega da marca, muito acima da expectativa!",adorei entrega marca acima expectativa,Positivo,0.4418,0.428,0.0,0.572
"Muito ruim o prazo de entrega, experiência péssima.",ruim prazo entrega experiência péssima,Negativo,-0.4796,0.0,0.448,0.552
"Terrível, simplesmente terrível essa experiência.",terrível simplesmente terrível experiência,Negativo,-0.702,0.0,0.575,0.425
Melhor experiência que já tive com o atendimento.,melhor experiência atendimento,Positivo,0.4831,0.431,0.0,0.569
"Muito bom a bolsa, ficou perfeito, adorei o resultado!",bom bolsa ficou perfeito adorei resultado,Positivo,0.4367,0.409,0.0,0.591
"Muito bom o tênis, ficou perfeito, adorei o resultado!",bom tênis ficou perfeito adorei resultado,Positivo,0.6158,0.474,0.0,0.526
Qual a diferença entre o produto e o modelo anterior?,diferença entre produto modelo anterior,Neutro,0.0142,0.012,0.0,0.988
"Recebi a compra, embalagem estava ok.",recebi compra embalagem estava,Neutro,0.0267,0.02,0.0,0.98
"Produto de baixa qualidade, dinheiro jogado fora.",produto baixa qualidade dinheiro jogado fora,Negativo,-0.7626,0.0,0.589,0.411
"A embalagem horrível, cobraram duas vezes no cartão.",embalagem horrível cobraram duas vezes cartão,Negativo,-0.4029,0.0,0.286,0.714
"A qualidade impecável, virei cliente fiel dessa marca.",qualidade impecável virei cliente fiel dessa marca,Positivo,0.875,0.63,0.0,0.37
"Recebi o produto, embalagem estava ok.",recebi produto embalagem estava,Neutro,0.0087,0.007,0.0,0.993
"Suporte não responde, estou muito insatisfeito.",suporte responde estou insatisfeito,Negativo,-0.5,0.0,0.324,0.676
"Recebi a compra, embalagem estava ok.",recebi compra embalagem estava,Neutro,-0.0421,0.0,0.039,0.961
"O notebook tem cor azul e branca, conforme o anúncio.",notebook cor azul branca conforme anúncio,Neutro,0.0169,0.015,0.0,0.985
"Que compra ruim, o pedido veio quebrado.",compra ruim pedido veio quebrado,Negativo,-0.4904,0.0,0.462,0.538
"Comprei o tênis ontem, ainda vou testar.",comprei tênis ontem ainda vou testar,Neutro,0.0055,0.004,0.0,0.996
"A blusa é horrível, não vale o preço, decepção total.",blusa horrível vale preço decepção total,Negativo,-0.9,0.0,0.862,0.138
"Simplesmente incrível, o prazo de entrega sensacional!",simplesmente incrível prazo entrega sensacional,Positivo,0.4715,0.381,0.0,0.619
"A qualidade horrível, o produto quebrou em uma semana.",qualidade horrível produto quebrou semana,Negativo,-0.8655,0.0,0.77,0.23
"Atendimento horrível, ninguém resolve nada.",atendimento horrível ninguém resolve nada,Negativo,-0.5177,0.0,0.378,0.622
"O celular veio com defeito, muito decepcionado.",celular veio defeito decepcionado,Negativo,-0.6945,0.0,0.572,0.428
"Muito satisfeito com o celular, vale cada centavo.",satisfeito celular vale cada centavo,Positivo,0.7899,0.513,0.0,0.487
"Suporte não responde, estou muito insatisfeito.",suporte responde estou insatisfeito,Negativo,-0.7672,0.0,0.467,0.533
Fui até a loja física para trocar o pedido.,fui até loja física trocar pedido,Neutro,-0.0339,0.0,0.02,0.98
"O perfume é horrível, não vale o preço, decepção total.",perfume horrível vale preço decepção total,Negativo,-0.5434,0.0,0.333,0.667
"Equipe muito profissional, super recomendo essa marca!",equipe profissional super recomendo marca,Positivo,0.5572,0.358,0.0,0.642
"Nunca mais compro dessa marca, veio tudo errado.",nunca compro dessa marca veio tudo errado,Negativo,-0.4096,0.0,0.341,0.659
"Excelente a entrega, recomendo a todos!",excelente entrega recomendo todos,Positivo,0.6276,0.622,0.0,0.378
"A loja fica aberta até as 22h, segundo o site.",loja fica aberta até segundo site,Neutro,0.0298,0.023,0.0,0.977
"Não indico essa marca pra ninguém, cobraram duas vezes no cartão.",indico marca pra ninguém cobraram duas vezes cartão,Negativo,-0.5465,0.0,0.481,0.519
"Entrega atrasou muito, veio tudo errado.",entrega atrasou veio tudo errado,Negativo,-0.6687,0.0,0.434,0.566
"Nunca mais compro dessa marca, a caixa chegou toda amassada.",nunca compro dessa marca caixa chegou toda amassada,Negativo,-0.8605,0.0,0.569,0.431
"O fone de ouvido é horrível, não vale o preço, decepção total.",fone ouvido horrível vale preço decepção total,Negativo,-0.7662,0.0,0.66,0.34
Fui até a loja física para trocar a compra.,fui até loja física trocar compra,Neutro,-0.007,0.0,0.006,0.994
Alguém sabe informar o prazo de entrega de o tênis?,alguém sabe informar prazo entrega tênis,Neutro,0.0386,0.035,0.0,0.965
"Voltarei a comprar com certeza, muito profissional!",voltarei comprar certeza profissional,Positivo,0.6035,0.521,0.0,0.479
O livro chegou no prazo previsto.,livro chegou prazo previsto,Neutro,0.0079,0.007,0.0,0.993
"Nunca mais compro dessa marca, demorou semanas para resolver.",nunca compro dessa marca demorou semanas resolver,Negativo,-0.582,0.0,0.38,0.62
Alguém sabe informar o prazo de entrega de o celular?,alguém sabe informar prazo entrega celular,Neutro,-0.0278,0.0,0.018,0.982
Qual a diferença entre a bolsa e o modelo anterior?,diferença entre bolsa modelo anterior,Neutro,0.0347,0.028,0.0,0.972
"A bolsa é maravilhoso, adorei demais!",bolsa maravilhoso adorei demais,Positivo,0.6107,0.382,0.0,0.618
O tênis chegou no prazo previsto.,tênis chegou prazo previsto,Neutro,0.0174,0.015,0.0,0.985
"A embalagem impecável, virei cliente fiel dessa marca.",embalagem impecável virei cliente fiel dessa marca,Positivo,0.4274,0.361,0.0,0.639
"Voltarei a comprar com certeza, acima da expectativa!",voltarei comprar certeza acima expectativa,Positivo,0.834,0.525,0.0,0.475
"Péssimo o prazo de entrega, não recomendo.",péssimo prazo entrega recomendo,Negativo,-0.5311,0.0,0.464,0.536
"Adorei a entrega da marca, muito acima da expectativa!",adorei entrega marca acima expectativa,Positivo,0.6956,0.685,0.0,0.315
"Comprei o livro ontem, ainda vou testar.",comprei livro ontem ainda vou testar,Neutro,-0.0281,0.0,0.023,0.977
"Muito satisfeito com o celular, vale cada centavo.",satisfeito celular vale cada centavo,Positivo,0.7484,0.746,0.0,0.254
"Entrega atrasou muito, a caixa chegou toda amassada.",entrega atrasou caixa chegou toda amassada,Negativo,-0.6929,0.0,0.517,0.483
Vi a propaganda da marca na TV hoje.,propaganda marca hoje,Neutro,-0.0188,0.0,0.012,0.988
"O perfume veio com defeito, muito decepcionado.",perfume veio defeito decepcionado,Negativo,-0.7028,0.0,0.609,0.391
"Que compra ruim, o fone de ouvido veio quebrado.",compra ruim fone ouvido veio quebrado,Negativo,-0.7514,0.0,0.605,0.395
Estou pesquisando opiniões sobre o prazo de entrega antes de comprar.,estou pesquisando opiniões sobre prazo entrega antes comprar,Neutro,-0.0368,0.0,0.032,0.968
Melhor experiência que já tive com a entrega.,melhor experiência entrega,Positivo,0.6004,0.557,0.0,0.443
"Recebi a compra, embalagem estava ok.",recebi compra embalagem estava,Neutro,-0.0259,0.0,0.02,0.98
"Muito ruim a embalagem, experiência péssima.",ruim embalagem experiência péssima,Negativo,-0.7838,0.0,0.553,0.447
"Simplesmente incrível, o atendimento sensacional!",simplesmente incrível atendimento sensacional,Positivo,0.8383,0.787,0.0,0.213
"Que ótima experiência de compra, tudo maravilhoso!",ótima experiência compra tudo maravilhoso,Positivo,0.4146,0.274,0.0,0.726
"A bolsa superou minhas expectativas, muito bom!",bolsa superou expectativas bom,Positivo,0.7974,0.722,0.0,0.278
Vi a propaganda da marca na TV hoje.,propaganda marca hoje,Neutro,-0.0017,0.0,0.002,0.998
Vi a propaganda da marca na TV hoje.,propaganda marca hoje,Neutro,0.0173,0.015,0.0,0.985
"Serviço ruim, atendimento péssimo, não voltarei.",serviço ruim atendimento péssimo voltarei,Negativo,-0.526,0.0,0.472,0.528
Qual a diferença entre o relógio e o modelo anterior?,diferença entre relógio modelo anterior,Neutro,-0.0233,0.0,0.019,0.981
Qual a diferença entre a bolsa e o modelo anterior?,diferença entre bolsa modelo anterior,Neutro,-0.0194,0.0,0.016,0.984
"Muito satisfeito com a bolsa, vale cada centavo.",satisfeito bolsa vale cada centavo,Positivo,0.8532,0.641,0.0,0.359
O livro chegou no prazo previsto.,livro chegou prazo previsto,Neutro,0.0099,0.007,0.0,0.993
"Atendimento nota 10, resolveram meu problema rapidinho.",atendimento nota resolveram problema rapidinho,Positivo,0.7523,0.525,0.0,0.475
"Atendimento nota 10, resolveram meu problema rapidinho.",atendimento nota resolveram problema rapidinho,Positivo,0.4776,0.299,0.0,0.701
"O celular superou minhas expectativas, muito bom!",celular superou expectativas bom,Positivo,0.7139,0.532,0.0,0.468
Vi a propaganda da marca na TV hoje.,propaganda marca hoje,Neutro,0.0348,0.022,0.0,0.978
"A bolsa é horrível, não vale o preço, decepção total.",bolsa horrível vale preço decepção total,Negativo,-0.7306,0.0,0.633,0.367
"Comprei o produto ontem, ainda vou testar.",comprei produto ontem ainda vou testar,Neutro,0.0497,0.045,0.0,0.955
"Serviço ruim, atendimento péssimo, não voltarei.",serviço ruim atendimento péssimo voltarei,Negativo,-0.8891,0.0,0.845,0.155
"O perfume superou minhas expectativas, muito bom!",perfume superou expectativas bom,Positivo,0.4818,0.327,0.0,0.673
Estou pesquisando opiniões sobre o app antes de comprar.,estou pesquisando opiniões sobre app antes comprar,Neutro,-0.0174,0.0,0.014,0.986
"Terrível, simplesmente terrível essa experiência.",terrível simplesmente terrível experiência,Negativo,-0.764,0.0,0.5,0.5
Fui até a loja física para trocar o pedido.,fui até loja física trocar pedido,Neutro,0.0125,0.01,0.0,0.99
"Nunca mais compro dessa marca, ninguém respondeu meus e-mails.",nunca compro dessa marca ninguém respondeu emails,Negativo,-0.5614,0.0,0.501,0.499
"O eletrodoméstico é horrível, não vale o preço, decepção total.",eletrodoméstico horrível vale preço decepção total,Negativo,-0.4034,0.0,0.399,0.601
"Adorei o app da marca, muito muito profissional!",adorei app marca profissional,Positivo,0.8079,0.665,0.0,0.335
"A loja fica aberta até as 22h, segundo o site.",loja fica aberta até segundo site,Neutro,0.0498,0.042,0.0,0.958
"Ótimo o atendimento, estou muito feliz com a compra!",ótimo atendimento estou feliz compra,Positivo,0.7175,0.525,0.0,0.475
"Não indico essa marca pra ninguém, ninguém respondeu meus e-mails.",indico marca pra ninguém ninguém respondeu emails,Negativo,-0.5358,0.0,0.433,0.567
Estou pesquisando opiniões sobre o site antes de comprar.,estou pesquisando opiniões sobre site antes comprar,Neutro,0.0196,0.017,0.0,0.983
Fui até a loja física para trocar o celular.,fui até loja física trocar celular,Neutro,0.0041,0.003,0.0,0.997
"O perfume superou minhas expectativas, muito bom!",perfume superou expectativas bom,Positivo,0.6461,0.412,0.0,0.588
"Recebi o celular, embalagem estava ok.",recebi celular embalagem estava,Neutro,-0.0206,0.0,0.015,0.985
"Entrega atrasou muito, cobraram duas vezes no cartão.",entrega atrasou cobraram duas vezes cartão,Negativo,-0.6887,0.0,0.669,0.331
Alguém sabe informar o prazo de entrega de o eletrodoméstico?,alguém sabe informar prazo entrega eletrodoméstico,Neutro,0.0135,0.014,0.0,0.986
"Produto de baixa qualidade, dinheiro jogado fora.",produto baixa qualidade dinheiro jogado fora,Negativo,-0.4843,0.0,0.308,0.692
Qual a diferença entre a bicicleta e o modelo anterior?,diferença entre bicicleta modelo anterior,Neutro,0.0496,0.038,0.0,0.962
"Que ótima experiência de compra, tudo maravilhoso!",ótima experiência compra tudo maravilhoso,Positivo,0.8684,0.582,0.0,0.418
A blusa chegou no prazo previsto.,blusa chegou prazo previsto,Neutro,-0.0266,0.0,0.017,0.983
"Entrega atrasou muito, cobraram duas vezes no cartão.",entrega atrasou cobraram duas vezes cartão,Negativo,-0.6945,0.0,0.631,0.369
"Serviço ruim, atendimento péssimo, não voltarei.",serviço ruim atendimento péssimo voltarei,Negativo,-0.4075,0.0,0.354,0.646
Extremamente decepcionado com o notebook.,extremamente decepcionado notebook,Negativo,-0.7877,0.0,0.775,0.225
"Voltarei a comprar com certeza, super atencioso!",voltarei comprar certeza super atencioso,Positivo,0.4603,0.308,0.0,0.692
"O relógio superou minhas expectativas, muito bom!",relógio superou expectativas bom,Positivo,0.4285,0.363,0.0,0.637
"Comprei o pedido e chegou rápido, super satisfeito!",comprei pedido chegou rápido super satisfeito,Positivo,0.7926,0.718,0.0,0.282
"Muito bom o notebook, ficou perfeito, adorei o resultado!",bom notebook ficou perfeito adorei resultado,Positivo,0.723,0.69,0.0,0.31
"Serviço ruim, atendimento péssimo, não voltarei.",serviço ruim atendimento péssimo voltarei,Negativo,-0.4183,0.0,0.361,0.639
"Comprei a bicicleta ontem, ainda vou testar.",comprei bicicleta ontem ainda vou testar,Neutro,0.0158,0.014,0.0,0.986
"Equipe rápido e eficiente, super recomendo essa marca!",equipe rápido eficiente super recomendo marca,Positivo,0.5132,0.389,0.0,0.611
Qual a diferença entre o perfume e o modelo anterior?,diferença entre perfume modelo anterior,Neutro,-0.0381,0.0,0.036,0.964
"Simplesmente incrível, a experiência de compra sensacional!",simplesmente incrível experiência compra sensacional,Positivo,0.7789,0.483,0.0,0.517
"Voltarei a comprar com certeza, muito profissional!",voltarei comprar certeza profissional,Positivo,0.4866,0.3,0.0,0.7
"Serviço ruim, atendimento péssimo, não voltarei.",serviço ruim atendimento péssimo voltarei,Negativo,-0.7643,0.0,0.474,0.526
Alguém sabe informar o prazo de entrega de o produto?,alguém sabe informar prazo entrega produto,Neutro,-0.0343,0.0,0.031,0.969
"O fone de ouvido é maravilhoso, adorei demais!",fone ouvido maravilhoso adorei demais,Positivo,0.8956,0.687,0.0,0.313
"Muito bom o celular, ficou perfeito, adorei o resultado!",bom celular ficou perfeito adorei resultado,Positivo,0.6615,0.55,0.0,0.45
"Excelente o suporte, recomendo a todos!",excelente suporte recomendo todos,Positivo,0.7976,0.745,0.0,0.255
O livro chegou no prazo previsto.,livro chegou prazo previsto,Neutro,-0.046,0.0,0.029,0.971
"Muito satisfeito com o tênis, vale cada centavo.",satisfeito tênis vale cada centavo,Positivo,0.6975,0.638,0.0,0.362
"Comprei o relógio e chegou rápido, super satisfeito!",comprei relógio chegou rápido super satisfeito,Positivo,0.5796,0.434,0.0,0.566
"Terrível, simplesmente terrível essa experiência.",terrível simplesmente terrível experiência,Negativo,-0.7079,0.0,0.474,0.526
"Comprei o fone de ouvido ontem, ainda vou testar.",comprei fone ouvido ontem ainda vou testar,Neutro,0.0379,0.027,0.0,0.973
Vi a propaganda da marca na TV hoje.,propaganda marca hoje,Neutro,0.0451,0.04,0.0,0.96
"Comprei o relógio e chegou rápido, super satisfeito!",comprei relógio chegou rápido super satisfeito,Positivo,0.7532,0.711,0.0,0.289
"Não indico essa marca pra ninguém, ninguém respondeu meus e-mails.",indico marca pra ninguém ninguém respondeu emails,Negativo,-0.8419,0.0,0.59,0.41
Alguém sabe informar o prazo de entrega de a blusa?,alguém sabe informar prazo entrega blusa,Neutro,0.0332,0.026,0.0,0.974
Vi a propaganda da marca na TV hoje.,propaganda marca hoje,Neutro,-0.0058,0.0,0.005,0.995
"Nunca mais compro dessa marca, veio tudo errado.",nunca compro dessa marca veio tudo errado,Negativo,-0.418,0.0,0.311,0.689
"Não indico essa marca pra ninguém, o produto quebrou em uma semana.",indico marca pra ninguém produto quebrou semana,Negativo,-0.8479,0.0,0.615,0.385
"Péssimo o app, não recomendo.",péssimo app recomendo,Negativo,-0.8347,0.0,0.762,0.238
"A loja fica aberta até as 22h, segundo o site.",loja fica aberta até segundo site,Neutro,-0.0197,0.0,0.018,0.982
"Que compra ruim, o relógio veio quebrado.",compra ruim relógio veio quebrado,Negativo,-0.6273,0.0,0.561,0.439
"Entrega atrasou muito, demorou semanas para resolver.",entrega atrasou demorou semanas resolver,Negativo,-0.5746,0.0,0.384,0.616
"Suporte não responde, estou muito insatisfeito.",suporte responde estou insatisfeito,Negativo,-0.4916,0.0,0.392,0.608
"Recebi o produto, embalagem estava ok.",recebi produto embalagem estava,Neutro,-0.0155,0.0,0.01,0.99
"Muito ruim o app, experiência péssima.",ruim app experiência péssima,Negativo,-0.6582,0.0,0.57,0.43
"Que compra ruim, a bolsa veio quebrado.",compra ruim bolsa veio quebrado,Negativo,-0.543,0.0,0.475,0.525
"A blusa superou minhas expectativas, muito bom!",blusa superou expectativas bom,Positivo,0.4712,0.386,0.0,0.614
Qual a diferença entre o tênis e o modelo anterior?,diferença entre tênis modelo anterior,Neutro,-0.0097,0.0,0.006,0.994
"O brinquedo tem cor azul e branca, conforme o anúncio.",brinquedo cor azul branca conforme anúncio,Neutro,0.0185,0.012,0.0,0.988
"Que compra ruim, o relógio veio quebrado.",compra ruim relógio veio quebrado,Negativo,-0.4341,0.0,0.326,0.674
"Muito satisfeito com a blusa, vale cada centavo.",satisfeito blusa vale cada centavo,Positivo,0.8011,0.538,0.0,0.462
"Serviço ruim, atendimento péssimo, não voltarei.",serviço ruim atendimento péssimo voltarei,Negativo,-0.8472,0.0,0.82,0.18
"Simplesmente incrível, o atendimento sensacional!",simplesmente incrível atendimento sensacional,Positivo,0.6842,0.485,0.0,0.515
Qual a diferença entre o relógio e o modelo anterior?,diferença entre relógio modelo anterior,Neutro,-0.0483,0.0,0.032,0.968
"Entrega atrasou muito, ninguém respondeu meus e-mails.",entrega atrasou ninguém respondeu emails,Negativo,-0.5653,0.0,0.434,0.566
"O relógio tem cor azul e branca, conforme o anúncio.",relógio cor azul branca conforme anúncio,Neutro,0.0257,0.024,0.0,0.976
"A loja fica aberta até as 22h, segundo o site.",loja fica aberta até segundo site,Neutro,0.0284,0.02,0.0,0.98
"Comprei a compra e chegou rápido, super satisfeito!",comprei compra chegou rápido super satisfeito,Positivo,0.8436,0.74,0.0,0.26
Qual a diferença entre a compra e o modelo anterior?,diferença entre compra modelo anterior,Neutro,0.0248,0.017,0.0,0.983
"Não indico essa marca pra ninguém, cobraram duas vezes no cartão.",indico marca pra ninguém cobraram duas vezes cartão,Negativo,-0.5915,0.0,0.364,0.636
"Comprei o notebook ontem, ainda vou testar.",comprei notebook ontem ainda vou testar,Neutro,0.0438,0.028,0.0,0.972
Vi a propaganda da marca na TV hoje.,propaganda marca hoje,Neutro,-0.0488,0.0,0.04,0.96
"Atendimento horrível, ninguém resolve nada.",atendimento horrível ninguém resolve nada,Negativo,-0.5487,0.0,0.396,0.604
"Atendimento horrível, ninguém resolve nada.",atendimento horrível ninguém resolve nada,Negativo,-0.5924,0.0,0.377,0.623
"Que ótima experiência de compra, tudo maravilhoso!",ótima experiência compra tudo maravilhoso,Positivo,0.5635,0.347,0.0,0.653
Alguém sabe informar o prazo de entrega de o livro?,alguém sabe informar prazo entrega livro,Neutro,0.0048,0.003,0.0,0.997
"Que compra ruim, o fone de ouvido veio quebrado.",compra ruim fone ouvido veio quebrado,Negativo,-0.5084,0.0,0.38,0.62
"O fone de ouvido superou minhas expectativas, muito bom!",fone ouvido superou expectativas bom,Positivo,0.6829,0.665,0.0,0.335
"O fone de ouvido é maravilhoso, adorei demais!",fone ouvido maravilhoso adorei demais,Positivo,0.6145,0.446,0.0,0.554
"Muito ruim a qualidade, experiência péssima.",ruim qualidade experiência péssima,Negativo,-0.6487,0.0,0.575,0.425
"A loja fica aberta até as 22h, segundo o site.",loja fica aberta até segundo site,Neutro,-0.0128,0.0,0.009,0.991
"Comprei a bolsa ontem, ainda vou testar.",comprei bolsa ontem ainda vou testar,Neutro,0.036,0.033,0.0,0.967
"Péssimo a qualidade, não recomendo.",péssimo qualidade recomendo,Negativo,-0.4605,0.0,0.39,0.61
"Equipe muito profissional, super recomendo essa marca!",equipe profissional super recomendo marca,Positivo,0.7086,0.69,0.0,0.31
"Serviço ruim, atendimento péssimo, não voltarei.",serviço ruim atendimento péssimo voltarei,Negativo,-0.8895,0.0,0.878,0.122
"Equipe rápido e eficiente, super recomendo essa marca!",equipe rápido eficiente super recomendo marca,Positivo,0.5102,0.481,0.0,0.519
Fui até a loja física para trocar o tênis.,fui até loja física trocar tênis,Neutro,0.0189,0.011,0.0,0.989
"Voltarei a comprar com certeza, muito profissional!",voltarei comprar certeza profissional,Positivo,0.8335,0.542,0.0,0.458
"A loja fica aberta até as 22h, segundo o site.",loja fica aberta até segundo site,Neutro,0.0149,0.014,0.0,0.986
"Atendimento nota 10, resolveram meu problema rapidinho.",atendimento nota resolveram problema rapidinho,Positivo,0.6984,0.696,0.0,0.304
"Voltarei a comprar com certeza, super atencioso!",voltarei comprar certeza super atencioso,Positivo,0.447,0.366,0.0,0.634
"O perfume é maravilhoso, adorei demais!",perfume maravilhoso adorei demais,Positivo,0.7182,0.467,0.0,0.533
"A bicicleta superou minhas expectativas, muito bom!",bicicleta superou expectativas bom,Positivo,0.4065,0.394,0.0,0.606
O livro chegou no prazo previsto.,livro chegou prazo previsto,Neutro,0.046,0.036,0.0,0.964
"Comprei o brinquedo ontem, ainda vou testar.",comprei brinquedo ontem ainda vou testar,Neutro,-0.0042,0.0,0.003,0.997
Fui até a loja física para trocar o eletrodoméstico.,fui até loja física trocar eletrodoméstico,Neutro,0.0327,0.023,0.0,0.977
"O livro superou minhas expectativas, muito bom!",livro superou expectativas bom,Positivo,0.4409,0.415,0.0,0.585
"Recebi o livro, embalagem estava ok.",recebi livro embalagem estava,Neutro,-0.0485,0.0,0.034,0.966
"Serviço ruim, atendimento péssimo, não voltarei.",serviço ruim atendimento péssimo voltarei,Negativo,-0.6365,0.0,0.435,0.565
"Que compra ruim, a compra veio quebrado.",compra ruim compra veio quebrado,Negativo,-0.8473,0.0,0.536,0.464
"O app impecável, virei cliente fiel dessa marca.",app impecável virei cliente fiel dessa marca,Positivo,0.6472,0.5,0.0,0.5
"A compra tem cor azul e branca, conforme o anúncio.",compra cor azul branca conforme anúncio,Neutro,-0.0218,0.0,0.021,0.979
"Serviço ruim, atendimento péssimo, não voltarei.",serviço ruim atendimento péssimo voltarei,Negativo,-0.8393,0.0,0.539,0.461
"Recebi a blusa, embalagem estava ok.",recebi blusa embalagem estava,Neutro,-0.0099,0.0,0.009,0.991
"Simplesmente incrível, a experiência de compra sensacional!",simplesmente incrível experiência compra sensacional,Positivo,0.7161,0.508,0.0,0.492
"Que ótima experiência de compra, tudo maravilhoso!",ótima experiência compra tudo maravilhoso,Positivo,0.7491,0.602,0.0,0.398
Qual a diferença entre o eletrodoméstico e o modelo anterior?,diferença entre eletrodoméstico modelo anterior,Neutro,-0.0363,0.0,0.022,0.978
"Que compra ruim, o brinquedo veio quebrado.",compra ruim brinquedo veio quebrado,Negativo,-0.8324,0.0,0.548,0.452
"Voltarei a comprar com certeza, muito profissional!",voltarei comprar certeza profissional,Positivo,0.7862,0.784,0.0,0.216
"Equipe muito profissional, super recomendo essa marca!",equipe profissional super recomendo marca,Positivo,0.4144,0.338,0.0,0.662
Estou pesquisando opiniões sobre a entrega antes de comprar.,estou pesquisando opiniões sobre entrega antes comprar,Neutro,0.0015,0.001,0.0,0.999
"Muito ruim o site, experiência péssima.",ruim site experiência péssima,Negativo,-0.8864,0.0,0.6,0.4
"Atendimento horrível, ninguém resolve nada.",atendimento horrível ninguém resolve nada,Negativo,-0.5635,0.0,0.37,0.63
"Voltarei a comprar com certeza, de primeira qualidade!",voltarei comprar certeza primeira qualidade,Positivo,0.7248,0.717,0.0,0.283
"Muito ruim o app, experiência péssima.",ruim app experiência péssima,Negativo,-0.7993,0.0,0.617,0.383
O relógio chegou no prazo previsto.,relógio chegou prazo previsto,Neutro,-0.0433,0.0,0.032,0.968
"Adorei o app da marca, muito impecável!",adorei app marca impecável,Positivo,0.6403,0.568,0.0,0.432
"Comprei o relógio e chegou rápido, super satisfeito!",comprei relógio chegou rápido super satisfeito,Positivo,0.4804,0.307,0.0,0.693
"Suporte não responde, estou muito insatisfeito.",suporte responde estou insatisfeito,Negativo,-0.5798,0.0,0.354,0.646
"Serviço ruim, atendimento péssimo, não voltarei.",serviço ruim atendimento péssimo voltarei,Negativo,-0.4454,0.0,0.288,0.712
"Não indico essa marca pra ninguém, veio tudo errado.",indico marca pra ninguém veio tudo errado,Negativo,-0.5827,0.0,0.496,0.504
"Adorei o app da marca, muito impecável!",adorei app marca impecável,Positivo,0.6601,0.602,0.0,0.398
Melhor experiência que já tive com a entrega.,melhor experiência entrega,Positivo,0.8933,0.775,0.0,0.225
"Atendimento horrível, ninguém resolve nada.",atendimento horrível ninguém resolve nada,Negativo,-0.4026,0.0,0.268,0.732
"Serviço ruim, atendimento péssimo, não voltarei.",serviço ruim atendimento péssimo voltarei,Negativo,-0.7588,0.0,0.658,0.342
"Muito satisfeito com a bicicleta, vale cada centavo.",satisfeito bicicleta vale cada centavo,Positivo,0.8369,0.582,0.0,0.418
"Recebi o pedido, embalagem estava ok.",recebi pedido embalagem estava,Neutro,0.0096,0.006,0.0,0.994
"Atendimento horrível, ninguém resolve nada.",atendimento horrível ninguém resolve nada,Negativo,-0.7527,0.0,0.571,0.429
"Comprei a bolsa e chegou rápido, super satisfeito!",comprei bolsa chegou rápido super satisfeito,Positivo,0.8983,0.777,0.0,0.223
O tênis chegou no prazo previsto.,tênis chegou prazo previsto,Neutro,-0.0337,0.0,0.029,0.971
A bicicleta chegou no prazo previsto.,bicicleta chegou prazo previsto,Neutro,0.0117,0.011,0.0,0.989
Qual a diferença entre a bicicleta e o modelo anterior?,diferença entre bicicleta modelo anterior,Neutro,0.0238,0.022,0.0,0.978
"Muito ruim a embalagem, experiência péssima.",ruim embalagem experiência péssima,Negativo,-0.8113,0.0,0.581,0.419
"Serviço ruim, atendimento péssimo, não voltarei.",serviço ruim atendimento péssimo voltarei,Negativo,-0.789,0.0,0.767,0.233
"Excelente a embalagem, recomendo a todos!",excelente embalagem recomendo todos,Positivo,0.5886,0.392,0.0,0.608
"A loja fica aberta até as 22h, segundo o site.",loja fica aberta até segundo site,Neutro,-0.0086,0.0,0.006,0.994
Qual a diferença entre o relógio e o modelo anterior?,diferença entre relógio modelo anterior,Neutro,0.0415,0.039,0.0,0.961
"Ótimo o atendimento, estou muito feliz com a compra!",ótimo atendimento estou feliz compra,Positivo,0.5873,0.41,0.0,0.59
"Entrega atrasou muito, o produto quebrou em uma semana.",entrega atrasou produto quebrou semana,Negativo,-0.8638,0.0,0.535,0.465
A bolsa chegou no prazo previsto.,bolsa chegou prazo previsto,Neutro,-0.001,0.0,0.001,0.999
Extremamente decepcionado com a compra.,extremamente decepcionado compra,Negativo,-0.7896,0.0,0.58,0.42
Alguém sabe informar o prazo de entrega de a bolsa?,alguém sabe informar prazo entrega bolsa,Neutro,-0.0467,0.0,0.043,0.957
"Que compra ruim, o brinquedo veio quebrado.",compra ruim brinquedo veio quebrado,Negativo,-0.6604,0.0,0.401,0.599
"O livro superou minhas expectativas, muito bom!",livro superou expectativas bom,Positivo,0.8833,0.559,0.0,0.441
"Serviço ruim, atendimento péssimo, não voltarei.",serviço ruim atendimento péssimo voltarei,Negativo,-0.7322,0.0,0.582,0.418
"Suporte não responde, estou muito insatisfeito.",suporte responde estou insatisfeito,Negativo,-0.7274,0.0,0.489,0.511
"Nunca mais compro dessa marca, demorou semanas para resolver.",nunca compro dessa marca demorou semanas resolver,Negativo,-0.487,0.0,0.31,0.69
Estou pesquisando opiniões sobre o suporte antes de comprar.,estou pesquisando opiniões sobre suporte antes comprar,Neutro,-0.043,0.0,0.042,0.958
"Muito ruim o prazo de entrega, experiência péssima.",ruim prazo entrega experiência péssima,Negativo,-0.6465,0.0,0.584,0.416
"Recebi a blusa, embalagem estava ok.",recebi blusa embalagem estava,Neutro,-0.0333,0.0,0.026,0.974
"O brinquedo é horrível, não vale o preço, decepção total.",brinquedo horrível vale preço decepção total,Negativo,-0.466,0.0,0.447,0.553
"Produto de baixa qualidade, dinheiro jogado fora.",produto baixa qualidade dinheiro jogado fora,Negativo,-0.6816,0.0,0.548,0.452
Qual a diferença entre o fone de ouvido e o modelo anterior?,diferença entre fone ouvido modelo anterior,Neutro,-0.0211,0.0,0.013,0.987
"Suporte não responde, estou muito insatisfeito.",suporte responde estou insatisfeito,Negativo,-0.6583,0.0,0.499,0.501
Vi a propaganda da marca na TV hoje.,propaganda marca hoje,Neutro,0.0293,0.022,0.0,0.978
"Recebi a compra, embalagem estava ok.",recebi compra embalagem estava,Neutro,-0.0309,0.0,0.026,0.974
"Atendimento horrível, ninguém resolve nada.",atendimento horrível ninguém resolve nada,Negativo,-0.4184,0.0,0.27,0.73
Qual a diferença entre o pedido e o modelo anterior?,diferença entre pedido modelo anterior,Neutro,0.0298,0.023,0.0,0.977
"Adorei a qualidade da marca, muito rápido e eficiente!",adorei qualidade marca rápido eficiente,Positivo,0.751,0.717,0.0,0.283
"Adorei a experiência de compra da marca, muito super atencioso!",adorei experiência compra marca super atencioso,Positivo,0.4877,0.357,0.0,0.643
"Recebi o notebook, embalagem estava ok.",recebi notebook embalagem estava,Neutro,-0.0315,0.0,0.021,0.979
Estou pesquisando opiniões sobre o prazo de entrega antes de comprar.,estou pesquisando opiniões sobre prazo entrega antes comprar,Neutro,0.0233,0.021,0.0,0.979
"Entrega atrasou muito, a caixa chegou toda amassada.",entrega atrasou caixa chegou toda amassada,Negativo,-0.8004,0.0,0.704,0.296
"Atendimento horrível, ninguém resolve nada.",atendimento horrível ninguém resolve nada,Negativo,-0.4222,0.0,0.411,0.589
"O notebook veio com defeito, muito decepcionado.",notebook veio defeito decepcionado,Negativo,-0.4758,0.0,0.324,0.676
"Recebi o pedido, embalagem estava ok.",recebi pedido embalagem estava,Neutro,0.0451,0.033,0.0,0.967
"Que compra ruim, o produto veio quebrado.",compra ruim produto veio quebrado,Negativo,-0.7034,0.0,0.659,0.341
A bolsa chegou no prazo previsto.,bolsa chegou prazo previsto,Neutro,-0.0088,0.0,0.006,0.994
"Atendimento horrível, ninguém resolve nada.",atendimento horrível ninguém resolve nada,Negativo,-0.5815,0.0,0.449,0.551
"O produto veio com defeito, muito decepcionado.",produto veio defeito decepcionado,Negativo,-0.4272,0.0,0.316,0.684
"Nunca mais compro dessa marca, veio tudo errado.",nunca compro dessa marca veio tudo errado,Negativo,-0.6532,0.0,0.651,0.349
"Muito satisfeito com a bicicleta, vale cada centavo.",satisfeito bicicleta vale cada centavo,Positivo,0.521,0.507,0.0,0.493
"Produto de baixa qualidade, dinheiro jogado fora.",produto baixa qualidade dinheiro jogado fora,Negativo,-0.7712,0.0,0.758,0.242
"Equipe rápido e eficiente, super recomendo essa marca!",equipe rápido eficiente super recomendo marca,Positivo,0.6477,0.529,0.0,0.471
"A bicicleta veio com defeito, muito decepcionado.",bicicleta veio defeito decepcionado,Negativo,-0.6859,0.0,0.588,0.412
"Não indico essa marca pra ninguém, ninguém respondeu meus e-mails.",indico marca pra ninguém ninguém respondeu emails,Negativo,-0.6941,0.0,0.489,0.511
Extremamente decepcionado com o tênis.,extremamente decepcionado tênis,Negativo,-0.7479,0.0,0.518,0.482
"Adorei a experiência de compra da marca, muito rápido e eficiente!",adorei experiência compra marca rápido eficiente,Positivo,0.7855,0.618,0.0,0.382
"Muito ruim o prazo de entrega, experiência péssima.",ruim prazo entrega experiência péssima,Negativo,-0.7707,0.0,0.47,0.53
"Atendimento horrível, ninguém resolve nada.",atendimento horrível ninguém resolve nada,Negativo,-0.8945,0.0,0.702,0.298
"Recebi a bolsa, embalagem estava ok.",recebi bolsa embalagem estava,Neutro,0.0041,0.004,0.0,0.996
Estou pesquisando opiniões sobre o atendimento antes de comprar.,estou pesquisando opiniões sobre atendimento antes comprar,Neutro,0.0451,0.036,0.0,0.964
Extremamente decepcionado com o perfume.,extremamente decepcionado perfume,Negativo,-0.4469,0.0,0.433,0.567
"Muito ruim o site, experiência péssima.",ruim site experiência péssima,Negativo,-0.5472,0.0,0.439,0.561
Vi a propaganda da marca na TV hoje.,propaganda marca hoje,Neutro,-0.0267,0.0,0.025,0.975
"O eletrodoméstico é horrível, não vale o preço, decepção total.",eletrodoméstico horrível vale preço decepção total,Negativo,-0.4875,0.0,0.373,0.627
"O celular veio com defeito, muito decepcionado.",celular veio defeito decepcionado,Negativo,-0.6803,0.0,0.464,0.536
Alguém sabe informar o prazo de entrega de o notebook?,alguém sabe informar prazo entrega notebook,Neutro,0.0177,0.017,0.0,0.983
"A entrega impecável, virei cliente fiel dessa marca.",entrega impecável virei cliente fiel dessa marca,Positivo,0.7383,0.57,0.0,0.43
"Terrível, simplesmente terrível essa experiência.",terrível simplesmente terrível experiência,Negativo,-0.5176,0.0,0.436,0.564
"Atendimento nota 10, resolveram meu problema rapidinho.",atendimento nota resolveram problema rapidinho,Positivo,0.8144,0.719,0.0,0.281
"O fone de ouvido tem cor azul e branca, conforme o anúncio.",fone ouvido cor azul branca conforme anúncio,Neutro,0.0492,0.037,0.0,0.963
O celular chegou no prazo previsto.,celular chegou prazo previsto,Neutro,0.0471,0.034,0.0,0.966
"Comprei o livro e chegou rápido, super satisfeito!",comprei livro chegou rápido super satisfeito,Positivo,0.8317,0.583,0.0,0.417
Melhor experiência que já tive com a embalagem.,melhor experiência embalagem,Positivo,0.6663,0.42,0.0,0.58
"Não indico essa marca pra ninguém, a caixa chegou toda amassada.",indico marca pra ninguém caixa chegou toda amassada,Negativo,-0.7937,0.0,0.57,0.43
"A entrega impecável, virei cliente fiel dessa marca.",entrega impecável virei cliente fiel dessa marca,Positivo,0.4599,0.363,0.0,0.637
"Não indico essa marca pra ninguém, o produto quebrou em uma semana.",indico marca pra ninguém produto quebrou semana,Negativo,-0.6081,0.0,0.54,0.46
"Adorei a qualidade da marca, muito de primeira qualidade!",adorei qualidade marca primeira qualidade,Positivo,0.6373,0.627,0.0,0.373
"Simplesmente incrível, o preço sensacional!",simplesmente incrível preço sensacional,Positivo,0.5289,0.474,0.0,0.526
"Péssimo o suporte, não recomendo.",péssimo suporte recomendo,Negativo,-0.8709,0.0,0.813,0.187
"A blusa é horrível, não vale o preço, decepção total.",blusa horrível vale preço decepção total,Negativo,-0.6638,0.0,0.539,0.461
Extremamente decepcionado com o celular.,extremamente decepcionado celular,Negativo,-0.5,0.0,0.321,0.679
"Ótimo a entrega, estou muito feliz com a compra!",ótimo entrega estou feliz compra,Positivo,0.6141,0.506,0.0,0.494
Qual a diferença entre o relógio e o modelo anterior?,diferença entre relógio modelo anterior,Neutro,-0.0438,0.0,0.033,0.967
"Entrega atrasou muito, a caixa chegou toda amassada.",entrega atrasou caixa chegou toda amassada,Negativo,-0.659,0.0,0.478,0.522
"Que ótima experiência de compra, tudo maravilhoso!",ótima experiência compra tudo maravilhoso,Positivo,0.7999,0.719,0.0,0.281
"A loja fica aberta até as 22h, segundo o site.",loja fica aberta até segundo site,Neutro,0.0499,0.039,0.0,0.961
"A bicicleta superou minhas expectativas, muito bom!",bicicleta superou expectativas bom,Positivo,0.8686,0.784,0.0,0.216
"Muito satisfeito com o notebook, vale cada centavo.",satisfeito notebook vale cada centavo,Positivo,0.5797,0.418,0.0,0.582
"Voltarei a comprar com certeza, rápido e eficiente!",voltarei comprar certeza rápido eficiente,Positivo,0.5425,0.422,0.0,0.578
"O perfume veio com defeito, muito decepcionado.",perfume veio defeito decepcionado,Negativo,-0.8608,0.0,0.542,0.458
"Produto de baixa qualidade, dinheiro jogado fora.",produto baixa qualidade dinheiro jogado fora,Negativo,-0.7309,0.0,0.562,0.438
Alguém sabe informar o prazo de entrega de o pedido?,alguém sabe informar prazo entrega pedido,Neutro,0.0132,0.008,0.0,0.992
Alguém sabe informar o prazo de entrega de o relógio?,alguém sabe informar prazo entrega relógio,Neutro,-0.0067,0.0,0.004,0.996
"O notebook tem cor azul e branca, conforme o anúncio.",notebook cor azul branca conforme anúncio,Neutro,-0.0192,0.0,0.017,0.983
"Que compra ruim, o notebook veio quebrado.",compra ruim notebook veio quebrado,Negativo,-0.5869,0.0,0.442,0.558
"Serviço ruim, atendimento péssimo, não voltarei.",serviço ruim atendimento péssimo voltarei,Negativo,-0.4113,0.0,0.369,0.631
Melhor experiência que já tive com a qualidade.,melhor experiência qualidade,Positivo,0.7946,0.786,0.0,0.214
"Adorei a qualidade da marca, muito de primeira qualidade!",adorei qualidade marca primeira qualidade,Positivo,0.7359,0.68,0.0,0.32
Estou pesquisando opiniões sobre o suporte antes de comprar.,estou pesquisando opiniões sobre suporte antes comprar,Neutro,-0.0466,0.0,0.034,0.966
"Que compra ruim, o celular veio quebrado.",compra ruim celular veio quebrado,Negativo,-0.6764,0.0,0.458,0.542
Fui até a loja física para trocar o celular.,fui até loja física trocar celular,Neutro,-0.025,0.0,0.021,0.979
"O preço impecável, virei cliente fiel dessa marca.",preço impecável virei cliente fiel dessa marca,Positivo,0.4486,0.364,0.0,0.636
"Muito ruim a entrega, experiência péssima.",ruim entrega experiência péssima,Negativo,-0.6945,0.0,0.425,0.575
"Recebi o livro, embalagem estava ok.",recebi livro embalagem estava,Neutro,0.0048,0.005,0.0,0.995
"Muito satisfeito com o relógio, vale cada centavo.",satisfeito relógio vale cada centavo,Positivo,0.6708,0.577,0.0,0.423
"Ótimo a experiência de compra, estou muito feliz com a compra!",ótimo experiência compra estou feliz compra,Positivo,0.714,0.5,0.0,0.5
"Péssimo a qualidade, não recomendo.",péssimo qualidade recomendo,Negativo,-0.7717,0.0,0.624,0.376
"Comprei o perfume e chegou rápido, super satisfeito!",comprei perfume chegou rápido super satisfeito,Positivo,0.8855,0.748,0.0,0.252
Qual a diferença entre o notebook e o modelo anterior?,diferença entre notebook modelo anterior,Neutro,0.0303,0.026,0.0,0.974
"Adorei o preço da marca, muito muito profissional!",adorei preço marca profissional,Positivo,0.7487,0.467,0.0,0.533
"Muito satisfeito com o celular, vale cada centavo.",satisfeito celular vale cada centavo,Positivo,0.8246,0.607,0.0,0.393
Qual a diferença entre o tênis e o modelo anterior?,diferença entre tênis modelo anterior,Neutro,-0.0332,0.0,0.031,0.969
"Muito bom o fone de ouvido, ficou perfeito, adorei o resultado!",bom fone ouvido ficou perfeito adorei resultado,Positivo,0.8506,0.526,0.0,0.474
Qual a diferença entre o celular e o modelo anterior?,diferença entre celular modelo anterior,Neutro,0.0081,0.006,0.0,0.994
"Que compra ruim, o produto veio quebrado.",compra ruim produto veio quebrado,Negativo,-0.4842,0.0,0.376,0.624
"Que ótima experiência de compra, tudo maravilhoso!",ótima experiência compra tudo maravilhoso,Positivo,0.685,0.671,0.0,0.329
"Recebi o eletrodoméstico, embalagem estava ok.",recebi eletrodoméstico embalagem estava,Neutro,-0.0117,0.0,0.007,0.993
"Simplesmente incrível, o app sensacional!",simplesmente incrível app sensacional,Positivo,0.541,0.413,0.0,0.587
"A qualidade impecável, virei cliente fiel dessa marca.",qualidade impecável virei cliente fiel dessa marca,Positivo,0.8984,0.837,0.0,0.163
"Comprei o fone de ouvido ontem, ainda vou testar.",comprei fone ouvido ontem ainda vou testar,Neutro,0.0329,0.025,0.0,0.975
Vi a propaganda da marca na TV hoje.,propaganda marca hoje,Neutro,0.0071,0.006,0.0,0.994
Extremamente decepcionado com a bicicleta.,extremamente decepcionado bicicleta,Negativo,-0.6962,0.0,0.663,0.337
"Voltarei a comprar com certeza, de primeira qualidade!",voltarei comprar certeza primeira qualidade,Positivo,0.7811,0.687,0.0,0.313
"Comprei o livro ontem, ainda vou testar.",comprei livro ontem ainda vou testar,Neutro,0.0385,0.038,0.0,0.962
Fui até a loja física para trocar o pedido.,fui até loja física trocar pedido,Neutro,-0.0285,0.0,0.028,0.972
Melhor experiência que já tive com a entrega.,melhor experiência entrega,Positivo,0.6805,0.474,0.0,0.526
"Adorei a experiência de compra da marca, muito rápido e eficiente!",adorei experiência compra marca rápido eficiente,Positivo,0.4156,0.359,0.0,0.641
Qual a diferença entre o tênis e o modelo anterior?,diferença entre tênis modelo anterior,Neutro,0.0496,0.039,0.0,0.961
"Terrível, simplesmente terrível essa experiência.",terrível simplesmente terrível experiência,Negativo,-0.5729,0.0,0.388,0.612
"A loja fica aberta até as 22h, segundo o site.",loja fica aberta até segundo site,Neutro,-0.0289,0.0,0.025,0.975
Fui até a loja física para trocar o produto.,fui até loja física trocar produto,Neutro,-0.0199,0.0,0.016,0.984
Vi a propaganda da marca na TV hoje.,propaganda marca hoje,Neutro,-0.0434,0.0,0.03,0.97
"Que ótima experiência de compra, tudo maravilhoso!",ótima experiência compra tudo maravilhoso,Positivo,0.4883,0.479,0.0,0.521
Estou pesquisando opiniões sobre o atendimento antes de comprar.,estou pesquisando opiniões sobre atendimento antes comprar,Neutro,0.0374,0.03,0.0,0.97
"Suporte não responde, estou muito insatisfeito.",suporte responde estou insatisfeito,Negativo,-0.8583,0.0,0.648,0.352
"A entrega impecável, virei cliente fiel dessa marca.",entrega impecável virei cliente fiel dessa marca,Positivo,0.5236,0.442,0.0,0.558
"Péssimo o prazo de entrega, não recomendo.",péssimo prazo entrega recomendo,Negativo,-0.8589,0.0,0.521,0.479
"Equipe rápido e eficiente, super recomendo essa marca!",equipe rápido eficiente super recomendo marca,Positivo,0.8113,0.512,0.0,0.488
"Voltarei a comprar com certeza, acima da expectativa!",voltarei comprar certeza acima expectativa,Positivo,0.8331,0.706,0.0,0.294
O eletrodoméstico chegou no prazo previsto.,eletrodoméstico chegou prazo previsto,Neutro,0.0301,0.026,0.0,0.974
"Não indico essa marca pra ninguém, veio tudo errado.",indico marca pra ninguém veio tudo errado,Negativo,-0.4213,0.0,0.278,0.722
"Que compra ruim, o relógio veio quebrado.",compra ruim relógio veio quebrado,Negativo,-0.7921,0.0,0.743,0.257
"Nunca mais compro dessa marca, veio tudo errado.",nunca compro dessa marca veio tudo errado,Negativo,-0.5587,0.0,0.41,0.59
"Comprei o livro ontem, ainda vou testar.",comprei livro ontem ainda vou testar,Neutro,0.0112,0.009,0.0,0.991
"Muito satisfeito com o perfume, vale cada centavo.",satisfeito perfume vale cada centavo,Positivo,0.6486,0.415,0.0,0.585
Fui até a loja física para trocar o produto.,fui até loja física trocar produto,Neutro,0.0251,0.019,0.0,0.981
Melhor experiência que já tive com a entrega.,melhor experiência entrega,Positivo,0.8072,0.62,0.0,0.38
Estou pesquisando opiniões sobre a embalagem antes de comprar.,estou pesquisando opiniões sobre embalagem antes comprar,Neutro,0.0442,0.032,0.0,0.968
"O relógio tem cor azul e branca, conforme o anúncio.",relógio cor azul branca conforme anúncio,Neutro,0.0058,0.004,0.0,0.996
"A bolsa superou minhas expectativas, muito bom!",bolsa superou expectativas bom,Positivo,0.8847,0.86,0.0,0.14
"Ótimo a qualidade, estou muito feliz com a compra!",ótimo qualidade estou feliz compra,Positivo,0.5986,0.547,0.0,0.453
"A loja fica aberta até as 22h, segundo o site.",loja fica aberta até segundo site,Neutro,-0.0225,0.0,0.014,0.986
Melhor experiência que já tive com a experiência de compra.,melhor experiência experiência compra,Positivo,0.8938,0.65,0.0,0.35
"Atendimento horrível, ninguém resolve nada.",atendimento horrível ninguém resolve nada,Negativo,-0.6417,0.0,0.469,0.531
"Nunca mais compro dessa marca, a caixa chegou toda amassada.",nunca compro dessa marca caixa chegou toda amassada,Negativo,-0.6383,0.0,0.586,0.414
"Produto de baixa qualidade, dinheiro jogado fora.",produto baixa qualidade dinheiro jogado fora,Negativo,-0.6061,0.0,0.374,0.626
Vi a propaganda da marca na TV hoje.,propaganda marca hoje,Neutro,0.0307,0.024,0.0,0.976
Melhor experiência que já tive com a qualidade.,melhor experiência qualidade,Positivo,0.6713,0.478,0.0,0.522
"Comprei a compra ontem, ainda vou testar.",comprei compra ontem ainda vou testar,Neutro,-0.0228,0.0,0.02,0.98
"A loja fica aberta até as 22h, segundo o site.",loja fica aberta até segundo site,Neutro,0.0068,0.005,0.0,0.995
Estou pesquisando opiniões sobre o suporte antes de comprar.,estou pesquisando opiniões sobre suporte antes comprar,Neutro,0.0051,0.003,0.0,0.997
"A experiência de compra horrível, o produto quebrou em uma semana.",experiência compra horrível produto quebrou semana,Negativo,-0.7813,0.0,0.745,0.255
"A qualidade impecável, virei cliente fiel dessa marca.",qualidade impecável virei cliente fiel dessa marca,Positivo,0.8328,0.536,0.0,0.464
"Nunca mais compro dessa marca, cobraram duas vezes no cartão.",nunca compro dessa marca cobraram duas vezes cartão,Negativo,-0.8297,0.0,0.743,0.257
"Péssimo o prazo de entrega, não recomendo.",péssimo prazo entrega recomendo,Negativo,-0.8953,0.0,0.581,0.419
"Equipe de primeira qualidade, super recomendo essa marca!",equipe primeira qualidade super recomendo marca,Positivo,0.6714,0.521,0.0,0.479
"Comprei o produto ontem, ainda vou testar.",comprei produto ontem ainda vou testar,Neutro,0.0097,0.009,0.0,0.991
"Muito bom o pedido, ficou perfeito, adorei o resultado!",bom pedido ficou perfeito adorei resultado,Positivo,0.7737,0.645,0.0,0.355
"O pedido é horrível, não vale o preço, decepção total.",pedido horrível vale preço decepção total,Negativo,-0.7038,0.0,0.649,0.351
"O site horrível, demorou semanas para resolver.",site horrível demorou semanas resolver,Negativo,-0.7506,0.0,0.602,0.398
"Não indico essa marca pra ninguém, ninguém respondeu meus e-mails.",indico marca pra ninguém ninguém respondeu emails,Negativo,-0.5034,0.0,0.488,0.512
"A loja fica aberta até as 22h, segundo o site.",loja fica aberta até segundo site,Neutro,0.0237,0.02,0.0,0.98
Extremamente decepcionado com o tênis.,extremamente decepcionado tênis,Negativo,-0.4599,0.0,0.385,0.615
"O relógio é maravilhoso, adorei demais!",relógio maravilhoso adorei demais,Positivo,0.4521,0.372,0.0,0.628
"Adorei o site da marca, muito muito profissional!",adorei site marca profissional,Positivo,0.7248,0.704,0.0,0.296
"Que ótima experiência de compra, tudo maravilhoso!",ótima experiência compra tudo maravilhoso,Positivo,0.7145,0.6,0.0,0.4
"Muito ruim o app, experiência péssima.",ruim app experiência péssima,Negativo,-0.5556,0.0,0.459,0.541
Estou pesquisando opiniões sobre o site antes de comprar.,estou pesquisando opiniões sobre site antes comprar,Neutro,0.0088,0.007,0.0,0.993
"Atendimento nota 10, resolveram meu problema rapidinho.",atendimento nota resolveram problema rapidinho,Positivo,0.7991,0.745,0.0,0.255
"A loja fica aberta até as 22h, segundo o site.",loja fica aberta até segundo site,Neutro,-0.0147,0.0,0.012,0.988
"Comprei o eletrodoméstico e chegou rápido, super satisfeito!",comprei eletrodoméstico chegou rápido super satisfeito,Positivo,0.4853,0.385,0.0,0.615
"O fone de ouvido veio com defeito, muito decepcionado.",fone ouvido veio defeito decepcionado,Negativo,-0.5135,0.0,0.498,0.502
"O preço horrível, ninguém respondeu meus e-mails.",preço horrível ninguém respondeu emails,Negativo,-0.4975,0.0,0.443,0.557
"A loja fica aberta até as 22h, segundo o site.",loja fica aberta até segundo site,Neutro,-0.0165,0.0,0.016,0.984
"Equipe muito profissional, super recomendo essa marca!",equipe profissional super recomendo marca,Positivo,0.4197,0.29,0.0,0.71
"Comprei a blusa e chegou rápido, super satisfeito!",comprei blusa chegou rápido super satisfeito,Positivo,0.657,0.395,0.0,0.605
"Muito ruim o suporte, experiência péssima.",ruim suporte experiência péssima,Negativo,-0.6991,0.0,0.48,0.52
"Comprei a blusa e chegou rápido, super satisfeito!",comprei blusa chegou rápido super satisfeito,Positivo,0.6169,0.555,0.0,0.445
Estou pesquisando opiniões sobre o app antes de comprar.,estou pesquisando opiniões sobre app antes comprar,Neutro,0.0175,0.017,0.0,0.983
"Atendimento horrível, ninguém resolve nada.",atendimento horrível ninguém resolve nada,Negativo,-0.8738,0.0,0.813,0.187
"Produto de baixa qualidade, dinheiro jogado fora.",produto baixa qualidade dinheiro jogado fora,Negativo,-0.7313,0.0,0.566,0.434
Vi a propaganda da marca na TV hoje.,propaganda marca hoje,Neutro,0.0247,0.019,0.0,0.981
"A loja fica aberta até as 22h, segundo o site.",loja fica aberta até segundo site,Neutro,0.0294,0.018,0.0,0.982
"O relógio tem cor azul e branca, conforme o anúncio.",relógio cor azul branca conforme anúncio,Neutro,-0.0297,0.0,0.028,0.972
Vi a propaganda da marca na TV hoje.,propaganda marca hoje,Neutro,0.0219,0.02,0.0,0.98
"Comprei o fone de ouvido ontem, ainda vou testar.",comprei fone ouvido ontem ainda vou testar,Neutro,-0.01,0.0,0.009,0.991
"Produto de baixa qualidade, dinheiro jogado fora.",produto baixa qualidade dinheiro jogado fora,Negativo,-0.7415,0.0,0.455,0.545
"Equipe super atencioso, super recomendo essa marca!",equipe super atencioso super recomendo marca,Positivo,0.4381,0.302,0.0,0.698
"Suporte não responde, estou muito insatisfeito.",suporte responde estou insatisfeito,Negativo,-0.8766,0.0,0.587,0.413
"Produto de baixa qualidade, dinheiro jogado fora.",produto baixa qualidade dinheiro jogado fora,Negativo,-0.5594,0.0,0.548,0.452
"Nunca mais compro dessa marca, o produto quebrou em uma semana.",nunca compro dessa marca produto quebrou semana,Negativo,-0.5619,0.0,0.518,0.482
"A loja fica aberta até as 22h, segundo o site.",loja fica aberta até segundo site,Neutro,-0.0239,0.0,0.015,0.985
"O pedido superou minhas expectativas, muito bom!",pedido superou expectativas bom,Positivo,0.7318,0.519,0.0,0.481
"Serviço ruim, atendimento péssimo, não voltarei.",serviço ruim atendimento péssimo voltarei,Negativo,-0.8041,0.0,0.598,0.402
"Comprei o relógio ontem, ainda vou testar.",comprei relógio ontem ainda vou testar,Neutro,-0.0301,0.0,0.028,0.972
Vi a propaganda da marca na TV hoje.,propaganda marca hoje,Neutro,0.0006,0.001,0.0,0.999
"Suporte não responde, estou muito insatisfeito.",suporte responde estou insatisfeito,Negativo,-0.451,0.0,0.348,0.652
"Simplesmente incrível, o preço sensacional!",simplesmente incrível preço sensacional,Positivo,0.5778,0.474,0.0,0.526
Qual a diferença entre a bolsa e o modelo anterior?,diferença entre bolsa modelo anterior,Neutro,0.0324,0.023,0.0,0.977
"O livro é maravilhoso, adorei demais!",livro maravilhoso adorei demais,Positivo,0.4282,0.348,0.0,0.652
"O perfume superou minhas expectativas, muito bom!",perfume superou expectativas bom,Positivo,0.7455,0.717,0.0,0.283
"O prazo de entrega horrível, a caixa chegou toda amassada.",prazo entrega horrível caixa chegou toda amassada,Negativo,-0.8699,0.0,0.765,0.235
"Voltarei a comprar com certeza, rápido e eficiente!",voltarei comprar certeza rápido eficiente,Positivo,0.4456,0.316,0.0,0.684
"Suporte não responde, estou muito insatisfeito.",suporte responde estou insatisfeito,Negativo,-0.8652,0.0,0.743,0.257
"Comprei a bolsa ontem, ainda vou testar.",comprei bolsa ontem ainda vou testar,Neutro,-0.024,0.0,0.02,0.98
"Entrega atrasou muito, cobraram duas vezes no cartão.",entrega atrasou cobraram duas vezes cartão,Negativo,-0.8328,0.0,0.589,0.411
Melhor experiência que já tive com o prazo de entrega.,melhor experiência prazo entrega,Positivo,0.6574,0.475,0.0,0.525
"Voltarei a comprar com certeza, super atencioso!",voltarei comprar certeza super atencioso,Positivo,0.5983,0.54,0.0,0.46
"Muito ruim a qualidade, experiência péssima.",ruim qualidade experiência péssima,Negativo,-0.6408,0.0,0.465,0.535
Alguém sabe informar o prazo de entrega de a compra?,alguém sabe informar prazo entrega compra,Neutro,-0.0465,0.0,0.043,0.957
"O suporte impecável, virei cliente fiel dessa marca.",suporte impecável virei cliente fiel dessa marca,Positivo,0.5433,0.495,0.0,0.505
"Não indico essa marca pra ninguém, ninguém respondeu meus e-mails.",indico marca pra ninguém ninguém respondeu emails,Negativo,-0.6225,0.0,0.554,0.446
"Nunca mais compro dessa marca, veio tudo errado.",nunca compro dessa marca veio tudo errado,Negativo,-0.7472,0.0,0.618,0.382
"Recebi a blusa, embalagem estava ok.",recebi blusa embalagem estava,Neutro,-0.0431,0.0,0.032,0.968
Estou pesquisando opiniões sobre o site antes de comprar.,estou pesquisando opiniões sobre site antes comprar,Neutro,-0.0244,0.0,0.023,0.977
"Suporte não responde, estou muito insatisfeito.",suporte responde estou insatisfeito,Negativo,-0.4186,0.0,0.386,0.614
"Entrega atrasou muito, demorou semanas para resolver.",entrega atrasou demorou semanas resolver,Negativo,-0.8523,0.0,0.654,0.346
"Péssimo o suporte, não recomendo.",péssimo suporte recomendo,Negativo,-0.8296,0.0,0.726,0.274
"A bolsa tem cor azul e branca, conforme o anúncio.",bolsa cor azul branca conforme anúncio,Neutro,-0.0334,0.0,0.024,0.976
"Suporte não responde, estou muito insatisfeito.",suporte responde estou insatisfeito,Negativo,-0.8129,0.0,0.67,0.33
Extremamente decepcionado com o perfume.,extremamente decepcionado perfume,Negativo,-0.6112,0.0,0.446,0.554
Estou pesquisando opiniões sobre o site antes de comprar.,estou pesquisando opiniões sobre site antes comprar,Neutro,0.0099,0.008,0.0,0.992
"Atendimento nota 10, resolveram meu problema rapidinho.",atendimento nota resolveram problema rapidinho,Positivo,0.8387,0.678,0.0,0.322
Estou pesquisando opiniões sobre o suporte antes de comprar.,estou pesquisando opiniões sobre suporte antes comprar,Neutro,0.0449,0.035,0.0,0.965
"Adorei a embalagem da marca, muito de primeira qualidade!",adorei embalagem marca primeira qualidade,Positivo,0.4504,0.401,0.0,0.599
"Atendimento horrível, ninguém resolve nada.",atendimento horrível ninguém resolve nada,Negativo,-0.5771,0.0,0.493,0.507
"Péssimo a qualidade, não recomendo.",péssimo qualidade recomendo,Negativo,-0.4225,0.0,0.292,0.708
"Comprei o tênis ontem, ainda vou testar.",comprei tênis ontem ainda vou testar,Neutro,0.0064,0.006,0.0,0.994
"Recebi o notebook, embalagem estava ok.",recebi notebook embalagem estava,Neutro,0.044,0.031,0.0,0.969
Fui até a loja física para trocar o perfume.,fui até loja física trocar perfume,Neutro,0.0083,0.006,0.0,0.994
"O notebook é maravilhoso, adorei demais!",notebook maravilhoso adorei demais,Positivo,0.4869,0.383,0.0,0.617
"Nunca mais compro dessa marca, a caixa chegou toda amassada.",nunca compro dessa marca caixa chegou toda amassada,Negativo,-0.5558,0.0,0.339,0.661
"Muito ruim o prazo de entrega, experiência péssima.",ruim prazo entrega experiência péssima,Negativo,-0.716,0.0,0.555,0.445
Estou pesquisando opiniões sobre a experiência de compra antes de comprar.,estou pesquisando opiniões sobre experiência compra antes comprar,Neutro,-0.0397,0.0,0.037,0.963
"Que compra ruim, o brinquedo veio quebrado.",compra ruim brinquedo veio quebrado,Negativo,-0.4202,0.0,0.349,0.651
"O site impecável, virei cliente fiel dessa marca.",site impecável virei cliente fiel dessa marca,Positivo,0.5259,0.457,0.0,0.543
Fui até a loja física para trocar a compra.,fui até loja física trocar compra,Neutro,0.0057,0.005,0.0,0.995
"Excelente a qualidade, recomendo a todos!",excelente qualidade recomendo todos,Positivo,0.7101,0.552,0.0,0.448
"Atendimento horrível, ninguém resolve nada.",atendimento horrível ninguém resolve nada,Negativo,-0.8517,0.0,0.66,0.34
"Produto de baixa qualidade, dinheiro jogado fora.",produto baixa qualidade dinheiro jogado fora,Negativo,-0.592,0.0,0.511,0.489
"Adorei a qualidade da marca, muito super atencioso!",adorei qualidade marca super atencioso,Positivo,0.8435,0.511,0.0,0.489
"A bicicleta é horrível, não vale o preço, decepção total.",bicicleta horrível vale preço decepção total,Negativo,-0.5008,0.0,0.315,0.685
Alguém sabe informar o prazo de entrega de o produto?,alguém sabe informar prazo entrega produto,Neutro,0.0342,0.022,0.0,0.978
Estou pesquisando opiniões sobre o prazo de entrega antes de comprar.,estou pesquisando opiniões sobre prazo entrega antes comprar,Neutro,-0.042,0.0,0.035,0.965
"Equipe muito profissional, super recomendo essa marca!",equipe profissional super recomendo marca,Positivo,0.8906,0.813,0.0,0.187
"Muito bom o livro, ficou perfeito, adorei o resultado!",bom livro ficou perfeito adorei resultado,Positivo,0.5988,0.496,0.0,0.504
"Serviço ruim, atendimento péssimo, não voltarei.",serviço ruim atendimento péssimo voltarei,Negativo,-0.4588,0.0,0.348,0.652
"Muito satisfeito com a bolsa, vale cada centavo.",satisfeito bolsa vale cada centavo,Positivo,0.4208,0.338,0.0,0.662
"A loja fica aberta até as 22h, segundo o site.",loja fica aberta até segundo site,Neutro,-0.047,0.0,0.03,0.97
Qual a diferença entre o livro e o modelo anterior?,diferença entre livro modelo anterior,Neutro,-0.0149,0.0,0.014,0.986
Qual a diferença entre a blusa e o modelo anterior?,diferença entre blusa modelo anterior,Neutro,-0.0465,0.0,0.046,0.954
"Comprei o fone de ouvido ontem, ainda vou testar.",comprei fone ouvido ontem ainda vou testar,Neutro,-0.0036,0.0,0.003,0.997
"Muito bom a bicicleta, ficou perfeito, adorei o resultado!",bom bicicleta ficou perfeito adorei resultado,Positivo,0.5746,0.394,0.0,0.606
"O prazo de entrega horrível, ninguém respondeu meus e-mails.",prazo entrega horrível ninguém respondeu emails,Negativo,-0.5945,0.0,0.536,0.464
Fui até a loja física para trocar o relógio.,fui até loja física trocar relógio,Neutro,-0.0437,0.0,0.041,0.959
Melhor experiência que já tive com o suporte.,melhor experiência suporte,Positivo,0.4127,0.34,0.0,0.66
Vi a propaganda da marca na TV hoje.,propaganda marca hoje,Neutro,0.0121,0.008,0.0,0.992
Vi a propaganda da marca na TV hoje.,propaganda marca hoje,Neutro,0.0103,0.009,0.0,0.991
Estou pesquisando opiniões sobre a qualidade antes de comprar.,estou pesquisando opiniões sobre qualidade antes comprar,Neutro,0.0098,0.007,0.0,0.993
"Recebi a compra, embalagem estava ok.",recebi compra embalagem estava,Neutro,0.0083,0.007,0.0,0.993
"Que ótima experiência de compra, tudo maravilhoso!",ótima experiência compra tudo maravilhoso,Positivo,0.6408,0.415,0.0,0.585
"Muito satisfeito com a bicicleta, vale cada centavo.",satisfeito bicicleta vale cada centavo,Positivo,0.4065,0.383,0.0,0.617
Qual a diferença entre o perfume e o modelo anterior?,diferença entre perfume modelo anterior,Neutro,-0.0449,0.0,0.04,0.96
"Ótimo a entrega, estou muito feliz com a compra!",ótimo entrega estou feliz compra,Positivo,0.89,0.644,0.0,0.356
O livro chegou no prazo previsto.,livro chegou prazo previsto,Neutro,0.0429,0.035,0.0,0.965
"Produto de baixa qualidade, dinheiro jogado fora.",produto baixa qualidade dinheiro jogado fora,Negativo,-0.479,0.0,0.446,0.554
"Recebi o relógio, embalagem estava ok.",recebi relógio embalagem estava,Neutro,0.0251,0.015,0.0,0.985
"Terrível, simplesmente terrível essa experiência.",terrível simplesmente terrível experiência,Negativo,-0.5599,0.0,0.452,0.548
Melhor experiência que já tive com o prazo de entrega.,melhor experiência prazo entrega,Positivo,0.8463,0.671,0.0,0.329
"Comprei o fone de ouvido e chegou rápido, super satisfeito!",comprei fone ouvido chegou rápido super satisfeito,Positivo,0.8476,0.615,0.0,0.385
"Não indico essa marca pra ninguém, o produto quebrou em uma semana.",indico marca pra ninguém produto quebrou semana,Negativo,-0.8688,0.0,0.525,0.475
"Atendimento horrível, ninguém resolve nada.",atendimento horrível ninguém resolve nada,Negativo,-0.6751,0.0,0.424,0.576
"Muito bom o perfume, ficou perfeito, adorei o resultado!",bom perfume ficou perfeito adorei resultado,Positivo,0.7168,0.61,0.0,0.39
Vi a propaganda da marca na TV hoje.,propaganda marca hoje,Neutro,-0.026,0.0,0.024,0.976
"Terrível, simplesmente terrível essa experiência.",terrível simplesmente terrível experiência,Negativo,-0.8744,0.0,0.617,0.383
"A loja fica aberta até as 22h, segundo o site.",loja fica aberta até segundo site,Neutro,-0.0067,0.0,0.004,0.996
"Muito ruim o site, experiência péssima.",ruim site experiência péssima,Negativo,-0.6474,0.0,0.537,0.463
"Atendimento nota 10, resolveram meu problema rapidinho.",atendimento nota resolveram problema rapidinho,Positivo,0.5384,0.476,0.0,0.524
"Recebi o celular, embalagem estava ok.",recebi celular embalagem estava,Neutro,0.0148,0.012,0.0,0.988
"Atendimento nota 10, resolveram meu problema rapidinho.",atendimento nota resolveram problema rapidinho,Positivo,0.6578,0.469,0.0,0.531
"Simplesmente incrível, a experiência de compra sensacional!",simplesmente incrível experiência compra sensacional,Positivo,0.4112,0.34,0.0,0.66
Fui até a loja física para trocar a bolsa.,fui até loja física trocar bolsa,Neutro,0.0136,0.011,0.0,0.989
"Excelente a experiência de compra, recomendo a todos!",excelente experiência compra recomendo todos,Positivo,0.7358,0.514,0.0,0.486
"Que compra ruim, a compra veio quebrado.",compra ruim compra veio quebrado,Negativo,-0.8739,0.0,0.781,0.219
"A loja fica aberta até as 22h, segundo o site.",loja fica aberta até segundo site,Neutro,-0.0023,0.0,0.002,0.998
"Comprei o tênis ontem, ainda vou testar.",comprei tênis ontem ainda vou testar,Neutro,0.0363,0.03,0.0,0.97
"Suporte não responde, estou muito insatisfeito.",suporte responde estou insatisfeito,Negativo,-0.5662,0.0,0.476,0.524
Extremamente decepcionado com o livro.,extremamente decepcionado livro,Negativo,-0.8358,0.0,0.562,0.438
"Muito ruim o site, experiência péssima.",ruim site experiência péssima,Negativo,-0.537,0.0,0.343,0.657
"O tênis veio com defeito, muito decepcionado.",tênis veio defeito decepcionado,Negativo,-0.6986,0.0,0.487,0.513
"A compra é horrível, não vale o preço, decepção total.",compra horrível vale preço decepção total,Negativo,-0.6338,0.0,0.44,0.56
"O livro tem cor azul e branca, conforme o anúncio.",livro cor azul branca conforme anúncio,Neutro,0.0042,0.004,0.0,0.996
"Nunca mais compro dessa marca, o produto quebrou em uma semana.",nunca compro dessa marca produto quebrou semana,Negativo,-0.5257,0.0,0.511,0.489
"Ótimo o prazo de entrega, estou muito feliz com a compra!",ótimo prazo entrega estou feliz compra,Positivo,0.7997,0.483,0.0,0.517
"Que ótima experiência de compra, tudo maravilhoso!",ótima experiência compra tudo maravilhoso,Positivo,0.4998,0.317,0.0,0.683
"Recebi a blusa, embalagem estava ok.",recebi blusa embalagem estava,Neutro,-0.0147,0.0,0.01,0.99
"Simplesmente incrível, o atendimento sensacional!",simplesmente incrível atendimento sensacional,Positivo,0.41,0.365,0.0,0.635
"Simplesmente incrível, a entrega sensacional!",simplesmente incrível entrega sensacional,Positivo,0.4697,0.445,0.0,0.555
"O brinquedo veio com defeito, muito decepcionado.",brinquedo veio defeito decepcionado,Negativo,-0.6707,0.0,0.483,0.517
"Comprei o celular ontem, ainda vou testar.",comprei celular ontem ainda vou testar,Neutro,0.0215,0.013,0.0,0.987
"Muito bom a bicicleta, ficou perfeito, adorei o resultado!",bom bicicleta ficou perfeito adorei resultado,Positivo,0.7738,0.699,0.0,0.301
"Muito satisfeito com a bolsa, vale cada centavo.",satisfeito bolsa vale cada centavo,Positivo,0.5212,0.485,0.0,0.515
"Comprei a bicicleta ontem, ainda vou testar.",comprei bicicleta ontem ainda vou testar,Neutro,-0.0139,0.0,0.009,0.991
"Atendimento horrível, ninguém resolve nada.",atendimento horrível ninguém resolve nada,Negativo,-0.882,0.0,0.659,0.341
Estou pesquisando opiniões sobre o prazo de entrega antes de comprar.,estou pesquisando opiniões sobre prazo entrega antes comprar,Neutro,0.039,0.024,0.0,0.976
A bicicleta chegou no prazo previsto.,bicicleta chegou prazo previsto,Neutro,-0.0415,0.0,0.031,0.969
"Não indico essa marca pra ninguém, a caixa chegou toda amassada.",indico marca pra ninguém caixa chegou toda amassada,Negativo,-0.5561,0.0,0.348,0.652
"Atendimento horrível, ninguém resolve nada.",atendimento horrível ninguém resolve nada,Negativo,-0.5219,0.0,0.498,0.502
Melhor experiência que já tive com a embalagem.,melhor experiência embalagem,Positivo,0.4932,0.299,0.0,0.701
"Nunca mais compro dessa marca, veio tudo errado.",nunca compro dessa marca veio tudo errado,Negativo,-0.8641,0.0,0.659,0.341
"A entrega impecável, virei cliente fiel dessa marca.",entrega impecável virei cliente fiel dessa marca,Positivo,0.6734,0.571,0.0,0.429
"A qualidade horrível, cobraram duas vezes no cartão.",qualidade horrível cobraram duas vezes cartão,Negativo,-0.5408,0.0,0.495,0.505
"Serviço ruim, atendimento péssimo, não voltarei.",serviço ruim atendimento péssimo voltarei,Negativo,-0.4629,0.0,0.458,0.542
"Excelente a experiência de compra, recomendo a todos!",excelente experiência compra recomendo todos,Positivo,0.6437,0.404,0.0,0.596
"Nunca mais compro dessa marca, demorou semanas para resolver.",nunca compro dessa marca demorou semanas resolver,Negativo,-0.7145,0.0,0.479,0.521
"Voltarei a comprar com certeza, muito profissional!",voltarei comprar certeza profissional,Positivo,0.4568,0.324,0.0,0.676
"Atendimento horrível, ninguém resolve nada.",atendimento horrível ninguém resolve nada,Negativo,-0.5482,0.0,0.544,0.456
"Adorei a experiência de compra da marca, muito muito profissional!",adorei experiência compra marca profissional,Positivo,0.71,0.473,0.0,0.527
Vi a propaganda da marca na TV hoje.,propaganda marca hoje,Neutro,-0.0154,0.0,0.01,0.99
"Suporte não responde, estou muito insatisfeito.",suporte responde estou insatisfeito,Negativo,-0.4076,0.0,0.31,0.69
"Recebi a bolsa, embalagem estava ok.",recebi bolsa embalagem estava,Neutro,-0.0396,0.0,0.03,0.97
"O produto é horrível, não vale o preço, decepção total.",produto horrível vale preço decepção total,Negativo,-0.5568,0.0,0.35,0.65
Fui até a loja física para trocar o produto.,fui até loja física trocar produto,Neutro,-0.0259,0.0,0.019,0.981
"Suporte não responde, estou muito insatisfeito.",suporte responde estou insatisfeito,Negativo,-0.6395,0.0,0.508,0.492
Extremamente decepcionado com o livro.,extremamente decepcionado livro,Negativo,-0.8104,0.0,0.797,0.203
"Produto de baixa qualidade, dinheiro jogado fora.",produto baixa qualidade dinheiro jogado fora,Negativo,-0.7626,0.0,0.581,0.419
"O notebook tem cor azul e branca, conforme o anúncio.",notebook cor azul branca conforme anúncio,Neutro,0.0251,0.017,0.0,0.983
Vi a propaganda da marca na TV hoje.,propaganda marca hoje,Neutro,-0.0357,0.0,0.022,0.978
Fui até a loja física para trocar o fone de ouvido.,fui até loja física trocar fone ouvido,Neutro,0.0023,0.002,0.0,0.998
Estou pesquisando opiniões sobre o suporte antes de comprar.,estou pesquisando opiniões sobre suporte antes comprar,Neutro,0.0407,0.031,0.0,0.969
"Equipe super atencioso, super recomendo essa marca!",equipe super atencioso super recomendo marca,Positivo,0.8574,0.579,0.0,0.421
"Muito ruim o site, experiência péssima.",ruim site experiência péssima,Negativo,-0.4452,0.0,0.316,0.684
Estou pesquisando opiniões sobre o site antes de comprar.,estou pesquisando opiniões sobre site antes comprar,Neutro,0.0345,0.025,0.0,0.975
Vi a propaganda da marca na TV hoje.,propaganda marca hoje,Neutro,0.0049,0.004,0.0,0.996
Qual a diferença entre o tênis e o modelo anterior?,diferença entre tênis modelo anterior,Neutro,0.0044,0.003,0.0,0.997
"Péssimo o atendimento, não recomendo.",péssimo atendimento recomendo,Negativo,-0.6906,0.0,0.633,0.367
Estou pesquisando opiniões sobre o preço antes de comprar.,estou pesquisando opiniões sobre preço antes comprar,Neutro,-0.0013,0.0,0.001,0.999
Extremamente decepcionado com o perfume.,extremamente decepcionado perfume,Negativo,-0.6028,0.0,0.513,0.487
Estou pesquisando opiniões sobre a embalagem antes de comprar.,estou pesquisando opiniões sobre embalagem antes comprar,Neutro,-0.0129,0.0,0.011,0.989
"O tênis é horrível, não vale o preço, decepção total.",tênis horrível vale preço decepção total,Negativo,-0.4611,0.0,0.429,0.571
"Adorei o preço da marca, muito rápido e eficiente!",adorei preço marca rápido eficiente,Positivo,0.5482,0.463,0.0,0.537
"Serviço ruim, atendimento péssimo, não voltarei.",serviço ruim atendimento péssimo voltarei,Negativo,-0.7423,0.0,0.615,0.385
"O brinquedo tem cor azul e branca, conforme o anúncio.",brinquedo cor azul branca conforme anúncio,Neutro,-0.022,0.0,0.02,0.98
"Muito bom a blusa, ficou perfeito, adorei o resultado!",bom blusa ficou perfeito adorei resultado,Positivo,0.4049,0.315,0.0,0.685
"Que compra ruim, o tênis veio quebrado.",compra ruim tênis veio quebrado,Negativo,-0.465,0.0,0.321,0.679
"O relógio tem cor azul e branca, conforme o anúncio.",relógio cor azul branca conforme anúncio,Neutro,-0.0016,0.0,0.001,0.999
"Comprei o pedido ontem, ainda vou testar.",comprei pedido ontem ainda vou testar,Neutro,0.0234,0.016,0.0,0.984
"A loja fica aberta até as 22h, segundo o site.",loja fica aberta até segundo site,Neutro,0.0144,0.013,0.0,0.987
Estou pesquisando opiniões sobre a embalagem antes de comprar.,estou pesquisando opiniões sobre embalagem antes comprar,Neutro,0.0093,0.008,0.0,0.992
"A loja fica aberta até as 22h, segundo o site.",loja fica aberta até segundo site,Neutro,0.0386,0.033,0.0,0.967
"Atendimento nota 10, resolveram meu problema rapidinho.",atendimento nota resolveram problema rapidinho,Positivo,0.4911,0.425,0.0,0.575
"O site horrível, veio tudo errado.",site horrível veio tudo errado,Negativo,-0.4161,0.0,0.375,0.625
Qual a diferença entre o livro e o modelo anterior?,diferença entre livro modelo anterior,Neutro,-0.0291,0.0,0.018,0.982
"A loja fica aberta até as 22h, segundo o site.",loja fica aberta até segundo site,Neutro,0.0164,0.011,0.0,0.989
Estou pesquisando opiniões sobre o preço antes de comprar.,estou pesquisando opiniões sobre preço antes comprar,Neutro,-0.0318,0.0,0.022,0.978
"Nunca mais compro dessa marca, demorou semanas para resolver.",nunca compro dessa marca demorou semanas resolver,Negativo,-0.7484,0.0,0.647,0.353
"Comprei o eletrodoméstico ontem, ainda vou testar.",comprei eletrodoméstico ontem ainda vou testar,Neutro,-0.009,0.0,0.008,0.992
Alguém sabe informar o prazo de entrega de a blusa?,alguém sabe informar prazo entrega blusa,Neutro,0.0044,0.004,0.0,0.996
"Serviço ruim, atendimento péssimo, não voltarei.",serviço ruim atendimento péssimo voltarei,Negativo,-0.4486,0.0,0.303,0.697
"Péssimo o app, não recomendo.",péssimo app recomendo,Negativo,-0.8937,0.0,0.576,0.424
Qual a diferença entre o pedido e o modelo anterior?,diferença entre pedido modelo anterior,Neutro,0.0012,0.001,0.0,0.999
"A bolsa tem cor azul e branca, conforme o anúncio.",bolsa cor azul branca conforme anúncio,Neutro,0.0433,0.033,0.0,0.967
"Atendimento nota 10, resolveram meu problema rapidinho.",atendimento nota resolveram problema rapidinho,Positivo,0.6461,0.44,0.0,0.56
Alguém sabe informar o prazo de entrega de o brinquedo?,alguém sabe informar prazo entrega brinquedo,Neutro,-0.028,0.0,0.024,0.976
"Nunca mais compro dessa marca, a caixa chegou toda amassada.",nunca compro dessa marca caixa chegou toda amassada,Negativo,-0.5567,0.0,0.457,0.543
"Não indico essa marca pra ninguém, o produto quebrou em uma semana.",indico marca pra ninguém produto quebrou semana,Negativo,-0.8788,0.0,0.755,0.245
"Serviço ruim, atendimento péssimo, não voltarei.",serviço ruim atendimento péssimo voltarei,Negativo,-0.4008,0.0,0.315,0.685
"O eletrodoméstico é horrível, não vale o preço, decepção total.",eletrodoméstico horrível vale preço decepção total,Negativo,-0.4017,0.0,0.369,0.631
"Excelente o atendimento, recomendo a todos!",excelente atendimento recomendo todos,Positivo,0.491,0.39,0.0,0.61
Melhor experiência que já tive com o atendimento.,melhor experiência atendimento,Positivo,0.5343,0.468,0.0,0.532
O relógio chegou no prazo previsto.,relógio chegou prazo previsto,Neutro,0.0398,0.034,0.0,0.966
"Excelente a entrega, recomendo a todos!",excelente entrega recomendo todos,Positivo,0.4684,0.43,0.0,0.57
"Voltarei a comprar com certeza, super atencioso!",voltarei comprar certeza super atencioso,Positivo,0.7401,0.528,0.0,0.472
Estou pesquisando opiniões sobre o prazo de entrega antes de comprar.,estou pesquisando opiniões sobre prazo entrega antes comprar,Neutro,-0.0288,0.0,0.024,0.976
"Equipe rápido e eficiente, super recomendo essa marca!",equipe rápido eficiente super recomendo marca,Positivo,0.5751,0.571,0.0,0.429
"Equipe super atencioso, super recomendo essa marca!",equipe super atencioso super recomendo marca,Positivo,0.4405,0.424,0.0,0.576
Alguém sabe informar o prazo de entrega de o tênis?,alguém sabe informar prazo entrega tênis,Neutro,-0.0111,0.0,0.01,0.99
"Não indico essa marca pra ninguém, cobraram duas vezes no cartão.",indico marca pra ninguém cobraram duas vezes cartão,Negativo,-0.4636,0.0,0.447,0.553
"Simplesmente incrível, o prazo de entrega sensacional!",simplesmente incrível prazo entrega sensacional,Positivo,0.6744,0.663,0.0,0.337
Fui até a loja física para trocar o tênis.,fui até loja física trocar tênis,Neutro,0.0159,0.01,0.0,0.99
"Nunca mais compro dessa marca, o produto quebrou em uma semana.",nunca compro dessa marca produto quebrou semana,Negativo,-0.7139,0.0,0.447,0.553
"Produto de baixa qualidade, dinheiro jogado fora.",produto baixa qualidade dinheiro jogado fora,Negativo,-0.4036,0.0,0.38,0.62
"Que ótima experiência de compra, tudo maravilhoso!",ótima experiência compra tudo maravilhoso,Positivo,0.5627,0.491,0.0,0.509
"A qualidade impecável, virei cliente fiel dessa marca.",qualidade impecável virei cliente fiel dessa marca,Positivo,0.6257,0.538,0.0,0.462
"Péssimo o suporte, não recomendo.",péssimo suporte recomendo,Negativo,-0.6974,0.0,0.642,0.358
"O perfume tem cor azul e branca, conforme o anúncio.",perfume cor azul branca conforme anúncio,Neutro,-0.0082,0.0,0.007,0.993
"Terrível, simplesmente terrível essa experiência.",terrível simplesmente terrível experiência,Negativo,-0.4291,0.0,0.327,0.673
"Recebi o brinquedo, embalagem estava ok.",recebi brinquedo embalagem estava,Neutro,0.0374,0.034,0.0,0.966
"A embalagem horrível, demorou semanas para resolver.",embalagem horrível demorou semanas resolver,Negativo,-0.7648,0.0,0.565,0.435
"Que ótima experiência de compra, tudo maravilhoso!",ótima experiência compra tudo maravilhoso,Positivo,0.6849,0.589,0.0,0.411
"Nunca mais compro dessa marca, ninguém respondeu meus e-mails.",nunca compro dessa marca ninguém respondeu emails,Negativo,-0.7619,0.0,0.59,0.41
"Muito ruim a embalagem, experiência péssima.",ruim embalagem experiência péssima,Negativo,-0.4018,0.0,0.317,0.683
"Que ótima experiência de compra, tudo maravilhoso!",ótima experiência compra tudo maravilhoso,Positivo,0.5091,0.447,0.0,0.553
"Terrível, simplesmente terrível essa experiência.",terrível simplesmente terrível experiência,Negativo,-0.5715,0.0,0.535,0.465
"Muito ruim o atendimento, experiência péssima.",ruim atendimento experiência péssima,Negativo,-0.5538,0.0,0.485,0.515
"A compra veio com defeito, muito decepcionado.",compra veio defeito decepcionado,Negativo,-0.7579,0.0,0.756,0.244
"Atendimento horrível, ninguém resolve nada.",atendimento horrível ninguém resolve nada,Negativo,-0.7924,0.0,0.57,0.43
"A qualidade horrível, ninguém respondeu meus e-mails.",qualidade horrível ninguém respondeu emails,Negativo,-0.8093,0.0,0.545,0.455
"Entrega atrasou muito, demorou semanas para resolver.",entrega atrasou demorou semanas resolver,Negativo,-0.8993,0.0,0.679,0.321
"Muito satisfeito com o livro, vale cada centavo.",satisfeito livro vale cada centavo,Positivo,0.7805,0.596,0.0,0.404
Fui até a loja física para trocar o brinquedo.,fui até loja física trocar brinquedo,Neutro,0.0158,0.01,0.0,0.99
"O preço impecável, virei cliente fiel dessa marca.",preço impecável virei cliente fiel dessa marca,Positivo,0.6463,0.528,0.0,0.472
"O app horrível, demorou semanas para resolver.",app horrível demorou semanas resolver,Negativo,-0.8229,0.0,0.512,0.488
"Terrível, simplesmente terrível essa experiência.",terrível simplesmente terrível experiência,Negativo,-0.7649,0.0,0.693,0.307
Extremamente decepcionado com o livro.,extremamente decepcionado livro,Negativo,-0.8126,0.0,0.507,0.493
"O suporte impecável, virei cliente fiel dessa marca.",suporte impecável virei cliente fiel dessa marca,Positivo,0.537,0.515,0.0,0.485
"Voltarei a comprar com certeza, super atencioso!",voltarei comprar certeza super atencioso,Positivo,0.7932,0.488,0.0,0.512
"Adorei a embalagem da marca, muito rápido e eficiente!",adorei embalagem marca rápido eficiente,Positivo,0.6776,0.47,0.0,0.53
Fui até a loja física para trocar o brinquedo.,fui até loja física trocar brinquedo,Neutro,-0.0067,0.0,0.006,0.994
"Que ótima experiência de compra, tudo maravilhoso!",ótima experiência compra tudo maravilhoso,Positivo,0.6771,0.594,0.0,0.406
"O fone de ouvido tem cor azul e branca, conforme o anúncio.",fone ouvido cor azul branca conforme anúncio,Neutro,0.0389,0.028,0.0,0.972
Estou pesquisando opiniões sobre a entrega antes de comprar.,estou pesquisando opiniões sobre entrega antes comprar,Neutro,-0.0204,0.0,0.016,0.984
O brinquedo chegou no prazo previsto.,brinquedo chegou prazo previsto,Neutro,-0.0018,0.0,0.001,0.999
O brinquedo chegou no prazo previsto.,brinquedo chegou prazo previsto,Neutro,-0.0142,0.0,0.013,0.987
"Atendimento horrível, ninguém resolve nada.",atendimento horrível ninguém resolve nada,Negativo,-0.8702,0.0,0.864,0.136
Vi a propaganda da marca na TV hoje.,propaganda marca hoje,Neutro,0.0402,0.031,0.0,0.969
"Suporte não responde, estou muito insatisfeito.",suporte responde estou insatisfeito,Negativo,-0.7377,0.0,0.571,0.429
Alguém sabe informar o prazo de entrega de a blusa?,alguém sabe informar prazo entrega blusa,Neutro,-0.031,0.0,0.019,0.981
"Recebi a bicicleta, embalagem estava ok.",recebi bicicleta embalagem estava,Neutro,-0.0166,0.0,0.016,0.984
"O site impecável, virei cliente fiel dessa marca.",site impecável virei cliente fiel dessa marca,Positivo,0.8865,0.667,0.0,0.333
"O brinquedo veio com defeito, muito decepcionado.",brinquedo veio defeito decepcionado,Negativo,-0.8903,0.0,0.787,0.213
"Comprei a compra e chegou rápido, super satisfeito!",comprei compra chegou rápido super satisfeito,Positivo,0.8724,0.686,0.0,0.314
"Entrega atrasou muito, demorou semanas para resolver.",entrega atrasou demorou semanas resolver,Negativo,-0.7223,0.0,0.62,0.38
Estou pesquisando opiniões sobre o app antes de comprar.,estou pesquisando opiniões sobre app antes comprar,Neutro,0.0317,0.031,0.0,0.969
"Atendimento nota 10, resolveram meu problema rapidinho.",atendimento nota resolveram problema rapidinho,Positivo,0.7319,0.463,0.0,0.537
"A bolsa veio com defeito, muito decepcionado.",bolsa veio defeito decepcionado,Negativo,-0.4011,0.0,0.344,0.656
Qual a diferença entre o tênis e o modelo anterior?,diferença entre tênis modelo anterior,Neutro,0.028,0.024,0.0,0.976
"Voltarei a comprar com certeza, super atencioso!",voltarei comprar certeza super atencioso,Positivo,0.6906,0.418,0.0,0.582
"O preço impecável, virei cliente fiel dessa marca.",preço impecável virei cliente fiel dessa marca,Positivo,0.7276,0.539,0.0,0.461
Vi a propaganda da marca na TV hoje.,propaganda marca hoje,Neutro,0.0427,0.038,0.0,0.962
Vi a propaganda da marca na TV hoje.,propaganda marca hoje,Neutro,-0.0057,0.0,0.004,0.996
Extremamente decepcionado com o tênis.,extremamente decepcionado tênis,Negativo,-0.6469,0.0,0.638,0.362
Fui até a loja física para trocar o celular.,fui até loja física trocar celular,Neutro,-0.0273,0.0,0.026,0.974
"O app horrível, a caixa chegou toda amassada.",app horrível caixa chegou toda amassada,Negativo,-0.8451,0.0,0.683,0.317
"A compra é horrível, não vale o preço, decepção total.",compra horrível vale preço decepção total,Negativo,-0.7727,0.0,0.535,0.465
"Muito satisfeito com o produto, vale cada centavo.",satisfeito produto vale cada centavo,Positivo,0.4379,0.432,0.0,0.568
"Comprei o eletrodoméstico ontem, ainda vou testar.",comprei eletrodoméstico ontem ainda vou testar,Neutro,-0.0246,0.0,0.021,0.979
"Ótimo a experiência de compra, estou muito feliz com a compra!",ótimo experiência compra estou feliz compra,Positivo,0.4835,0.398,0.0,0.602
"O produto tem cor azul e branca, conforme o anúncio.",produto cor azul branca conforme anúncio,Neutro,0.0242,0.023,0.0,0.977
"Não indico essa marca pra ninguém, ninguém respondeu meus e-mails.",indico marca pra ninguém ninguém respondeu emails,Negativo,-0.4224,0.0,0.303,0.697
"Recebi a blusa, embalagem estava ok.",recebi blusa embalagem estava,Neutro,-0.0305,0.0,0.027,0.973
"A compra superou minhas expectativas, muito bom!",compra superou expectativas bom,Positivo,0.7624,0.545,0.0,0.455
"Atendimento nota 10, resolveram meu problema rapidinho.",atendimento nota resolveram problema rapidinho,Positivo,0.4025,0.352,0.0,0.648
"Não indico essa marca pra ninguém, ninguém respondeu meus e-mails.",indico marca pra ninguém ninguém respondeu emails,Negativo,-0.7861,0.0,0.775,0.225
"Voltarei a comprar com certeza, muito profissional!",voltarei comprar certeza profissional,Positivo,0.695,0.62,0.0,0.38
"Atendimento nota 10, resolveram meu problema rapidinho.",atendimento nota resolveram problema rapidinho,Positivo,0.8813,0.614,0.0,0.386
"Excelente a embalagem, recomendo a todos!",excelente embalagem recomendo todos,Positivo,0.5393,0.481,0.0,0.519
"Muito satisfeito com o eletrodoméstico, vale cada centavo.",satisfeito eletrodoméstico vale cada centavo,Positivo,0.6463,0.576,0.0,0.424
"O celular é horrível, não vale o preço, decepção total.",celular horrível vale preço decepção total,Negativo,-0.6765,0.0,0.462,0.538
"Atendimento nota 10, resolveram meu problema rapidinho.",atendimento nota resolveram problema rapidinho,Positivo,0.8175,0.623,0.0,0.377
Vi a propaganda da marca na TV hoje.,propaganda marca hoje,Neutro,-0.0416,0.0,0.038,0.962
"Comprei o livro ontem, ainda vou testar.",comprei livro ontem ainda vou testar,Neutro,-0.0232,0.0,0.016,0.984
"O prazo de entrega impecável, virei cliente fiel dessa marca.",prazo entrega impecável virei cliente fiel dessa marca,Positivo,0.5699,0.498,0.0,0.502
"A experiência de compra impecável, virei cliente fiel dessa marca.",experiência compra impecável virei cliente fiel dessa marca,Positivo,0.4806,0.353,0.0,0.647
"Terrível, simplesmente terrível essa experiência.",terrível simplesmente terrível experiência,Negativo,-0.748,0.0,0.509,0.491
"Que ótima experiência de compra, tudo maravilhoso!",ótima experiência compra tudo maravilhoso,Positivo,0.5158,0.357,0.0,0.643
"Recebi a bolsa, embalagem estava ok.",recebi bolsa embalagem estava,Neutro,0.0284,0.028,0.0,0.972
"Nunca mais compro dessa marca, cobraram duas vezes no cartão.",nunca compro dessa marca cobraram duas vezes cartão,Negativo,-0.4121,0.0,0.376,0.624
"Simplesmente incrível, a embalagem sensacional!",simplesmente incrível embalagem sensacional,Positivo,0.7974,0.507,0.0,0.493
"Terrível, simplesmente terrível essa experiência.",terrível simplesmente terrível experiência,Negativo,-0.7062,0.0,0.468,0.532
"Terrível, simplesmente terrível essa experiência.",terrível simplesmente terrível experiência,Negativo,-0.6937,0.0,0.425,0.575
O perfume chegou no prazo previsto.,perfume chegou prazo previsto,Neutro,0.0052,0.004,0.0,0.996
"Equipe impecável, super recomendo essa marca!",equipe impecável super recomendo marca,Positivo,0.4603,0.418,0.0,0.582
"Comprei o livro e chegou rápido, super satisfeito!",comprei livro chegou rápido super satisfeito,Positivo,0.4216,0.329,0.0,0.671
"Nunca mais compro dessa marca, o produto quebrou em uma semana.",nunca compro dessa marca produto quebrou semana,Negativo,-0.8021,0.0,0.573,0.427
Qual a diferença entre o tênis e o modelo anterior?,diferença entre tênis modelo anterior,Neutro,-0.012,0.0,0.008,0.992
Qual a diferença entre o relógio e o modelo anterior?,diferença entre relógio modelo anterior,Neutro,-0.0461,0.0,0.031,0.969
"Produto de baixa qualidade, dinheiro jogado fora.",produto baixa qualidade dinheiro jogado fora,Negativo,-0.5667,0.0,0.346,0.654
"A bicicleta veio com defeito, muito decepcionado.",bicicleta veio defeito decepcionado,Negativo,-0.6903,0.0,0.419,0.581
"Terrível, simplesmente terrível essa experiência.",terrível simplesmente terrível experiência,Negativo,-0.6099,0.0,0.399,0.601
"Equipe acima da expectativa, super recomendo essa marca!",equipe acima expectativa super recomendo marca,Positivo,0.6042,0.407,0.0,0.593
"Não indico essa marca pra ninguém, cobraram duas vezes no cartão.",indico marca pra ninguém cobraram duas vezes cartão,Negativo,-0.7223,0.0,0.512,0.488
Estou pesquisando opiniões sobre o site antes de comprar.,estou pesquisando opiniões sobre site antes comprar,Neutro,-0.0204,0.0,0.014,0.986
"Entrega atrasou muito, cobraram duas vezes no cartão.",entrega atrasou cobraram duas vezes cartão,Negativo,-0.6894,0.0,0.587,0.413
Extremamente decepcionado com o brinquedo.,extremamente decepcionado brinquedo,Negativo,-0.7349,0.0,0.661,0.339
"A loja fica aberta até as 22h, segundo o site.",loja fica aberta até segundo site,Neutro,-0.0292,0.0,0.021,0.979
"Entrega atrasou muito, a caixa chegou toda amassada.",entrega atrasou caixa chegou toda amassada,Negativo,-0.794,0.0,0.688,0.312
Vi a propaganda da marca na TV hoje.,propaganda marca hoje,Neutro,0.0428,0.041,0.0,0.959
"Péssimo o site, não recomendo.",péssimo site recomendo,Negativo,-0.8425,0.0,0.824,0.176
Fui até a loja física para trocar o notebook.,fui até loja física trocar notebook,Neutro,-0.0229,0.0,0.019,0.981
"A compra superou minhas expectativas, muito bom!",compra superou expectativas bom,Positivo,0.7216,0.699,0.0,0.301
"Equipe acima da expectativa, super recomendo essa marca!",equipe acima expectativa super recomendo marca,Positivo,0.5616,0.365,0.0,0.635
"Adorei a experiência de compra da marca, muito muito profissional!",adorei experiência compra marca profissional,Positivo,0.7416,0.551,0.0,0.449
"Muito ruim o atendimento, experiência péssima.",ruim atendimento experiência péssima,Negativo,-0.5386,0.0,0.424,0.576
"Ótimo a embalagem, estou muito feliz com a compra!",ótimo embalagem estou feliz compra,Positivo,0.8185,0.613,0.0,0.387
Fui até a loja física para trocar a compra.,fui até loja física trocar compra,Neutro,0.0239,0.022,0.0,0.978
Estou pesquisando opiniões sobre o prazo de entrega antes de comprar.,estou pesquisando opiniões sobre prazo entrega antes comprar,Neutro,-0.0098,0.0,0.009,0.991
Vi a propaganda da marca na TV hoje.,propaganda marca hoje,Neutro,-0.0295,0.0,0.025,0.975
"Entrega atrasou muito, ninguém respondeu meus e-mails.",entrega atrasou ninguém respondeu emails,Negativo,-0.41,0.0,0.263,0.737
"Que ótima experiência de compra, tudo maravilhoso!",ótima experiência compra tudo maravilhoso,Positivo,0.7994,0.503,0.0,0.497
"Comprei o relógio ontem, ainda vou testar.",comprei relógio ontem ainda vou testar,Neutro,0.0465,0.032,0.0,0.968
"Ótimo o prazo de entrega, estou muito feliz com a compra!",ótimo prazo entrega estou feliz compra,Positivo,0.5461,0.361,0.0,0.639
"Que compra ruim, o fone de ouvido veio quebrado.",compra ruim fone ouvido veio quebrado,Negativo,-0.7702,0.0,0.747,0.253
"Atendimento horrível, ninguém resolve nada.",atendimento horrível ninguém resolve nada,Negativo,-0.7199,0.0,0.46,0.54
"Suporte não responde, estou muito insatisfeito.",suporte responde estou insatisfeito,Negativo,-0.5729,0.0,0.566,0.434
"Produto de baixa qualidade, dinheiro jogado fora.",produto baixa qualidade dinheiro jogado fora,Negativo,-0.7412,0.0,0.539,0.461
"Equipe muito profissional, super recomendo essa marca!",equipe profissional super recomendo marca,Positivo,0.7053,0.606,0.0,0.394
"Atendimento horrível, ninguém resolve nada.",atendimento horrível ninguém resolve nada,Negativo,-0.8645,0.0,0.859,0.141
"Comprei o perfume ontem, ainda vou testar.",comprei perfume ontem ainda vou testar,Neutro,0.0128,0.011,0.0,0.989
"O livro é maravilhoso, adorei demais!",livro maravilhoso adorei demais,Positivo,0.7958,0.788,0.0,0.212
Vi a propaganda da marca na TV hoje.,propaganda marca hoje,Neutro,-0.0434,0.0,0.043,0.957
Vi a propaganda da marca na TV hoje.,propaganda marca hoje,Neutro,0.0131,0.01,0.0,0.99
"Atendimento nota 10, resolveram meu problema rapidinho.",atendimento nota resolveram problema rapidinho,Positivo,0.4588,0.425,0.0,0.575
"Muito satisfeito com o fone de ouvido, vale cada centavo.",satisfeito fone ouvido vale cada centavo,Positivo,0.4552,0.379,0.0,0.621
"Comprei o livro e chegou rápido, super satisfeito!",comprei livro chegou rápido super satisfeito,Positivo,0.7188,0.528,0.0,0.472
Estou pesquisando opiniões sobre a experiência de compra antes de comprar.,estou pesquisando opiniões sobre experiência compra antes comprar,Neutro,-0.0257,0.0,0.021,0.979
Extremamente decepcionado com o fone de ouvido.,extremamente decepcionado fone ouvido,Negativo,-0.5284,0.0,0.472,0.528
"Comprei o eletrodoméstico ontem, ainda vou testar.",comprei eletrodoméstico ontem ainda vou testar,Neutro,0.0074,0.006,0.0,0.994
"Suporte não responde, estou muito insatisfeito.",suporte responde estou insatisfeito,Negativo,-0.445,0.0,0.283,0.717
"Excelente a embalagem, recomendo a todos!",excelente embalagem recomendo todos,Positivo,0.5878,0.415,0.0,0.585
"O brinquedo tem cor azul e branca, conforme o anúncio.",brinquedo cor azul branca conforme anúncio,Neutro,0.0066,0.006,0.0,0.994
Melhor experiência que já tive com a entrega.,melhor experiência entrega,Positivo,0.773,0.678,0.0,0.322
"Que ótima experiência de compra, tudo maravilhoso!",ótima experiência compra tudo maravilhoso,Positivo,0.726,0.526,0.0,0.474
"O prazo de entrega impecável, virei cliente fiel dessa marca.",prazo entrega impecável virei cliente fiel dessa marca,Positivo,0.877,0.688,0.0,0.312
"Comprei o produto ontem, ainda vou testar.",comprei produto ontem ainda vou testar,Neutro,0.0076,0.006,0.0,0.994
Fui até a loja física para trocar o tênis.,fui até loja física trocar tênis,Neutro,-0.047,0.0,0.035,0.965
Alguém sabe informar o prazo de entrega de o perfume?,alguém sabe informar prazo entrega perfume,Neutro,0.0388,0.026,0.0,0.974
"Que compra ruim, a blusa veio quebrado.",compra ruim blusa veio quebrado,Negativo,-0.7972,0.0,0.561,0.439
"Atendimento nota 10, resolveram meu problema rapidinho.",atendimento nota resolveram problema rapidinho,Positivo,0.4329,0.344,0.0,0.656
"O tênis superou minhas expectativas, muito bom!",tênis superou expectativas bom,Positivo,0.6777,0.632,0.0,0.368
"Muito bom o brinquedo, ficou perfeito, adorei o resultado!",bom brinquedo ficou perfeito adorei resultado,Positivo,0.4898,0.329,0.0,0.671
"Comprei o fone de ouvido ontem, ainda vou testar.",comprei fone ouvido ontem ainda vou testar,Neutro,0.0172,0.015,0.0,0.985
Extremamente decepcionado com a compra.,extremamente decepcionado compra,Negativo,-0.5131,0.0,0.354,0.646
"O suporte impecável, virei cliente fiel dessa marca.",suporte impecável virei cliente fiel dessa marca,Positivo,0.4862,0.32,0.0,0.68
"Recebi a blusa, embalagem estava ok.",recebi blusa embalagem estava,Neutro,-0.0127,0.0,0.011,0.989
Qual a diferença entre o fone de ouvido e o modelo anterior?,diferença entre fone ouvido modelo anterior,Neutro,0.0188,0.013,0.0,0.987
Fui até a loja física para trocar o perfume.,fui até loja física trocar perfume,Neutro,-0.0482,0.0,0.042,0.958
"Recebi o produto, embalagem estava ok.",recebi produto embalagem estava,Neutro,-0.0223,0.0,0.016,0.984
"Adorei o preço da marca, muito de primeira qualidade!",adorei preço marca primeira qualidade,Positivo,0.7029,0.425,0.0,0.575
Estou pesquisando opiniões sobre a entrega antes de comprar.,estou pesquisando opiniões sobre entrega antes comprar,Neutro,-0.0367,0.0,0.03,0.97
Vi a propaganda da marca na TV hoje.,propaganda marca hoje,Neutro,-0.0271,0.0,0.027,0.973
Estou pesquisando opiniões sobre o prazo de entrega antes de comprar.,estou pesquisando opiniões sobre prazo entrega antes comprar,Neutro,0.0064,0.005,0.0,0.995
Vi a propaganda da marca na TV hoje.,propaganda marca hoje,Neutro,-0.0438,0.0,0.029,0.971
"Atendimento horrível, ninguém resolve nada.",atendimento horrível ninguém resolve nada,Negativo,-0.498,0.0,0.456,0.544
"Produto de baixa qualidade, dinheiro jogado fora.",produto baixa qualidade dinheiro jogado fora,Negativo,-0.678,0.0,0.445,0.555
"Simplesmente incrível, a embalagem sensacional!",simplesmente incrível embalagem sensacional,Positivo,0.578,0.435,0.0,0.565
Estou pesquisando opiniões sobre a qualidade antes de comprar.,estou pesquisando opiniões sobre qualidade antes comprar,Neutro,0.0478,0.045,0.0,0.955
"Ótimo o app, estou muito feliz com a compra!",ótimo app estou feliz compra,Positivo,0.5581,0.532,0.0,0.468
Estou pesquisando opiniões sobre o atendimento antes de comprar.,estou pesquisando opiniões sobre atendimento antes comprar,Neutro,-0.0221,0.0,0.019,0.981
"Terrível, simplesmente terrível essa experiência.",terrível simplesmente terrível experiência,Negativo,-0.4579,0.0,0.301,0.699
"Simplesmente incrível, a entrega sensacional!",simplesmente incrível entrega sensacional,Positivo,0.7257,0.64,0.0,0.36
A bolsa chegou no prazo previsto.,bolsa chegou prazo previsto,Neutro,0.0293,0.028,0.0,0.972
"Comprei o pedido e chegou rápido, super satisfeito!",comprei pedido chegou rápido super satisfeito,Positivo,0.7206,0.455,0.0,0.545
Qual a diferença entre o brinquedo e o modelo anterior?,diferença entre brinquedo modelo anterior,Neutro,0.0447,0.031,0.0,0.969
Estou pesquisando opiniões sobre o prazo de entrega antes de comprar.,estou pesquisando opiniões sobre prazo entrega antes comprar,Neutro,-0.0304,0.0,0.027,0.973
"Recebi o brinquedo, embalagem estava ok.",recebi brinquedo embalagem estava,Neutro,-0.025,0.0,0.022,0.978
"O pedido veio com defeito, muito decepcionado.",pedido veio defeito decepcionado,Negativo,-0.875,0.0,0.622,0.378
"Entrega atrasou muito, veio tudo errado.",entrega atrasou veio tudo errado,Negativo,-0.7422,0.0,0.542,0.458
"O celular superou minhas expectativas, muito bom!",celular superou expectativas bom,Positivo,0.848,0.514,0.0,0.486
"Atendimento horrível, ninguém resolve nada.",atendimento horrível ninguém resolve nada,Negativo,-0.5537,0.0,0.503,0.497
"Excelente a experiência de compra, recomendo a todos!",excelente experiência compra recomendo todos,Positivo,0.5191,0.445,0.0,0.555
"Recebi o livro, embalagem estava ok.",recebi livro embalagem estava,Neutro,-0.0031,0.0,0.003,0.997
"A bicicleta é maravilhoso, adorei demais!",bicicleta maravilhoso adorei demais,Positivo,0.6784,0.669,0.0,0.331
"Comprei o celular ontem, ainda vou testar.",comprei celular ontem ainda vou testar,Neutro,-0.0102,0.0,0.006,0.994
"O livro tem cor azul e branca, conforme o anúncio.",livro cor azul branca conforme anúncio,Neutro,0.0123,0.011,0.0,0.989
"Terrível, simplesmente terrível essa experiência.",terrível simplesmente terrível experiência,Negativo,-0.7848,0.0,0.617,0.383
"A loja fica aberta até as 22h, segundo o site.",loja fica aberta até segundo site,Neutro,-0.0419,0.0,0.029,0.971
"Nunca mais compro dessa marca, cobraram duas vezes no cartão.",nunca compro dessa marca cobraram duas vezes cartão,Negativo,-0.4722,0.0,0.322,0.678
"Adorei o atendimento da marca, muito de primeira qualidade!",adorei atendimento marca primeira qualidade,Positivo,0.6867,0.435,0.0,0.565
"Comprei o eletrodoméstico e chegou rápido, super satisfeito!",comprei eletrodoméstico chegou rápido super satisfeito,Positivo,0.8736,0.805,0.0,0.195
"Nunca mais compro dessa marca, demorou semanas para resolver.",nunca compro dessa marca demorou semanas resolver,Negativo,-0.5456,0.0,0.468,0.532
Estou pesquisando opiniões sobre a embalagem antes de comprar.,estou pesquisando opiniões sobre embalagem antes comprar,Neutro,0.025,0.015,0.0,0.985
"Recebi o pedido, embalagem estava ok.",recebi pedido embalagem estava,Neutro,0.0458,0.043,0.0,0.957
"Atendimento horrível, ninguém resolve nada.",atendimento horrível ninguém resolve nada,Negativo,-0.7604,0.0,0.557,0.443
Extremamente decepcionado com o eletrodoméstico.,extremamente decepcionado eletrodoméstico,Negativo,-0.757,0.0,0.698,0.302
"Recebi o eletrodoméstico, embalagem estava ok.",recebi eletrodoméstico embalagem estava,Neutro,-0.0219,0.0,0.022,0.978
Extremamente decepcionado com o livro.,extremamente decepcionado livro,Negativo,-0.5969,0.0,0.555,0.445
"Terrível, simplesmente terrível essa experiência.",terrível simplesmente terrível experiência,Negativo,-0.5949,0.0,0.566,0.434
"O celular é horrível, não vale o preço, decepção total.",celular horrível vale preço decepção total,Negativo,-0.799,0.0,0.705,0.295
"O app impecável, virei cliente fiel dessa marca.",app impecável virei cliente fiel dessa marca,Positivo,0.8826,0.87,0.0,0.13
"Não indico essa marca pra ninguém, cobraram duas vezes no cartão.",indico marca pra ninguém cobraram duas vezes cartão,Negativo,-0.7956,0.0,0.705,0.295
"Ótimo a entrega, estou muito feliz com a compra!",ótimo entrega estou feliz compra,Positivo,0.8335,0.523,0.0,0.477
"Ótimo o prazo de entrega, estou muito feliz com a compra!",ótimo prazo entrega estou feliz compra,Positivo,0.5259,0.323,0.0,0.677
"Atendimento nota 10, resolveram meu problema rapidinho.",atendimento nota resolveram problema rapidinho,Positivo,0.5904,0.397,0.0,0.603
"Adorei a entrega da marca, muito impecável!",adorei entrega marca impecável,Positivo,0.885,0.805,0.0,0.195
Qual a diferença entre o produto e o modelo anterior?,diferença entre produto modelo anterior,Neutro,-0.0395,0.0,0.035,0.965
"Terrível, simplesmente terrível essa experiência.",terrível simplesmente terrível experiência,Negativo,-0.6211,0.0,0.611,0.389
"Muito ruim a qualidade, experiência péssima.",ruim qualidade experiência péssima,Negativo,-0.7503,0.0,0.451,0.549
Fui até a loja física para trocar o brinquedo.,fui até loja física trocar brinquedo,Neutro,-0.0026,0.0,0.002,0.998
O notebook chegou no prazo previsto.,notebook chegou prazo previsto,Neutro,0.049,0.031,0.0,0.969
"O relógio é maravilhoso, adorei demais!",relógio maravilhoso adorei demais,Positivo,0.6516,0.621,0.0,0.379
"Péssimo o suporte, não recomendo.",péssimo suporte recomendo,Negativo,-0.7374,0.0,0.706,0.294
"Recebi o celular, embalagem estava ok.",recebi celular embalagem estava,Neutro,-0.0305,0.0,0.022,0.978
"Serviço ruim, atendimento péssimo, não voltarei.",serviço ruim atendimento péssimo voltarei,Negativo,-0.6953,0.0,0.664,0.336
"A blusa tem cor azul e branca, conforme o anúncio.",blusa cor azul branca conforme anúncio,Neutro,-0.0266,0.0,0.02,0.98
"O perfume veio com defeito, muito decepcionado.",perfume veio defeito decepcionado,Negativo,-0.8816,0.0,0.779,0.221
"A qualidade horrível, a caixa chegou toda amassada.",qualidade horrível caixa chegou toda amassada,Negativo,-0.5409,0.0,0.528,0.472
"O produto é horrível, não vale o preço, decepção total.",produto horrível vale preço decepção total,Negativo,-0.5819,0.0,0.574,0.426
"Comprei o relógio e chegou rápido, super satisfeito!",comprei relógio chegou rápido super satisfeito,Positivo,0.6686,0.441,0.0,0.559
"Nunca mais compro dessa marca, o produto quebrou em uma semana.",nunca compro dessa marca produto quebrou semana,Negativo,-0.421,0.0,0.342,0.658
"O atendimento impecável, virei cliente fiel dessa marca.",atendimento impecável virei cliente fiel dessa marca,Positivo,0.4347,0.35,0.0,0.65
"Terrível, simplesmente terrível essa experiência.",terrível simplesmente terrível experiência,Negativo,-0.487,0.0,0.316,0.684
"O celular superou minhas expectativas, muito bom!",celular superou expectativas bom,Positivo,0.8463,0.615,0.0,0.385
"A bolsa tem cor azul e branca, conforme o anúncio.",bolsa cor azul branca conforme anúncio,Neutro,0.0457,0.039,0.0,0.961
"Produto de baixa qualidade, dinheiro jogado fora.",produto baixa qualidade dinheiro jogado fora,Negativo,-0.6153,0.0,0.44,0.56
"O tênis veio com defeito, muito decepcionado.",tênis veio defeito decepcionado,Negativo,-0.8069,0.0,0.74,0.26
Extremamente decepcionado com a bolsa.,extremamente decepcionado bolsa,Negativo,-0.7378,0.0,0.446,0.554
"Péssimo o site, não recomendo.",péssimo site recomendo,Negativo,-0.5354,0.0,0.359,0.641
"O celular superou minhas expectativas, muito bom!",celular superou expectativas bom,Positivo,0.5227,0.411,0.0,0.589
"Serviço ruim, atendimento péssimo, não voltarei.",serviço ruim atendimento péssimo voltarei,Negativo,-0.846,0.0,0.538,0.462
"Péssimo o prazo de entrega, não recomendo.",péssimo prazo entrega recomendo,Negativo,-0.8635,0.0,0.832,0.168
"Serviço ruim, atendimento péssimo, não voltarei.",serviço ruim atendimento péssimo voltarei,Negativo,-0.4243,0.0,0.291,0.709
"Recebi o brinquedo, embalagem estava ok.",recebi brinquedo embalagem estava,Neutro,-0.0,0.0,0.0,1.0
"Comprei o eletrodoméstico ontem, ainda vou testar.",comprei eletrodoméstico ontem ainda vou testar,Neutro,-0.0172,0.0,0.011,0.989
"Recebi o relógio, embalagem estava ok.",recebi relógio embalagem estava,Neutro,-0.0327,0.0,0.023,0.977
"Serviço ruim, atendimento péssimo, não voltarei.",serviço ruim atendimento péssimo voltarei,Negativo,-0.8244,0.0,0.698,0.302
"Equipe super atencioso, super recomendo essa marca!",equipe super atencioso super recomendo marca,Positivo,0.4637,0.383,0.0,0.617
"A bolsa superou minhas expectativas, muito bom!",bolsa superou expectativas bom,Positivo,0.5632,0.508,0.0,0.492
"A loja fica aberta até as 22h, segundo o site.",loja fica aberta até segundo site,Neutro,0.0441,0.032,0.0,0.968
"Muito bom a bolsa, ficou perfeito, adorei o resultado!",bom bolsa ficou perfeito adorei resultado,Positivo,0.6656,0.502,0.0,0.498
"O brinquedo é maravilhoso, adorei demais!",brinquedo maravilhoso adorei demais,Positivo,0.7258,0.547,0.0,0.453
"Muito ruim o preço, experiência péssima.",ruim preço experiência péssima,Negativo,-0.6887,0.0,0.6,0.4
"O site impecável, virei cliente fiel dessa marca.",site impecável virei cliente fiel dessa marca,Positivo,0.7505,0.491,0.0,0.509
"Entrega atrasou muito, o produto quebrou em uma semana.",entrega atrasou produto quebrou semana,Negativo,-0.505,0.0,0.478,0.522
"Ótimo a experiência de compra, estou muito feliz com a compra!",ótimo experiência compra estou feliz compra,Positivo,0.5931,0.462,0.0,0.538
"A loja fica aberta até as 22h, segundo o site.",loja fica aberta até segundo site,Neutro,0.0125,0.008,0.0,0.992
Melhor experiência que já tive com a experiência de compra.,melhor experiência experiência compra,Positivo,0.6513,0.411,0.0,0.589
"A bicicleta tem cor azul e branca, conforme o anúncio.",bicicleta cor azul branca conforme anúncio,Neutro,0.0099,0.01,0.0,0.99
"A loja fica aberta até as 22h, segundo o site.",loja fica aberta até segundo site,Neutro,-0.0222,0.0,0.015,0.985
"Muito satisfeito com o notebook, vale cada centavo.",satisfeito notebook vale cada centavo,Positivo,0.4054,0.36,0.0,0.64
"Simplesmente incrível, o preço sensacional!",simplesmente incrível preço sensacional,Positivo,0.7648,0.651,0.0,0.349
"Comprei a compra e chegou rápido, super satisfeito!",comprei compra chegou rápido super satisfeito,Positivo,0.4743,0.349,0.0,0.651
Vi a propaganda da marca na TV hoje.,propaganda marca hoje,Neutro,-0.0354,0.0,0.025,0.975
"Atendimento horrível, ninguém resolve nada.",atendimento horrível ninguém resolve nada,Negativo,-0.6831,0.0,0.461,0.539
Melhor experiência que já tive com a embalagem.,melhor experiência embalagem,Positivo,0.4953,0.42,0.0,0.58
"Equipe muito profissional, super recomendo essa marca!",equipe profissional super recomendo marca,Positivo,0.5792,0.419,0.0,0.581
Fui até a loja física para trocar o perfume.,fui até loja física trocar perfume,Neutro,-0.029,0.0,0.026,0.974
"Nunca mais compro dessa marca, veio tudo errado.",nunca compro dessa marca veio tudo errado,Negativo,-0.7097,0.0,0.698,0.302
Fui até a loja física para trocar o relógio.,fui até loja física trocar relógio,Neutro,0.0138,0.01,0.0,0.99
"Serviço ruim, atendimento péssimo, não voltarei.",serviço ruim atendimento péssimo voltarei,Negativo,-0.8928,0.0,0.573,0.427
Fui até a loja física para trocar o relógio.,fui até loja física trocar relógio,Neutro,-0.0149,0.0,0.011,0.989
A bolsa chegou no prazo previsto.,bolsa chegou prazo previsto,Neutro,-0.0089,0.0,0.007,0.993
Qual a diferença entre o pedido e o modelo anterior?,diferença entre pedido modelo anterior,Neutro,0.0471,0.028,0.0,0.972
"A bicicleta tem cor azul e branca, conforme o anúncio.",bicicleta cor azul branca conforme anúncio,Neutro,-0.0146,0.0,0.01,0.99
"Ótimo a entrega, estou muito feliz com a compra!",ótimo entrega estou feliz compra,Positivo,0.4288,0.394,0.0,0.606
"Simplesmente incrível, o prazo de entrega sensacional!",simplesmente incrível prazo entrega sensacional,Positivo,0.586,0.401,0.0,0.599
"A bicicleta tem cor azul e branca, conforme o anúncio.",bicicleta cor azul branca conforme anúncio,Neutro,0.0383,0.028,0.0,0.972
"Muito bom o perfume, ficou perfeito, adorei o resultado!",bom perfume ficou perfeito adorei resultado,Positivo,0.8538,0.776,0.0,0.224
"Não indico essa marca pra ninguém, cobraram duas vezes no cartão.",indico marca pra ninguém cobraram duas vezes cartão,Negativo,-0.6562,0.0,0.525,0.475
Extremamente decepcionado com o notebook.,extremamente decepcionado notebook,Negativo,-0.7359,0.0,0.653,0.347
"Muito bom a compra, ficou perfeito, adorei o resultado!",bom compra ficou perfeito adorei resultado,Positivo,0.7294,0.583,0.0,0.417
Extremamente decepcionado com o fone de ouvido.,extremamente decepcionado fone ouvido,Negativo,-0.8759,0.0,0.593,0.407
Extremamente decepcionado com a compra.,extremamente decepcionado compra,Negativo,-0.83,0.0,0.709,0.291
Qual a diferença entre a compra e o modelo anterior?,diferença entre compra modelo anterior,Neutro,0.0242,0.019,0.0,0.981
Fui até a loja física para trocar o livro.,fui até loja física trocar livro,Neutro,0.0458,0.033,0.0,0.967
"Nunca mais compro dessa marca, o produto quebrou em uma semana.",nunca compro dessa marca produto quebrou semana,Negativo,-0.6978,0.0,0.612,0.388
Extremamente decepcionado com o pedido.,extremamente decepcionado pedido,Negativo,-0.5328,0.0,0.449,0.551
Extremamente decepcionado com o brinquedo.,extremamente decepcionado brinquedo,Negativo,-0.5881,0.0,0.438,0.562
"Recebi o brinquedo, embalagem estava ok.",recebi brinquedo embalagem estava,Neutro,-0.0212,0.0,0.014,0.986
Alguém sabe informar o prazo de entrega de o brinquedo?,alguém sabe informar prazo entrega brinquedo,Neutro,-0.0056,0.0,0.005,0.995
"Não indico essa marca pra ninguém, demorou semanas para resolver.",indico marca pra ninguém demorou semanas resolver,Negativo,-0.5313,0.0,0.53,0.47
"Serviço ruim, atendimento péssimo, não voltarei.",serviço ruim atendimento péssimo voltarei,Negativo,-0.8707,0.0,0.749,0.251
"Excelente a experiência de compra, recomendo a todos!",excelente experiência compra recomendo todos,Positivo,0.5683,0.416,0.0,0.584
Qual a diferença entre o fone de ouvido e o modelo anterior?,diferença entre fone ouvido modelo anterior,Neutro,-0.013,0.0,0.013,0.987
"Excelente o site, recomendo a todos!",excelente site recomendo todos,Positivo,0.6918,0.538,0.0,0.462
"Muito satisfeito com o livro, vale cada centavo.",satisfeito livro vale cada centavo,Positivo,0.8811,0.701,0.0,0.299
"Comprei a compra ontem, ainda vou testar.",comprei compra ontem ainda vou testar,Neutro,0.0097,0.009,0.0,0.991
Vi a propaganda da marca na TV hoje.,propaganda marca hoje,Neutro,-0.0182,0.0,0.018,0.982
"A loja fica aberta até as 22h, segundo o site.",loja fica aberta até segundo site,Neutro,-0.046,0.0,0.038,0.962
"Muito ruim o atendimento, experiência péssima.",ruim atendimento experiência péssima,Negativo,-0.6114,0.0,0.531,0.469
"Produto de baixa qualidade, dinheiro jogado fora.",produto baixa qualidade dinheiro jogado fora,Negativo,-0.6836,0.0,0.618,0.382
Qual a diferença entre a bolsa e o modelo anterior?,diferença entre bolsa modelo anterior,Neutro,0.0066,0.006,0.0,0.994
"Que compra ruim, o brinquedo veio quebrado.",compra ruim brinquedo veio quebrado,Negativo,-0.8079,0.0,0.787,0.213
"Ótimo o preço, estou muito feliz com a compra!",ótimo preço estou feliz compra,Positivo,0.5039,0.427,0.0,0.573
"Comprei o tênis e chegou rápido, super satisfeito!",comprei tênis chegou rápido super satisfeito,Positivo,0.7463,0.517,0.0,0.483
"Atendimento horrível, ninguém resolve nada.",atendimento horrível ninguém resolve nada,Negativo,-0.8727,0.0,0.556,0.444
"Muito satisfeito com o eletrodoméstico, vale cada centavo.",satisfeito eletrodoméstico vale cada centavo,Positivo,0.5507,0.441,0.0,0.559
"Entrega atrasou muito, demorou semanas para resolver.",entrega atrasou demorou semanas resolver,Negativo,-0.8063,0.0,0.668,0.332
Qual a diferença entre o fone de ouvido e o modelo anterior?,diferença entre fone ouvido modelo anterior,Neutro,0.0265,0.025,0.0,0.975
"A qualidade impecável, virei cliente fiel dessa marca.",qualidade impecável virei cliente fiel dessa marca,Positivo,0.7416,0.594,0.0,0.406
"Ótimo a entrega, estou muito feliz com a compra!",ótimo entrega estou feliz compra,Positivo,0.7629,0.591,0.0,0.409
Alguém sabe informar o prazo de entrega de o relógio?,alguém sabe informar prazo entrega relógio,Neutro,0.0175,0.015,0.0,0.985
"Péssimo o prazo de entrega, não recomendo.",péssimo prazo entrega recomendo,Negativo,-0.8772,0.0,0.859,0.141
"A bicicleta tem cor azul e branca, conforme o anúncio.",bicicleta cor azul branca conforme anúncio,Neutro,0.0228,0.02,0.0,0.98
"Atendimento horrível, ninguém resolve nada.",atendimento horrível ninguém resolve nada,Negativo,-0.4699,0.0,0.375,0.625
"O site impecável, virei cliente fiel dessa marca.",site impecável virei cliente fiel dessa marca,Positivo,0.8384,0.773,0.0,0.227
Estou pesquisando opiniões sobre o app antes de comprar.,estou pesquisando opiniões sobre app antes comprar,Neutro,-0.0451,0.0,0.033,0.967
Qual a diferença entre o notebook e o modelo anterior?,diferença entre notebook modelo anterior,Neutro,0.0471,0.041,0.0,0.959
"Voltarei a comprar com certeza, acima da expectativa!",voltarei comprar certeza acima expectativa,Positivo,0.7948,0.721,0.0,0.279
"Muito bom a bicicleta, ficou perfeito, adorei o resultado!",bom bicicleta ficou perfeito adorei resultado,Positivo,0.455,0.378,0.0,0.622
"A compra tem cor azul e branca, conforme o anúncio.",compra cor azul branca conforme anúncio,Neutro,-0.014,0.0,0.011,0.989
"Péssimo o app, não recomendo.",péssimo app recomendo,Negativo,-0.6644,0.0,0.592,0.408
"Excelente o suporte, recomendo a todos!",excelente suporte recomendo todos,Positivo,0.5676,0.436,0.0,0.564
"Que ótima experiência de compra, tudo maravilhoso!",ótima experiência compra tudo maravilhoso,Positivo,0.7682,0.743,0.0,0.257
"Atendimento nota 10, resolveram meu problema rapidinho.",atendimento nota resolveram problema rapidinho,Positivo,0.8847,0.63,0.0,0.37
"O site horrível, demorou semanas para resolver.",site horrível demorou semanas resolver,Negativo,-0.8521,0.0,0.608,0.392
"Muito ruim a entrega, experiência péssima.",ruim entrega experiência péssima,Negativo,-0.4038,0.0,0.371,0.629
"Atendimento horrível, ninguém resolve nada.",atendimento horrível ninguém resolve nada,Negativo,-0.8576,0.0,0.606,0.394
Qual a diferença entre a bolsa e o modelo anterior?,diferença entre bolsa modelo anterior,Neutro,0.0402,0.025,0.0,0.975
"O notebook é maravilhoso, adorei demais!",notebook maravilhoso adorei demais,Positivo,0.7773,0.569,0.0,0.431
Estou pesquisando opiniões sobre o atendimento antes de comprar.,estou pesquisando opiniões sobre atendimento antes comprar,Neutro,-0.0262,0.0,0.016,0.984
"Comprei o livro ontem, ainda vou testar.",comprei livro ontem ainda vou testar,Neutro,-0.0476,0.0,0.032,0.968
"Não indico essa marca pra ninguém, veio tudo errado.",indico marca pra ninguém veio tudo errado,Negativo,-0.8397,0.0,0.54,0.46
"Adorei o suporte da marca, muito super atencioso!",adorei suporte marca super atencioso,Positivo,0.6193,0.6,0.0,0.4
"Serviço ruim, atendimento péssimo, não voltarei.",serviço ruim atendimento péssimo voltarei,Negativo,-0.5027,0.0,0.367,0.633
"O brinquedo tem cor azul e branca, conforme o anúncio.",brinquedo cor azul branca conforme anúncio,Neutro,0.0458,0.032,0.0,0.968
"Entrega atrasou muito, veio tudo errado.",entrega atrasou veio tudo errado,Negativo,-0.8189,0.0,0.608,0.392
"Muito satisfeito com a bicicleta, vale cada centavo.",satisfeito bicicleta vale cada centavo,Positivo,0.4533,0.41,0.0,0.59
"O site impecável, virei cliente fiel dessa marca.",site impecável virei cliente fiel dessa marca,Positivo,0.4057,0.358,0.0,0.642
Alguém sabe informar o prazo de entrega de o brinquedo?,alguém sabe informar prazo entrega brinquedo,Neutro,0.0372,0.026,0.0,0.974
"O perfume tem cor azul e branca, conforme o anúncio.",perfume cor azul branca conforme anúncio,Neutro,-0.045,0.0,0.045,0.955
"Nunca mais compro dessa marca, a caixa chegou toda amassada.",nunca compro dessa marca caixa chegou toda amassada,Negativo,-0.8557,0.0,0.543,0.457
Vi a propaganda da marca na TV hoje.,propaganda marca hoje,Neutro,0.0115,0.011,0.0,0.989
Fui até a loja física para trocar o tênis.,fui até loja física trocar tênis,Neutro,0.0107,0.009,0.0,0.991
"O produto é maravilhoso, adorei demais!",produto maravilhoso adorei demais,Positivo,0.561,0.364,0.0,0.636
"Não indico essa marca pra ninguém, o produto quebrou em uma semana.",indico marca pra ninguém produto quebrou semana,Negativo,-0.5322,0.0,0.497,0.503
"Suporte não responde, estou muito insatisfeito.",suporte responde estou insatisfeito,Negativo,-0.6393,0.0,0.531,0.469
"Comprei o produto ontem, ainda vou testar.",comprei produto ontem ainda vou testar,Neutro,-0.0481,0.0,0.041,0.959
"Comprei a compra ontem, ainda vou testar.",comprei compra ontem ainda vou testar,Neutro,0.0408,0.026,0.0,0.974
"O pedido veio com defeito, muito decepcionado.",pedido veio defeito decepcionado,Negativo,-0.4888,0.0,0.357,0.643
"Péssimo a embalagem, não recomendo.",péssimo embalagem recomendo,Negativo,-0.82,0.0,0.514,0.486
Qual a diferença entre a compra e o modelo anterior?,diferença entre compra modelo anterior,Neutro,-0.0145,0.0,0.01,0.99
"Terrível, simplesmente terrível essa experiência.",terrível simplesmente terrível experiência,Negativo,-0.4858,0.0,0.453,0.547
Fui até a loja física para trocar o brinquedo.,fui até loja física trocar brinquedo,Neutro,-0.0402,0.0,0.037,0.963
"Simplesmente incrível, o app sensacional!",simplesmente incrível app sensacional,Positivo,0.6073,0.557,0.0,0.443
"Atendimento nota 10, resolveram meu problema rapidinho.",atendimento nota resolveram problema rapidinho,Positivo,0.5143,0.362,0.0,0.638
"Equipe rápido e eficiente, super recomendo essa marca!",equipe rápido eficiente super recomendo marca,Positivo,0.7566,0.544,0.0,0.456
"O produto tem cor azul e branca, conforme o anúncio.",produto cor azul branca conforme anúncio,Neutro,0.013,0.013,0.0,0.987
"Muito ruim a qualidade, experiência péssima.",ruim qualidade experiência péssima,Negativo,-0.479,0.0,0.311,0.689
"Atendimento horrível, ninguém resolve nada.",atendimento horrível ninguém resolve nada,Negativo,-0.5946,0.0,0.51,0.49
"Comprei a blusa ontem, ainda vou testar.",comprei blusa ontem ainda vou testar,Neutro,-0.0431,0.0,0.033,0.967
"Atendimento horrível, ninguém resolve nada.",atendimento horrível ninguém resolve nada,Negativo,-0.6231,0.0,0.397,0.603
"Comprei o celular ontem, ainda vou testar.",comprei celular ontem ainda vou testar,Neutro,0.018,0.015,0.0,0.985
"Ótimo a entrega, estou muito feliz com a compra!",ótimo entrega estou feliz compra,Positivo,0.835,0.809,0.0,0.191
"Nunca mais compro dessa marca, demorou semanas para resolver.",nunca compro dessa marca demorou semanas resolver,Negativo,-0.8408,0.0,0.793,0.207
"Atendimento nota 10, resolveram meu problema rapidinho.",atendimento nota resolveram problema rapidinho,Positivo,0.4122,0.259,0.0,0.741
"Produto de baixa qualidade, dinheiro jogado fora.",produto baixa qualidade dinheiro jogado fora,Negativo,-0.7177,0.0,0.462,0.538
"O pedido é maravilhoso, adorei demais!",pedido maravilhoso adorei demais,Positivo,0.5101,0.444,0.0,0.556
"Que compra ruim, a compra veio quebrado.",compra ruim compra veio quebrado,Negativo,-0.5127,0.0,0.384,0.616
Vi a propaganda da marca na TV hoje.,propaganda marca hoje,Neutro,-0.0132,0.0,0.011,0.989
"O prazo de entrega impecável, virei cliente fiel dessa marca.",prazo entrega impecável virei cliente fiel dessa marca,Positivo,0.6679,0.419,0.0,0.581
"O atendimento horrível, a caixa chegou toda amassada.",atendimento horrível caixa chegou toda amassada,Negativo,-0.8775,0.0,0.628,0.372
"Produto de baixa qualidade, dinheiro jogado fora.",produto baixa qualidade dinheiro jogado fora,Negativo,-0.4765,0.0,0.384,0.616
"A bicicleta é horrível, não vale o preço, decepção total.",bicicleta horrível vale preço decepção total,Negativo,-0.4199,0.0,0.419,0.581
O eletrodoméstico chegou no prazo previsto.,eletrodoméstico chegou prazo previsto,Neutro,-0.0175,0.0,0.014,0.986
Extremamente decepcionado com a compra.,extremamente decepcionado compra,Negativo,-0.5428,0.0,0.529,0.471
"A loja fica aberta até as 22h, segundo o site.",loja fica aberta até segundo site,Neutro,0.0359,0.027,0.0,0.973
"Péssimo o site, não recomendo.",péssimo site recomendo,Negativo,-0.5178,0.0,0.435,0.565
O notebook chegou no prazo previsto.,notebook chegou prazo previsto,Neutro,-0.0145,0.0,0.01,0.99
Alguém sabe informar o prazo de entrega de o livro?,alguém sabe informar prazo entrega livro,Neutro,0.0025,0.002,0.0,0.998
"A loja fica aberta até as 22h, segundo o site.",loja fica aberta até segundo site,Neutro,0.0487,0.043,0.0,0.957
Estou pesquisando opiniões sobre a experiência de compra antes de comprar.,estou pesquisando opiniões sobre experiência compra antes comprar,Neutro,-0.0113,0.0,0.01,0.99
"Nunca mais compro dessa marca, a caixa chegou toda amassada.",nunca compro dessa marca caixa chegou toda amassada,Negativo,-0.4413,0.0,0.382,0.618
"A loja fica aberta até as 22h, segundo o site.",loja fica aberta até segundo site,Neutro,0.0257,0.024,0.0,0.976
O notebook chegou no prazo previsto.,notebook chegou prazo previsto,Neutro,0.0201,0.015,0.0,0.985
"A embalagem horrível, demorou semanas para resolver.",embalagem horrível demorou semanas resolver,Negativo,-0.8962,0.0,0.756,0.244
"O relógio é maravilhoso, adorei demais!",relógio maravilhoso adorei demais,Positivo,0.8345,0.702,0.0,0.298
"O eletrodoméstico superou minhas expectativas, muito bom!",eletrodoméstico superou expectativas bom,Positivo,0.5728,0.486,0.0,0.514
"Simplesmente incrível, a embalagem sensacional!",simplesmente incrível embalagem sensacional,Positivo,0.6476,0.465,0.0,0.535
"Simplesmente incrível, o app sensacional!",simplesmente incrível app sensacional,Positivo,0.752,0.496,0.0,0.504
"Nunca mais compro dessa marca, demorou semanas para resolver.",nunca compro dessa marca demorou semanas resolver,Negativo,-0.7406,0.0,0.683,0.317
Extremamente decepcionado com o brinquedo.,extremamente decepcionado brinquedo,Negativo,-0.5828,0.0,0.521,0.479
"Atendimento nota 10, resolveram meu problema rapidinho.",atendimento nota resolveram problema rapidinho,Positivo,0.5851,0.391,0.0,0.609
"Simplesmente incrível, a experiência de compra sensacional!",simplesmente incrível experiência compra sensacional,Positivo,0.4153,0.387,0.0,0.613
"Nunca mais compro dessa marca, a caixa chegou toda amassada.",nunca compro dessa marca caixa chegou toda amassada,Negativo,-0.5487,0.0,0.401,0.599
"Terrível, simplesmente terrível essa experiência.",terrível simplesmente terrível experiência,Negativo,-0.6952,0.0,0.525,0.475
"Comprei o fone de ouvido ontem, ainda vou testar.",comprei fone ouvido ontem ainda vou testar,Neutro,-0.0394,0.0,0.037,0.963
"A blusa é maravilhoso, adorei demais!",blusa maravilhoso adorei demais,Positivo,0.7363,0.653,0.0,0.347
"Atendimento nota 10, resolveram meu problema rapidinho.",atendimento nota resolveram problema rapidinho,Positivo,0.895,0.842,0.0,0.158
"A bicicleta é horrível, não vale o preço, decepção total.",bicicleta horrível vale preço decepção total,Negativo,-0.6413,0.0,0.392,0.608
"O eletrodoméstico veio com defeito, muito decepcionado.",eletrodoméstico veio defeito decepcionado,Negativo,-0.5176,0.0,0.397,0.603
"Produto de baixa qualidade, dinheiro jogado fora.",produto baixa qualidade dinheiro jogado fora,Negativo,-0.8689,0.0,0.783,0.217
O relógio chegou no prazo previsto.,relógio chegou prazo previsto,Neutro,-0.0297,0.0,0.019,0.981
"Simplesmente incrível, o suporte sensacional!",simplesmente incrível suporte sensacional,Positivo,0.6492,0.511,0.0,0.489
"Entrega atrasou muito, o produto quebrou em uma semana.",entrega atrasou produto quebrou semana,Negativo,-0.8784,0.0,0.797,0.203
"Atendimento horrível, ninguém resolve nada.",atendimento horrível ninguém resolve nada,Negativo,-0.8832,0.0,0.703,0.297
"A embalagem impecável, virei cliente fiel dessa marca.",embalagem impecável virei cliente fiel dessa marca,Positivo,0.6458,0.629,0.0,0.371
"Atendimento horrível, ninguém resolve nada.",atendimento horrível ninguém resolve nada,Negativo,-0.7383,0.0,0.52,0.48
"Que compra ruim, o celular veio quebrado.",compra ruim celular veio quebrado,Negativo,-0.7298,0.0,0.653,0.347
"Comprei o produto ontem, ainda vou testar.",comprei produto ontem ainda vou testar,Neutro,0.0202,0.014,0.0,0.986
"Voltarei a comprar com certeza, rápido e eficiente!",voltarei comprar certeza rápido eficiente,Positivo,0.7147,0.656,0.0,0.344
Fui até a loja física para trocar o celular.,fui até loja física trocar celular,Neutro,0.0325,0.028,0.0,0.972
A bicicleta chegou no prazo previsto.,bicicleta chegou prazo previsto,Neutro,-0.0173,0.0,0.012,0.988
"Terrível, simplesmente terrível essa experiência.",terrível simplesmente terrível experiência,Negativo,-0.5389,0.0,0.437,0.563
Fui até a loja física para trocar a blusa.,fui até loja física trocar blusa,Neutro,-0.0255,0.0,0.024,0.976
"Entrega atrasou muito, veio tudo errado.",entrega atrasou veio tudo errado,Negativo,-0.5313,0.0,0.518,0.482
Estou pesquisando opiniões sobre o prazo de entrega antes de comprar.,estou pesquisando opiniões sobre prazo entrega antes comprar,Neutro,-0.0461,0.0,0.035,0.965
"Que compra ruim, a blusa veio quebrado.",compra ruim blusa veio quebrado,Negativo,-0.4829,0.0,0.444,0.556
Qual a diferença entre o fone de ouvido e o modelo anterior?,diferença entre fone ouvido modelo anterior,Neutro,-0.0367,0.0,0.032,0.968
Qual a diferença entre a blusa e o modelo anterior?,diferença entre blusa modelo anterior,Neutro,0.028,0.024,0.0,0.976
"A compra é horrível, não vale o preço, decepção total.",compra horrível vale preço decepção total,Negativo,-0.8742,0.0,0.706,0.294
"Excelente o prazo de entrega, recomendo a todos!",excelente prazo entrega recomendo todos,Positivo,0.8301,0.794,0.0,0.206
"Produto de baixa qualidade, dinheiro jogado fora.",produto baixa qualidade dinheiro jogado fora,Negativo,-0.6962,0.0,0.42,0.58
Estou pesquisando opiniões sobre a qualidade antes de comprar.,estou pesquisando opiniões sobre qualidade antes comprar,Neutro,-0.0458,0.0,0.034,0.966
Fui até a loja física para trocar o fone de ouvido.,fui até loja física trocar fone ouvido,Neutro,-0.006,0.0,0.004,0.996
"Ótimo o suporte, estou muito feliz com a compra!",ótimo suporte estou feliz compra,Positivo,0.4227,0.419,0.0,0.581
"O notebook tem cor azul e branca, conforme o anúncio.",notebook cor azul branca conforme anúncio,Neutro,0.0301,0.02,0.0,0.98
Estou pesquisando opiniões sobre o atendimento antes de comprar.,estou pesquisando opiniões sobre atendimento antes comprar,Neutro,-0.0111,0.0,0.009,0.991
"A loja fica aberta até as 22h, segundo o site.",loja fica aberta até segundo site,Neutro,-0.0484,0.0,0.046,0.954
"Muito bom o produto, ficou perfeito, adorei o resultado!",bom produto ficou perfeito adorei resultado,Positivo,0.4742,0.47,0.0,0.53
"Atendimento nota 10, resolveram meu problema rapidinho.",atendimento nota resolveram problema rapidinho,Positivo,0.5419,0.516,0.0,0.484
"O site horrível, demorou semanas para resolver.",site horrível demorou semanas resolver,Negativo,-0.821,0.0,0.781,0.219
"A qualidade impecável, virei cliente fiel dessa marca.",qualidade impecável virei cliente fiel dessa marca,Positivo,0.6558,0.594,0.0,0.406
Qual a diferença entre o pedido e o modelo anterior?,diferença entre pedido modelo anterior,Neutro,0.0385,0.028,0.0,0.972
Qual a diferença entre o tênis e o modelo anterior?,diferença entre tênis modelo anterior,Neutro,-0.0046,0.0,0.003,0.997
"Terrível, simplesmente terrível essa experiência.",terrível simplesmente terrível experiência,Negativo,-0.8378,0.0,0.618,0.382
"Não indico essa marca pra ninguém, a caixa chegou toda amassada.",indico marca pra ninguém caixa chegou toda amassada,Negativo,-0.5437,0.0,0.439,0.561
"Ótimo o preço, estou muito feliz com a compra!",ótimo preço estou feliz compra,Positivo,0.4241,0.272,0.0,0.728
Extremamente decepcionado com o relógio.,extremamente decepcionado relógio,Negativo,-0.7015,0.0,0.656,0.344
"Ótimo a embalagem, estou muito feliz com a compra!",ótimo embalagem estou feliz compra,Positivo,0.8357,0.533,0.0,0.467
Alguém sabe informar o prazo de entrega de o notebook?,alguém sabe informar prazo entrega notebook,Neutro,-0.0224,0.0,0.017,0.983
"Voltarei a comprar com certeza, acima da expectativa!",voltarei comprar certeza acima expectativa,Positivo,0.7017,0.579,0.0,0.421
"O brinquedo superou minhas expectativas, muito bom!",brinquedo superou expectativas bom,Positivo,0.5066,0.449,0.0,0.551
"Muito ruim o preço, experiência péssima.",ruim preço experiência péssima,Negativo,-0.779,0.0,0.673,0.327
"Que ótima experiência de compra, tudo maravilhoso!",ótima experiência compra tudo maravilhoso,Positivo,0.7401,0.46,0.0,0.54
Qual a diferença entre o eletrodoméstico e o modelo anterior?,diferença entre eletrodoméstico modelo anterior,Neutro,-0.0286,0.0,0.028,0.972
"Adorei a entrega da marca, muito de primeira qualidade!",adorei entrega marca primeira qualidade,Positivo,0.498,0.407,0.0,0.593
"Comprei o celular ontem, ainda vou testar.",comprei celular ontem ainda vou testar,Neutro,-0.0317,0.0,0.023,0.977
Qual a diferença entre o celular e o modelo anterior?,diferença entre celular modelo anterior,Neutro,-0.0166,0.0,0.016,0.984
"Terrível, simplesmente terrível essa experiência.",terrível simplesmente terrível experiência,Negativo,-0.4567,0.0,0.445,0.555
"Nunca mais compro dessa marca, cobraram duas vezes no cartão.",nunca compro dessa marca cobraram duas vezes cartão,Negativo,-0.6698,0.0,0.638,0.362
Fui até a loja física para trocar o celular.,fui até loja física trocar celular,Neutro,-0.0104,0.0,0.007,0.993
"Comprei a blusa ontem, ainda vou testar.",comprei blusa ontem ainda vou testar,Neutro,0.0038,0.003,0.0,0.997
"Comprei o brinquedo ontem, ainda vou testar.",comprei brinquedo ontem ainda vou testar,Neutro,0.0223,0.017,0.0,0.983
Melhor experiência que já tive com o app.,melhor experiência app,Positivo,0.8049,0.577,0.0,0.423
"O celular superou minhas expectativas, muito bom!",celular superou expectativas bom,Positivo,0.6563,0.576,0.0,0.424
"Recebi o notebook, embalagem estava ok.",recebi notebook embalagem estava,Neutro,-0.0057,0.0,0.004,0.996
"Ótimo o atendimento, estou muito feliz com a compra!",ótimo atendimento estou feliz compra,Positivo,0.6227,0.614,0.0,0.386
"Atendimento nota 10, resolveram meu problema rapidinho.",atendimento nota resolveram problema rapidinho,Positivo,0.4028,0.358,0.0,0.642
"Terrível, simplesmente terrível essa experiência.",terrível simplesmente terrível experiência,Negativo,-0.5902,0.0,0.495,0.505
"Atendimento horrível, ninguém resolve nada.",atendimento horrível ninguém resolve nada,Negativo,-0.787,0.0,0.733,0.267
"Serviço ruim, atendimento péssimo, não voltarei.",serviço ruim atendimento péssimo voltarei,Negativo,-0.825,0.0,0.553,0.447
"Excelente a experiência de compra, recomendo a todos!",excelente experiência compra recomendo todos,Positivo,0.6514,0.618,0.0,0.382
"Não indico essa marca pra ninguém, demorou semanas para resolver.",indico marca pra ninguém demorou semanas resolver,Negativo,-0.8645,0.0,0.643,0.357
"Comprei o celular e chegou rápido, super satisfeito!",comprei celular chegou rápido super satisfeito,Positivo,0.7294,0.674,0.0,0.326
"A bolsa superou minhas expectativas, muito bom!",bolsa superou expectativas bom,Positivo,0.4337,0.375,0.0,0.625
"Excelente o suporte, recomendo a todos!",excelente suporte recomendo todos,Positivo,0.6754,0.482,0.0,0.518
"Equipe de primeira qualidade, super recomendo essa marca!",equipe primeira qualidade super recomendo marca,Positivo,0.7883,0.616,0.0,0.384
"Comprei a blusa ontem, ainda vou testar.",comprei blusa ontem ainda vou testar,Neutro,-0.0045,0.0,0.003,0.997
"A loja fica aberta até as 22h, segundo o site.",loja fica aberta até segundo site,Neutro,-0.001,0.0,0.001,0.999
"Ótimo o preço, estou muito feliz com a compra!",ótimo preço estou feliz compra,Positivo,0.8751,0.665,0.0,0.335
"Que compra ruim, a bicicleta veio quebrado.",compra ruim bicicleta veio quebrado,Negativo,-0.579,0.0,0.499,0.501
Estou pesquisando opiniões sobre a entrega antes de comprar.,estou pesquisando opiniões sobre entrega antes comprar,Neutro,0.0375,0.037,0.0,0.963
"O tênis veio com defeito, muito decepcionado.",tênis veio defeito decepcionado,Negativo,-0.879,0.0,0.821,0.179
Alguém sabe informar o prazo de entrega de a blusa?,alguém sabe informar prazo entrega blusa,Neutro,0.0199,0.014,0.0,0.986
"O celular tem cor azul e branca, conforme o anúncio.",celular cor azul branca conforme anúncio,Neutro,0.0064,0.005,0.0,0.995
A bicicleta chegou no prazo previsto.,bicicleta chegou prazo previsto,Neutro,0.0433,0.041,0.0,0.959
"O preço impecável, virei cliente fiel dessa marca.",preço impecável virei cliente fiel dessa marca,Positivo,0.4424,0.41,0.0,0.59
"O prazo de entrega impecável, virei cliente fiel dessa marca.",prazo entrega impecável virei cliente fiel dessa marca,Positivo,0.4289,0.348,0.0,0.652
"Péssimo o site, não recomendo.",péssimo site recomendo,Negativo,-0.4615,0.0,0.445,0.555
"Voltarei a comprar com certeza, rápido e eficiente!",voltarei comprar certeza rápido eficiente,Positivo,0.6492,0.518,0.0,0.482
"Suporte não responde, estou muito insatisfeito.",suporte responde estou insatisfeito,Negativo,-0.497,0.0,0.299,0.701
"Muito ruim o prazo de entrega, experiência péssima.",ruim prazo entrega experiência péssima,Negativo,-0.6512,0.0,0.585,0.415
Extremamente decepcionado com a bolsa.,extremamente decepcionado bolsa,Negativo,-0.5876,0.0,0.416,0.584
"Equipe muito profissional, super recomendo essa marca!",equipe profissional super recomendo marca,Positivo,0.7567,0.715,0.0,0.285
"Muito bom o pedido, ficou perfeito, adorei o resultado!",bom pedido ficou perfeito adorei resultado,Positivo,0.4401,0.318,0.0,0.682
"Excelente o site, recomendo a todos!",excelente site recomendo todos,Positivo,0.7083,0.595,0.0,0.405
"Equipe de primeira qualidade, super recomendo essa marca!",equipe primeira qualidade super recomendo marca,Positivo,0.6273,0.536,0.0,0.464
"Não indico essa marca pra ninguém, a caixa chegou toda amassada.",indico marca pra ninguém caixa chegou toda amassada,Negativo,-0.4061,0.0,0.37,0.63
Estou pesquisando opiniões sobre a entrega antes de comprar.,estou pesquisando opiniões sobre entrega antes comprar,Neutro,-0.0185,0.0,0.013,0.987
"Serviço ruim, atendimento péssimo, não voltarei.",serviço ruim atendimento péssimo voltarei,Negativo,-0.6497,0.0,0.6,0.4
"Adorei o suporte da marca, muito muito profissional!",adorei suporte marca profissional,Positivo,0.4533,0.375,0.0,0.625
"Comprei o brinquedo ontem, ainda vou testar.",comprei brinquedo ontem ainda vou testar,Neutro,0.0015,0.001,0.0,0.999
"Atendimento horrível, ninguém resolve nada.",atendimento horrível ninguém resolve nada,Negativo,-0.7517,0.0,0.51,0.49
"Comprei o pedido e chegou rápido, super satisfeito!",comprei pedido chegou rápido super satisfeito,Positivo,0.4924,0.348,0.0,0.652
"A blusa tem cor azul e branca, conforme o anúncio.",blusa cor azul branca conforme anúncio,Neutro,-0.0214,0.0,0.013,0.987
"O relógio é horrível, não vale o preço, decepção total.",relógio horrível vale preço decepção total,Negativo,-0.7621,0.0,0.548,0.452
"Ótimo o app, estou muito feliz com a compra!",ótimo app estou feliz compra,Positivo,0.6824,0.462,0.0,0.538
"Comprei a bicicleta e chegou rápido, super satisfeito!",comprei bicicleta chegou rápido super satisfeito,Positivo,0.421,0.389,0.0,0.611
"Muito satisfeito com o produto, vale cada centavo.",satisfeito produto vale cada centavo,Positivo,0.7654,0.639,0.0,0.361
"Péssimo o prazo de entrega, não recomendo.",péssimo prazo entrega recomendo,Negativo,-0.8749,0.0,0.562,0.438
Extremamente decepcionado com o livro.,extremamente decepcionado livro,Negativo,-0.5997,0.0,0.467,0.533
"Nunca mais compro dessa marca, demorou semanas para resolver.",nunca compro dessa marca demorou semanas resolver,Negativo,-0.6231,0.0,0.559,0.441
"A experiência de compra horrível, o produto quebrou em uma semana.",experiência compra horrível produto quebrou semana,Negativo,-0.5453,0.0,0.496,0.504
Vi a propaganda da marca na TV hoje.,propaganda marca hoje,Neutro,0.0397,0.038,0.0,0.962
Fui até a loja física para trocar o relógio.,fui até loja física trocar relógio,Neutro,-0.0082,0.0,0.007,0.993
"Suporte não responde, estou muito insatisfeito.",suporte responde estou insatisfeito,Negativo,-0.6536,0.0,0.587,0.413
"Recebi o notebook, embalagem estava ok.",recebi notebook embalagem estava,Neutro,-0.0489,0.0,0.037,0.963
Alguém sabe informar o prazo de entrega de o tênis?,alguém sabe informar prazo entrega tênis,Neutro,-0.0337,0.0,0.024,0.976
"A loja fica aberta até as 22h, segundo o site.",loja fica aberta até segundo site,Neutro,0.0049,0.004,0.0,0.996
"Simplesmente incrível, o app sensacional!",simplesmente incrível app sensacional,Positivo,0.5626,0.558,0.0,0.442
"O fone de ouvido tem cor azul e branca, conforme o anúncio.",fone ouvido cor azul branca conforme anúncio,Neutro,-0.0491,0.0,0.042,0.958
"Que ótima experiência de compra, tudo maravilhoso!",ótima experiência compra tudo maravilhoso,Positivo,0.7534,0.459,0.0,0.541
"Que ótima experiência de compra, tudo maravilhoso!",ótima experiência compra tudo maravilhoso,Positivo,0.8358,0.546,0.0,0.454
Melhor experiência que já tive com a embalagem.,melhor experiência embalagem,Positivo,0.6927,0.646,0.0,0.354
Vi a propaganda da marca na TV hoje.,propaganda marca hoje,Neutro,-0.0085,0.0,0.005,0.995
"Entrega atrasou muito, a caixa chegou toda amassada.",entrega atrasou caixa chegou toda amassada,Negativo,-0.8644,0.0,0.654,0.346
"Ótimo a embalagem, estou muito feliz com a compra!",ótimo embalagem estou feliz compra,Positivo,0.7338,0.688,0.0,0.312
"Suporte não responde, estou muito insatisfeito.",suporte responde estou insatisfeito,Negativo,-0.8687,0.0,0.655,0.345
"Voltarei a comprar com certeza, rápido e eficiente!",voltarei comprar certeza rápido eficiente,Positivo,0.8042,0.544,0.0,0.456
Qual a diferença entre o produto e o modelo anterior?,diferença entre produto modelo anterior,Neutro,-0.0475,0.0,0.031,0.969
"Suporte não responde, estou muito insatisfeito.",suporte responde estou insatisfeito,Negativo,-0.7211,0.0,0.576,0.424
"Nunca mais compro dessa marca, ninguém respondeu meus e-mails.",nunca compro dessa marca ninguém respondeu emails,Negativo,-0.76,0.0,0.549,0.451
"Comprei a bicicleta ontem, ainda vou testar.",comprei bicicleta ontem ainda vou testar,Neutro,-0.0213,0.0,0.013,0.987
"A qualidade impecável, virei cliente fiel dessa marca.",qualidade impecável virei cliente fiel dessa marca,Positivo,0.4439,0.393,0.0,0.607
"Atendimento nota 10, resolveram meu problema rapidinho.",atendimento nota resolveram problema rapidinho,Positivo,0.7129,0.591,0.0,0.409
Vi a propaganda da marca na TV hoje.,propaganda marca hoje,Neutro,0.0277,0.026,0.0,0.974
Vi a propaganda da marca na TV hoje.,propaganda marca hoje,Neutro,0.0141,0.012,0.0,0.988
"Muito ruim a qualidade, experiência péssima.",ruim qualidade experiência péssima,Negativo,-0.4122,0.0,0.288,0.712
"A bolsa superou minhas expectativas, muito bom!",bolsa superou expectativas bom,Positivo,0.6219,0.535,0.0,0.465
"O prazo de entrega horrível, o produto quebrou em uma semana.",prazo entrega horrível produto quebrou semana,Negativo,-0.5435,0.0,0.508,0.492
"O produto veio com defeito, muito decepcionado.",produto veio defeito decepcionado,Negativo,-0.461,0.0,0.336,0.664
Extremamente decepcionado com o relógio.,extremamente decepcionado relógio,Negativo,-0.5062,0.0,0.484,0.516
"Ótimo a embalagem, estou muito feliz com a compra!",ótimo embalagem estou feliz compra,Positivo,0.6706,0.512,0.0,0.488
Alguém sabe informar o prazo de entrega de a bolsa?,alguém sabe informar prazo entrega bolsa,Neutro,-0.0458,0.0,0.035,0.965
Vi a propaganda da marca na TV hoje.,propaganda marca hoje,Neutro,0.0333,0.031,0.0,0.969
"Recebi o tênis, embalagem estava ok.",recebi tênis embalagem estava,Neutro,0.0439,0.039,0.0,0.961
"Nunca mais compro dessa marca, cobraram duas vezes no cartão.",nunca compro dessa marca cobraram duas vezes cartão,Negativo,-0.4569,0.0,0.287,0.713
"Atendimento nota 10, resolveram meu problema rapidinho.",atendimento nota resolveram problema rapidinho,Positivo,0.6109,0.507,0.0,0.493
"A embalagem horrível, veio tudo errado.",embalagem horrível veio tudo errado,Negativo,-0.6348,0.0,0.503,0.497
"Que ótima experiência de compra, tudo maravilhoso!",ótima experiência compra tudo maravilhoso,Positivo,0.6917,0.645,0.0,0.355
"Excelente a embalagem, recomendo a todos!",excelente embalagem recomendo todos,Positivo,0.8816,0.801,0.0,0.199
"A compra superou minhas expectativas, muito bom!",compra superou expectativas bom,Positivo,0.8812,0.816,0.0,0.184
"Voltarei a comprar com certeza, acima da expectativa!",voltarei comprar certeza acima expectativa,Positivo,0.631,0.481,0.0,0.519
"Equipe rápido e eficiente, super recomendo essa marca!",equipe rápido eficiente super recomendo marca,Positivo,0.54,0.405,0.0,0.595
"A loja fica aberta até as 22h, segundo o site.",loja fica aberta até segundo site,Neutro,0.025,0.023,0.0,0.977
"Simplesmente incrível, o site sensacional!",simplesmente incrível site sensacional,Positivo,0.5744,0.468,0.0,0.532
"Comprei o perfume ontem, ainda vou testar.",comprei perfume ontem ainda vou testar,Neutro,-0.0274,0.0,0.016,0.984
Estou pesquisando opiniões sobre o app antes de comprar.,estou pesquisando opiniões sobre app antes comprar,Neutro,-0.0445,0.0,0.04,0.96
Vi a propaganda da marca na TV hoje.,propaganda marca hoje,Neutro,0.0315,0.021,0.0,0.979
Qual a diferença entre o livro e o modelo anterior?,diferença entre livro modelo anterior,Neutro,-0.0157,0.0,0.015,0.985
"Não indico essa marca pra ninguém, o produto quebrou em uma semana.",indico marca pra ninguém produto quebrou semana,Negativo,-0.8027,0.0,0.552,0.448
"Equipe impecável, super recomendo essa marca!",equipe impecável super recomendo marca,Positivo,0.5946,0.473,0.0,0.527
"Recebi o livro, embalagem estava ok.",recebi livro embalagem estava,Neutro,-0.0258,0.0,0.02,0.98
"Comprei o perfume e chegou rápido, super satisfeito!",comprei perfume chegou rápido super satisfeito,Positivo,0.8033,0.641,0.0,0.359
"Ótimo a experiência de compra, estou muito feliz com a compra!",ótimo experiência compra estou feliz compra,Positivo,0.7611,0.693,0.0,0.307
Fui até a loja física para trocar o livro.,fui até loja física trocar livro,Neutro,-0.0373,0.0,0.031,0.969
Fui até a loja física para trocar o tênis.,fui até loja física trocar tênis,Neutro,0.0453,0.033,0.0,0.967
Vi a propaganda da marca na TV hoje.,propaganda marca hoje,Neutro,0.0329,0.031,0.0,0.969
"O notebook é horrível, não vale o preço, decepção total.",notebook horrível vale preço decepção total,Negativo,-0.6979,0.0,0.661,0.339
"Voltarei a comprar com certeza, rápido e eficiente!",voltarei comprar certeza rápido eficiente,Positivo,0.7187,0.475,0.0,0.525
Estou pesquisando opiniões sobre o site antes de comprar.,estou pesquisando opiniões sobre site antes comprar,Neutro,-0.0103,0.0,0.007,0.993
O notebook chegou no prazo previsto.,notebook chegou prazo previsto,Neutro,0.0398,0.024,0.0,0.976
"Muito bom a blusa, ficou perfeito, adorei o resultado!",bom blusa ficou perfeito adorei resultado,Positivo,0.4509,0.397,0.0,0.603
"Excelente o app, recomendo a todos!",excelente app recomendo todos,Positivo,0.4535,0.373,0.0,0.627
"Suporte não responde, estou muito insatisfeito.",suporte responde estou insatisfeito,Negativo,-0.8263,0.0,0.763,0.237
"Recebi o pedido, embalagem estava ok.",recebi pedido embalagem estava,Neutro,-0.0438,0.0,0.037,0.963
Fui até a loja física para trocar a bicicleta.,fui até loja física trocar bicicleta,Neutro,0.038,0.024,0.0,0.976
"O produto é horrível, não vale o preço, decepção total.",produto horrível vale preço decepção total,Negativo,-0.6201,0.0,0.393,0.607
"Recebi o produto, embalagem estava ok.",recebi produto embalagem estava,Neutro,-0.0209,0.0,0.02,0.98
"A embalagem impecável, virei cliente fiel dessa marca.",embalagem impecável virei cliente fiel dessa marca,Positivo,0.7016,0.669,0.0,0.331
"Muito ruim a qualidade, experiência péssima.",ruim qualidade experiência péssima,Negativo,-0.6562,0.0,0.566,0.434
"O perfume veio com defeito, muito decepcionado.",perfume veio defeito decepcionado,Negativo,-0.4859,0.0,0.437,0.563
"Péssimo o app, não recomendo.",péssimo app recomendo,Negativo,-0.513,0.0,0.506,0.494
"A bolsa é horrível, não vale o preço, decepção total.",bolsa horrível vale preço decepção total,Negativo,-0.8395,0.0,0.548,0.452
Alguém sabe informar o prazo de entrega de o relógio?,alguém sabe informar prazo entrega relógio,Neutro,0.0136,0.011,0.0,0.989
"Atendimento nota 10, resolveram meu problema rapidinho.",atendimento nota resolveram problema rapidinho,Positivo,0.763,0.731,0.0,0.269
Melhor experiência que já tive com a entrega.,melhor experiência entrega,Positivo,0.885,0.749,0.0,0.251
"Atendimento nota 10, resolveram meu problema rapidinho.",atendimento nota resolveram problema rapidinho,Positivo,0.7097,0.612,0.0,0.388
"Voltarei a comprar com certeza, rápido e eficiente!",voltarei comprar certeza rápido eficiente,Positivo,0.5472,0.412,0.0,0.588
Fui até a loja física para trocar o notebook.,fui até loja física trocar notebook,Neutro,0.0145,0.014,0.0,0.986
"A loja fica aberta até as 22h, segundo o site.",loja fica aberta até segundo site,Neutro,-0.0095,0.0,0.008,0.992
"Terrível, simplesmente terrível essa experiência.",terrível simplesmente terrível experiência,Negativo,-0.8123,0.0,0.542,0.458
Fui até a loja física para trocar a blusa.,fui até loja física trocar blusa,Neutro,0.0113,0.011,0.0,0.989
"Ótimo o preço, estou muito feliz com a compra!",ótimo preço estou feliz compra,Positivo,0.4023,0.305,0.0,0.695
"Recebi a compra, embalagem estava ok.",recebi compra embalagem estava,Neutro,-0.0066,0.0,0.005,0.995
"Excelente o app, recomendo a todos!",excelente app recomendo todos,Positivo,0.6433,0.464,0.0,0.536
"O perfume tem cor azul e branca, conforme o anúncio.",perfume cor azul branca conforme anúncio,Neutro,0.0298,0.019,0.0,0.981
"A loja fica aberta até as 22h, segundo o site.",loja fica aberta até segundo site,Neutro,0.0323,0.023,0.0,0.977
"Muito bom o livro, ficou perfeito, adorei o resultado!",bom livro ficou perfeito adorei resultado,Positivo,0.4926,0.407,0.0,0.593
"Excelente o site, recomendo a todos!",excelente site recomendo todos,Positivo,0.616,0.464,0.0,0.536
"Suporte não responde, estou muito insatisfeito.",suporte responde estou insatisfeito,Negativo,-0.8238,0.0,0.807,0.193
Extremamente decepcionado com o fone de ouvido.,extremamente decepcionado fone ouvido,Negativo,-0.4347,0.0,0.314,0.686
"Voltarei a comprar com certeza, rápido e eficiente!",voltarei comprar certeza rápido eficiente,Positivo,0.4941,0.369,0.0,0.631
"O eletrodoméstico tem cor azul e branca, conforme o anúncio.",eletrodoméstico cor azul branca conforme anúncio,Neutro,-0.0348,0.0,0.032,0.968
"Recebi o celular, embalagem estava ok.",recebi celular embalagem estava,Neutro,0.0185,0.017,0.0,0.983
"Muito satisfeito com o tênis, vale cada centavo.",satisfeito tênis vale cada centavo,Positivo,0.54,0.483,0.0,0.517
Fui até a loja física para trocar o fone de ouvido.,fui até loja física trocar fone ouvido,Neutro,-0.0443,0.0,0.028,0.972
"Produto de baixa qualidade, dinheiro jogado fora.",produto baixa qualidade dinheiro jogado fora,Negativo,-0.7831,0.0,0.501,0.499
Alguém sabe informar o prazo de entrega de a bolsa?,alguém sabe informar prazo entrega bolsa,Neutro,-0.0036,0.0,0.003,0.997
"O produto tem cor azul e branca, conforme o anúncio.",produto cor azul branca conforme anúncio,Neutro,0.0124,0.011,0.0,0.989
"Equipe muito profissional, super recomendo essa marca!",equipe profissional super recomendo marca,Positivo,0.6447,0.403,0.0,0.597
Extremamente decepcionado com o brinquedo.,extremamente decepcionado brinquedo,Negativo,-0.406,0.0,0.314,0.686
"Voltarei a comprar com certeza, impecável!",voltarei comprar certeza impecável,Positivo,0.7039,0.477,0.0,0.523
"Simplesmente incrível, o site sensacional!",simplesmente incrível site sensacional,Positivo,0.7948,0.732,0.0,0.268
"Entrega atrasou muito, cobraram duas vezes no cartão.",entrega atrasou cobraram duas vezes cartão,Negativo,-0.6985,0.0,0.484,0.516
"O livro veio com defeito, muito decepcionado.",livro veio defeito decepcionado,Negativo,-0.7589,0.0,0.482,0.518
"Muito satisfeito com o celular, vale cada centavo.",satisfeito celular vale cada centavo,Positivo,0.4401,0.426,0.0,0.574
"Serviço ruim, atendimento péssimo, não voltarei.",serviço ruim atendimento péssimo voltarei,Negativo,-0.6518,0.0,0.546,0.454
"Recebi o produto, embalagem estava ok.",recebi produto embalagem estava,Neutro,0.0279,0.021,0.0,0.979
"Muito bom o eletrodoméstico, ficou perfeito, adorei o resultado!",bom eletrodoméstico ficou perfeito adorei resultado,Positivo,0.5993,0.425,0.0,0.575
"A loja fica aberta até as 22h, segundo o site.",loja fica aberta até segundo site,Neutro,-0.015,0.0,0.011,0.989
"A compra superou minhas expectativas, muito bom!",compra superou expectativas bom,Positivo,0.7442,0.498,0.0,0.502
Fui até a loja física para trocar o livro.,fui até loja física trocar livro,Neutro,-0.0252,0.0,0.02,0.98
"Comprei o perfume ontem, ainda vou testar.",comprei perfume ontem ainda vou testar,Neutro,-0.0296,0.0,0.02,0.98
"Comprei a bolsa ontem, ainda vou testar.",comprei bolsa ontem ainda vou testar,Neutro,0.0057,0.005,0.0,0.995
"A experiência de compra horrível, a caixa chegou toda amassada.",experiência compra horrível caixa chegou toda amassada,Negativo,-0.4535,0.0,0.317,0.683
"Voltarei a comprar com certeza, muito profissional!",voltarei comprar certeza profissional,Positivo,0.739,0.62,0.0,0.38
"Suporte não responde, estou muito insatisfeito.",suporte responde estou insatisfeito,Negativo,-0.633,0.0,0.465,0.535
"Voltarei a comprar com certeza, super atencioso!",voltarei comprar certeza super atencioso,Positivo,0.7748,0.656,0.0,0.344
"Que ótima experiência de compra, tudo maravilhoso!",ótima experiência compra tudo maravilhoso,Positivo,0.5626,0.531,0.0,0.469
"A bicicleta veio com defeito, muito decepcionado.",bicicleta veio defeito decepcionado,Negativo,-0.7783,0.0,0.693,0.307
Fui até a loja física para trocar o fone de ouvido.,fui até loja física trocar fone ouvido,Neutro,-0.0405,0.0,0.04,0.96
"Que ótima experiência de compra, tudo maravilhoso!",ótima experiência compra tudo maravilhoso,Positivo,0.5955,0.417,0.0,0.583
"Muito ruim o prazo de entrega, experiência péssima.",ruim prazo entrega experiência péssima,Negativo,-0.422,0.0,0.26,0.74
"Excelente o atendimento, recomendo a todos!",excelente atendimento recomendo todos,Positivo,0.7528,0.456,0.0,0.544
"A embalagem impecável, virei cliente fiel dessa marca.",embalagem impecável virei cliente fiel dessa marca,Positivo,0.4035,0.402,0.0,0.598
"Equipe rápido e eficiente, super recomendo essa marca!",equipe rápido eficiente super recomendo marca,Positivo,0.7666,0.62,0.0,0.38
"A bolsa veio com defeito, muito decepcionado.",bolsa veio defeito decepcionado,Negativo,-0.5205,0.0,0.408,0.592
Extremamente decepcionado com o brinquedo.,extremamente decepcionado brinquedo,Negativo,-0.5298,0.0,0.364,0.636
"O eletrodoméstico superou minhas expectativas, muito bom!",eletrodoméstico superou expectativas bom,Positivo,0.8278,0.684,0.0,0.316
"Recebi o perfume, embalagem estava ok.",recebi perfume embalagem estava,Neutro,0.0073,0.006,0.0,0.994
"Excelente a embalagem, recomendo a todos!",excelente embalagem recomendo todos,Positivo,0.6962,0.543,0.0,0.457
"O brinquedo é maravilhoso, adorei demais!",brinquedo maravilhoso adorei demais,Positivo,0.5615,0.346,0.0,0.654
"O pedido é horrível, não vale o preço, decepção total.",pedido horrível vale preço decepção total,Negativo,-0.6422,0.0,0.625,0.375
"Nunca mais compro dessa marca, cobraram duas vezes no cartão.",nunca compro dessa marca cobraram duas vezes cartão,Negativo,-0.4866,0.0,0.423,0.577
"A loja fica aberta até as 22h, segundo o site.",loja fica aberta até segundo site,Neutro,-0.0146,0.0,0.013,0.987
"Comprei o eletrodoméstico e chegou rápido, super satisfeito!",comprei eletrodoméstico chegou rápido super satisfeito,Positivo,0.7658,0.764,0.0,0.236
"Comprei o livro ontem, ainda vou testar.",comprei livro ontem ainda vou testar,Neutro,0.0078,0.005,0.0,0.995
"Recebi o produto, embalagem estava ok.",recebi produto embalagem estava,Neutro,0.0366,0.03,0.0,0.97
"Ótimo a entrega, estou muito feliz com a compra!",ótimo entrega estou feliz compra,Positivo,0.5368,0.384,0.0,0.616
Alguém sabe informar o prazo de entrega de o fone de ouvido?,alguém sabe informar prazo entrega fone ouvido,Neutro,-0.0323,0.0,0.025,0.975
Vi a propaganda da marca na TV hoje.,propaganda marca hoje,Neutro,-0.0133,0.0,0.011,0.989
Estou pesquisando opiniões sobre o suporte antes de comprar.,estou pesquisando opiniões sobre suporte antes comprar,Neutro,0.0314,0.022,0.0,0.978
"O site impecável, virei cliente fiel dessa marca.",site impecável virei cliente fiel dessa marca,Positivo,0.4928,0.379,0.0,0.621
"Terrível, simplesmente terrível essa experiência.",terrível simplesmente terrível experiência,Negativo,-0.802,0.0,0.613,0.387
"Atendimento nota 10, resolveram meu problema rapidinho.",atendimento nota resolveram problema rapidinho,Positivo,0.6508,0.587,0.0,0.413
"Excelente o site, recomendo a todos!",excelente site recomendo todos,Positivo,0.8451,0.753,0.0,0.247
"O tênis tem cor azul e branca, conforme o anúncio.",tênis cor azul branca conforme anúncio,Neutro,0.0014,0.001,0.0,0.999
"O celular é maravilhoso, adorei demais!",celular maravilhoso adorei demais,Positivo,0.6047,0.389,0.0,0.611
"A loja fica aberta até as 22h, segundo o site.",loja fica aberta até segundo site,Neutro,0.0429,0.027,0.0,0.973
"O produto tem cor azul e branca, conforme o anúncio.",produto cor azul branca conforme anúncio,Neutro,-0.0112,0.0,0.01,0.99
Alguém sabe informar o prazo de entrega de a compra?,alguém sabe informar prazo entrega compra,Neutro,0.0159,0.015,0.0,0.985
Fui até a loja física para trocar o tênis.,fui até loja física trocar tênis,Neutro,0.0364,0.024,0.0,0.976
"Muito bom a bicicleta, ficou perfeito, adorei o resultado!",bom bicicleta ficou perfeito adorei resultado,Positivo,0.6399,0.521,0.0,0.479
"A qualidade horrível, ninguém respondeu meus e-mails.",qualidade horrível ninguém respondeu emails,Negativo,-0.5829,0.0,0.558,0.442
"Atendimento nota 10, resolveram meu problema rapidinho.",atendimento nota resolveram problema rapidinho,Positivo,0.569,0.545,0.0,0.455
"Péssimo o preço, não recomendo.",péssimo preço recomendo,Negativo,-0.8812,0.0,0.555,0.445
"Que ótima experiência de compra, tudo maravilhoso!",ótima experiência compra tudo maravilhoso,Positivo,0.6632,0.512,0.0,0.488
"A embalagem impecável, virei cliente fiel dessa marca.",embalagem impecável virei cliente fiel dessa marca,Positivo,0.6832,0.447,0.0,0.553
Qual a diferença entre o brinquedo e o modelo anterior?,diferença entre brinquedo modelo anterior,Neutro,0.0003,0.0,0.0,1.0
"O fone de ouvido tem cor azul e branca, conforme o anúncio.",fone ouvido cor azul branca conforme anúncio,Neutro,0.031,0.021,0.0,0.979
Vi a propaganda da marca na TV hoje.,propaganda marca hoje,Neutro,0.0229,0.018,0.0,0.982
"Que compra ruim, o livro veio quebrado.",compra ruim livro veio quebrado,Negativo,-0.4666,0.0,0.419,0.581
"Simplesmente incrível, a experiência de compra sensacional!",simplesmente incrível experiência compra sensacional,Positivo,0.7741,0.563,0.0,0.437
"Comprei o relógio ontem, ainda vou testar.",comprei relógio ontem ainda vou testar,Neutro,-0.0456,0.0,0.035,0.965
"O relógio é horrível, não vale o preço, decepção total.",relógio horrível vale preço decepção total,Negativo,-0.5153,0.0,0.369,0.631
Alguém sabe informar o prazo de entrega de o fone de ouvido?,alguém sabe informar prazo entrega fone ouvido,Neutro,0.0434,0.037,0.0,0.963
Estou pesquisando opiniões sobre a entrega antes de comprar.,estou pesquisando opiniões sobre entrega antes comprar,Neutro,0.0292,0.02,0.0,0.98
"Entrega atrasou muito, a caixa chegou toda amassada.",entrega atrasou caixa chegou toda amassada,Negativo,-0.8013,0.0,0.484,0.516
"Nunca mais compro dessa marca, a caixa chegou toda amassada.",nunca compro dessa marca caixa chegou toda amassada,Negativo,-0.6267,0.0,0.558,0.442
"A bicicleta é horrível, não vale o preço, decepção total.",bicicleta horrível vale preço decepção total,Negativo,-0.4315,0.0,0.371,0.629
"Nunca mais compro dessa marca, ninguém respondeu meus e-mails.",nunca compro dessa marca ninguém respondeu emails,Negativo,-0.5937,0.0,0.588,0.412
"Serviço ruim, atendimento péssimo, não voltarei.",serviço ruim atendimento péssimo voltarei,Negativo,-0.891,0.0,0.675,0.325
"Péssimo o atendimento, não recomendo.",péssimo atendimento recomendo,Negativo,-0.4183,0.0,0.307,0.693
"Entrega atrasou muito, veio tudo errado.",entrega atrasou veio tudo errado,Negativo,-0.5787,0.0,0.449,0.551
"Equipe rápido e eficiente, super recomendo essa marca!",equipe rápido eficiente super recomendo marca,Positivo,0.8009,0.767,0.0,0.233
"Suporte não responde, estou muito insatisfeito.",suporte responde estou insatisfeito,Negativo,-0.7752,0.0,0.67,0.33
"Que ótima experiência de compra, tudo maravilhoso!",ótima experiência compra tudo maravilhoso,Positivo,0.8748,0.837,0.0,0.163
Vi a propaganda da marca na TV hoje.,propaganda marca hoje,Neutro,0.0209,0.016,0.0,0.984
"Péssimo o app, não recomendo.",péssimo app recomendo,Negativo,-0.5796,0.0,0.381,0.619
"O produto tem cor azul e branca, conforme o anúncio.",produto cor azul branca conforme anúncio,Neutro,-0.0399,0.0,0.037,0.963
"Não indico essa marca pra ninguém, veio tudo errado.",indico marca pra ninguém veio tudo errado,Negativo,-0.7215,0.0,0.438,0.562
Qual a diferença entre o produto e o modelo anterior?,diferença entre produto modelo anterior,Neutro,-0.045,0.0,0.038,0.962
"O fone de ouvido é maravilhoso, adorei demais!",fone ouvido maravilhoso adorei demais,Positivo,0.6266,0.416,0.0,0.584
"Não indico essa marca pra ninguém, cobraram duas vezes no cartão.",indico marca pra ninguém cobraram duas vezes cartão,Negativo,-0.5312,0.0,0.394,0.606
"Entrega atrasou muito, a caixa chegou toda amassada.",entrega atrasou caixa chegou toda amassada,Negativo,-0.8517,0.0,0.585,0.415
"Produto de baixa qualidade, dinheiro jogado fora.",produto baixa qualidade dinheiro jogado fora,Negativo,-0.8323,0.0,0.591,0.409
"Voltarei a comprar com certeza, impecável!",voltarei comprar certeza impecável,Positivo,0.5468,0.352,0.0,0.648
"O notebook superou minhas expectativas, muito bom!",notebook superou expectativas bom,Positivo,0.5262,0.525,0.0,0.475
"Nunca mais compro dessa marca, demorou semanas para resolver.",nunca compro dessa marca demorou semanas resolver,Negativo,-0.8428,0.0,0.653,0.347
"O livro é maravilhoso, adorei demais!",livro maravilhoso adorei demais,Positivo,0.4258,0.387,0.0,0.613
"Muito satisfeito com o perfume, vale cada centavo.",satisfeito perfume vale cada centavo,Positivo,0.4594,0.388,0.0,0.612
"Muito satisfeito com a bolsa, vale cada centavo.",satisfeito bolsa vale cada centavo,Positivo,0.8191,0.645,0.0,0.355
"Muito satisfeito com o livro, vale cada centavo.",satisfeito livro vale cada centavo,Positivo,0.8393,0.506,0.0,0.494
"Suporte não responde, estou muito insatisfeito.",suporte responde estou insatisfeito,Negativo,-0.8662,0.0,0.769,0.231
Fui até a loja física para trocar o eletrodoméstico.,fui até loja física trocar eletrodoméstico,Neutro,-0.047,0.0,0.04,0.96
O notebook chegou no prazo previsto.,notebook chegou prazo previsto,Neutro,-0.0204,0.0,0.018,0.982
"Suporte não responde, estou muito insatisfeito.",suporte responde estou insatisfeito,Negativo,-0.453,0.0,0.349,0.651
Fui até a loja física para trocar o produto.,fui até loja física trocar produto,Neutro,0.05,0.041,0.0,0.959
Vi a propaganda da marca na TV hoje.,propaganda marca hoje,Neutro,-0.0258,0.0,0.021,0.979
"Voltarei a comprar com certeza, muito profissional!",voltarei comprar certeza profissional,Positivo,0.5812,0.52,0.0,0.48
O brinquedo chegou no prazo previsto.,brinquedo chegou prazo previsto,Neutro,0.0248,0.018,0.0,0.982
"Nunca mais compro dessa marca, cobraram duas vezes no cartão.",nunca compro dessa marca cobraram duas vezes cartão,Negativo,-0.8673,0.0,0.733,0.267
Fui até a loja física para trocar a compra.,fui até loja física trocar compra,Neutro,-0.0476,0.0,0.03,0.97
"Excelente a experiência de compra, recomendo a todos!",excelente experiência compra recomendo todos,Positivo,0.8069,0.66,0.0,0.34
"Que compra ruim, o pedido veio quebrado.",compra ruim pedido veio quebrado,Negativo,-0.5852,0.0,0.484,0.516
Estou pesquisando opiniões sobre o preço antes de comprar.,estou pesquisando opiniões sobre preço antes comprar,Neutro,-0.0161,0.0,0.014,0.986
"O atendimento impecável, virei cliente fiel dessa marca.",atendimento impecável virei cliente fiel dessa marca,Positivo,0.4591,0.284,0.0,0.716
Vi a propaganda da marca na TV hoje.,propaganda marca hoje,Neutro,0.0326,0.025,0.0,0.975
"Muito ruim o app, experiência péssima.",ruim app experiência péssima,Negativo,-0.7716,0.0,0.749,0.251
"O produto tem cor azul e branca, conforme o anúncio.",produto cor azul branca conforme anúncio,Neutro,0.0421,0.029,0.0,0.971
Vi a propaganda da marca na TV hoje.,propaganda marca hoje,Neutro,0.0,0.0,0.0,1.0
"Nunca mais compro dessa marca, ninguém respondeu meus e-mails.",nunca compro dessa marca ninguém respondeu emails,Negativo,-0.5244,0.0,0.52,0.48
"Voltarei a comprar com certeza, de primeira qualidade!",voltarei comprar certeza primeira qualidade,Positivo,0.4356,0.414,0.0,0.586
"Entrega atrasou muito, ninguém respondeu meus e-mails.",entrega atrasou ninguém respondeu emails,Negativo,-0.4216,0.0,0.316,0.684
"O tênis é horrível, não vale o preço, decepção total.",tênis horrível vale preço decepção total,Negativo,-0.4712,0.0,0.444,0.556
Qual a diferença entre a blusa e o modelo anterior?,diferença entre blusa modelo anterior,Neutro,-0.0223,0.0,0.018,0.982
"Comprei a compra e chegou rápido, super satisfeito!",comprei compra chegou rápido super satisfeito,Positivo,0.6883,0.45,0.0,0.55
"Comprei o brinquedo ontem, ainda vou testar.",comprei brinquedo ontem ainda vou testar,Neutro,-0.0015,0.0,0.001,0.999
"Comprei o brinquedo ontem, ainda vou testar.",comprei brinquedo ontem ainda vou testar,Neutro,-0.0187,0.0,0.013,0.987
"A embalagem horrível, cobraram duas vezes no cartão.",embalagem horrível cobraram duas vezes cartão,Negativo,-0.7211,0.0,0.634,0.366
"A loja fica aberta até as 22h, segundo o site.",loja fica aberta até segundo site,Neutro,0.0324,0.021,0.0,0.979
"Produto de baixa qualidade, dinheiro jogado fora.",produto baixa qualidade dinheiro jogado fora,Negativo,-0.8176,0.0,0.561,0.439
"O suporte impecável, virei cliente fiel dessa marca.",suporte impecável virei cliente fiel dessa marca,Positivo,0.8324,0.53,0.0,0.47
Fui até a loja física para trocar o tênis.,fui até loja física trocar tênis,Neutro,-0.0066,0.0,0.005,0.995
"O celular é maravilhoso, adorei demais!",celular maravilhoso adorei demais,Positivo,0.6663,0.483,0.0,0.517
"O eletrodoméstico é maravilhoso, adorei demais!",eletrodoméstico maravilhoso adorei demais,Positivo,0.5458,0.352,0.0,0.648
"Que ótima experiência de compra, tudo maravilhoso!",ótima experiência compra tudo maravilhoso,Positivo,0.73,0.627,0.0,0.373
"Comprei o tênis ontem, ainda vou testar.",comprei tênis ontem ainda vou testar,Neutro,0.0172,0.012,0.0,0.988
"Terrível, simplesmente terrível essa experiência.",terrível simplesmente terrível experiência,Negativo,-0.8385,0.0,0.635,0.365
"Produto de baixa qualidade, dinheiro jogado fora.",produto baixa qualidade dinheiro jogado fora,Negativo,-0.6393,0.0,0.56,0.44
"A bicicleta é horrível, não vale o preço, decepção total.",bicicleta horrível vale preço decepção total,Negativo,-0.864,0.0,0.837,0.163
"Voltarei a comprar com certeza, acima da expectativa!",voltarei comprar certeza acima expectativa,Positivo,0.447,0.361,0.0,0.639
"Suporte não responde, estou muito insatisfeito.",suporte responde estou insatisfeito,Negativo,-0.4782,0.0,0.318,0.682
"Entrega atrasou muito, demorou semanas para resolver.",entrega atrasou demorou semanas resolver,Negativo,-0.8391,0.0,0.763,0.237
"Simplesmente incrível, a entrega sensacional!",simplesmente incrível entrega sensacional,Positivo,0.4198,0.3,0.0,0.7
Fui até a loja física para trocar a compra.,fui até loja física trocar compra,Neutro,-0.0104,0.0,0.01,0.99
"Comprei o perfume e chegou rápido, super satisfeito!",comprei perfume chegou rápido super satisfeito,Positivo,0.5821,0.463,0.0,0.537
Extremamente decepcionado com o livro.,extremamente decepcionado livro,Negativo,-0.5096,0.0,0.396,0.604
"Péssimo o site, não recomendo.",péssimo site recomendo,Negativo,-0.7098,0.0,0.647,0.353
"Atendimento nota 10, resolveram meu problema rapidinho.",atendimento nota resolveram problema rapidinho,Positivo,0.5916,0.431,0.0,0.569
"O perfume tem cor azul e branca, conforme o anúncio.",perfume cor azul branca conforme anúncio,Neutro,-0.0143,0.0,0.014,0.986
"Atendimento horrível, ninguém resolve nada.",atendimento horrível ninguém resolve nada,Negativo,-0.8021,0.0,0.649,0.351
"Que ótima experiência de compra, tudo maravilhoso!",ótima experiência compra tudo maravilhoso,Positivo,0.8132,0.658,0.0,0.342
"Produto de baixa qualidade, dinheiro jogado fora.",produto baixa qualidade dinheiro jogado fora,Negativo,-0.6403,0.0,0.54,0.46
"A loja fica aberta até as 22h, segundo o site.",loja fica aberta até segundo site,Neutro,-0.0441,0.0,0.027,0.973
"Não indico essa marca pra ninguém, veio tudo errado.",indico marca pra ninguém veio tudo errado,Negativo,-0.6852,0.0,0.505,0.495
"Muito bom o perfume, ficou perfeito, adorei o resultado!",bom perfume ficou perfeito adorei resultado,Positivo,0.5188,0.337,0.0,0.663
"Péssimo o suporte, não recomendo.",péssimo suporte recomendo,Negativo,-0.5199,0.0,0.378,0.622
O brinquedo chegou no prazo previsto.,brinquedo chegou prazo previsto,Neutro,-0.0087,0.0,0.008,0.992
"Ótimo o suporte, estou muito feliz com a compra!",ótimo suporte estou feliz compra,Positivo,0.4907,0.316,0.0,0.684
"Que ótima experiência de compra, tudo maravilhoso!",ótima experiência compra tudo maravilhoso,Positivo,0.7293,0.603,0.0,0.397
"O fone de ouvido superou minhas expectativas, muito bom!",fone ouvido superou expectativas bom,Positivo,0.847,0.527,0.0,0.473
Vi a propaganda da marca na TV hoje.,propaganda marca hoje,Neutro,-0.0414,0.0,0.027,0.973
"Não indico essa marca pra ninguém, veio tudo errado.",indico marca pra ninguém veio tudo errado,Negativo,-0.4905,0.0,0.447,0.553
"Atendimento nota 10, resolveram meu problema rapidinho.",atendimento nota resolveram problema rapidinho,Positivo,0.8064,0.779,0.0,0.221
Vi a propaganda da marca na TV hoje.,propaganda marca hoje,Neutro,0.0078,0.006,0.0,0.994
"A qualidade impecável, virei cliente fiel dessa marca.",qualidade impecável virei cliente fiel dessa marca,Positivo,0.4696,0.403,0.0,0.597
"A bicicleta é horrível, não vale o preço, decepção total.",bicicleta horrível vale preço decepção total,Negativo,-0.8027,0.0,0.727,0.273
O relógio chegou no prazo previsto.,relógio chegou prazo previsto,Neutro,-0.0028,0.0,0.003,0.997
"Adorei a embalagem da marca, muito impecável!",adorei embalagem marca impecável,Positivo,0.4392,0.345,0.0,0.655
"Voltarei a comprar com certeza, impecável!",voltarei comprar certeza impecável,Positivo,0.6602,0.419,0.0,0.581
Alguém sabe informar o prazo de entrega de o fone de ouvido?,alguém sabe informar prazo entrega fone ouvido,Neutro,-0.0179,0.0,0.017,0.983
Vi a propaganda da marca na TV hoje.,propaganda marca hoje,Neutro,0.0104,0.008,0.0,0.992
"Comprei o eletrodoméstico e chegou rápido, super satisfeito!",comprei eletrodoméstico chegou rápido super satisfeito,Positivo,0.6582,0.435,0.0,0.565
"Não indico essa marca pra ninguém, demorou semanas para resolver.",indico marca pra ninguém demorou semanas resolver,Negativo,-0.7081,0.0,0.583,0.417
"Simplesmente incrível, a qualidade sensacional!",simplesmente incrível qualidade sensacional,Positivo,0.4574,0.34,0.0,0.66
"Muito ruim a experiência de compra, experiência péssima.",ruim experiência compra experiência péssima,Negativo,-0.4488,0.0,0.359,0.641
"O site horrível, a caixa chegou toda amassada.",site horrível caixa chegou toda amassada,Negativo,-0.6595,0.0,0.581,0.419
Alguém sabe informar o prazo de entrega de o fone de ouvido?,alguém sabe informar prazo entrega fone ouvido,Neutro,0.0484,0.03,0.0,0.97
"Que ótima experiência de compra, tudo maravilhoso!",ótima experiência compra tudo maravilhoso,Positivo,0.7121,0.534,0.0,0.466
"A loja fica aberta até as 22h, segundo o site.",loja fica aberta até segundo site,Neutro,0.0079,0.005,0.0,0.995
"O fone de ouvido é maravilhoso, adorei demais!",fone ouvido maravilhoso adorei demais,Positivo,0.5962,0.51,0.0,0.49
"Terrível, simplesmente terrível essa experiência.",terrível simplesmente terrível experiência,Negativo,-0.8341,0.0,0.554,0.446
"Nunca mais compro dessa marca, a caixa chegou toda amassada.",nunca compro dessa marca caixa chegou toda amassada,Negativo,-0.5206,0.0,0.336,0.664
Estou pesquisando opiniões sobre a entrega antes de comprar.,estou pesquisando opiniões sobre entrega antes comprar,Neutro,-0.0146,0.0,0.012,0.988
"O produto é maravilhoso, adorei demais!",produto maravilhoso adorei demais,Positivo,0.7318,0.651,0.0,0.349
"Atendimento nota 10, resolveram meu problema rapidinho.",atendimento nota resolveram problema rapidinho,Positivo,0.5062,0.467,0.0,0.533
"Comprei o pedido e chegou rápido, super satisfeito!",comprei pedido chegou rápido super satisfeito,Positivo,0.6044,0.408,0.0,0.592
"Simplesmente incrível, o app sensacional!",simplesmente incrível app sensacional,Positivo,0.6254,0.488,0.0,0.512
"Que ótima experiência de compra, tudo maravilhoso!",ótima experiência compra tudo maravilhoso,Positivo,0.4226,0.342,0.0,0.658
O perfume chegou no prazo previsto.,perfume chegou prazo previsto,Neutro,-0.008,0.0,0.006,0.994
"Excelente a entrega, recomendo a todos!",excelente entrega recomendo todos,Positivo,0.4456,0.31,0.0,0.69
"Péssimo a experiência de compra, não recomendo.",péssimo experiência compra recomendo,Negativo,-0.8329,0.0,0.584,0.416
Vi a propaganda da marca na TV hoje.,propaganda marca hoje,Neutro,0.0206,0.018,0.0,0.982
"Voltarei a comprar com certeza, impecável!",voltarei comprar certeza impecável,Positivo,0.7318,0.653,0.0,0.347
Vi a propaganda da marca na TV hoje.,propaganda marca hoje,Neutro,0.0477,0.036,0.0,0.964
"Atendimento nota 10, resolveram meu problema rapidinho.",atendimento nota resolveram problema rapidinho,Positivo,0.4282,0.302,0.0,0.698
"Não indico essa marca pra ninguém, ninguém respondeu meus e-mails.",indico marca pra ninguém ninguém respondeu emails,Negativo,-0.4369,0.0,0.309,0.691
"Serviço ruim, atendimento péssimo, não voltarei.",serviço ruim atendimento péssimo voltarei,Negativo,-0.5985,0.0,0.432,0.568
"Entrega atrasou muito, a caixa chegou toda amassada.",entrega atrasou caixa chegou toda amassada,Negativo,-0.8185,0.0,0.584,0.416
"Comprei o brinquedo ontem, ainda vou testar.",comprei brinquedo ontem ainda vou testar,Neutro,0.0162,0.014,0.0,0.986
"Comprei a bolsa ontem, ainda vou testar.",comprei bolsa ontem ainda vou testar,Neutro,-0.0068,0.0,0.005,0.995
"A bicicleta tem cor azul e branca, conforme o anúncio.",bicicleta cor azul branca conforme anúncio,Neutro,0.0336,0.032,0.0,0.968
"Atendimento horrível, ninguém resolve nada.",atendimento horrível ninguém resolve nada,Negativo,-0.5194,0.0,0.517,0.483
"Muito ruim o atendimento, experiência péssima.",ruim atendimento experiência péssima,Negativo,-0.6701,0.0,0.638,0.362
"Recebi o tênis, embalagem estava ok.",recebi tênis embalagem estava,Neutro,0.0041,0.004,0.0,0.996
"O brinquedo veio com defeito, muito decepcionado.",brinquedo veio defeito decepcionado,Negativo,-0.4549,0.0,0.351,0.649
Melhor experiência que já tive com o preço.,melhor experiência preço,Positivo,0.676,0.549,0.0,0.451
"Adorei o preço da marca, muito muito profissional!",adorei preço marca profissional,Positivo,0.7367,0.727,0.0,0.273
"O brinquedo é horrível, não vale o preço, decepção total.",brinquedo horrível vale preço decepção total,Negativo,-0.8479,0.0,0.778,0.222
Vi a propaganda da marca na TV hoje.,propaganda marca hoje,Neutro,-0.042,0.0,0.042,0.958
"A qualidade horrível, demorou semanas para resolver.",qualidade horrível demorou semanas resolver,Negativo,-0.8535,0.0,0.779,0.221
"Voltarei a comprar com certeza, rápido e eficiente!",voltarei comprar certeza rápido eficiente,Positivo,0.4536,0.369,0.0,0.631
Vi a propaganda da marca na TV hoje.,propaganda marca hoje,Neutro,0.0483,0.035,0.0,0.965
Melhor experiência que já tive com o suporte.,melhor experiência suporte,Positivo,0.6045,0.476,0.0,0.524
"A blusa tem cor azul e branca, conforme o anúncio.",blusa cor azul branca conforme anúncio,Neutro,-0.0077,0.0,0.006,0.994
Qual a diferença entre o notebook e o modelo anterior?,diferença entre notebook modelo anterior,Neutro,-0.0184,0.0,0.012,0.988
"Voltarei a comprar com certeza, super atencioso!",voltarei comprar certeza super atencioso,Positivo,0.7294,0.543,0.0,0.457
"Atendimento nota 10, resolveram meu problema rapidinho.",atendimento nota resolveram problema rapidinho,Positivo,0.8439,0.536,0.0,0.464
"Recebi o livro, embalagem estava ok.",recebi livro embalagem estava,Neutro,-0.0228,0.0,0.022,0.978
"Equipe super atencioso, super recomendo essa marca!",equipe super atencioso super recomendo marca,Positivo,0.5246,0.388,0.0,0.612
"Atendimento nota 10, resolveram meu problema rapidinho.",atendimento nota resolveram problema rapidinho,Positivo,0.6486,0.634,0.0,0.366
"Serviço ruim, atendimento péssimo, não voltarei.",serviço ruim atendimento péssimo voltarei,Negativo,-0.7374,0.0,0.463,0.537
"Serviço ruim, atendimento péssimo, não voltarei.",serviço ruim atendimento péssimo voltarei,Negativo,-0.5149,0.0,0.513,0.487
"Comprei a compra ontem, ainda vou testar.",comprei compra ontem ainda vou testar,Neutro,0.0177,0.013,0.0,0.987
"Produto de baixa qualidade, dinheiro jogado fora.",produto baixa qualidade dinheiro jogado fora,Negativo,-0.8827,0.0,0.587,0.413
"Recebi o livro, embalagem estava ok.",recebi livro embalagem estava,Neutro,0.0287,0.02,0.0,0.98
"Nunca mais compro dessa marca, cobraram duas vezes no cartão.",nunca compro dessa marca cobraram duas vezes cartão,Negativo,-0.4793,0.0,0.47,0.53
"Atendimento horrível, ninguém resolve nada.",atendimento horrível ninguém resolve nada,Negativo,-0.417,0.0,0.311,0.689
"Que compra ruim, o eletrodoméstico veio quebrado.",compra ruim eletrodoméstico veio quebrado,Negativo,-0.683,0.0,0.681,0.319
"Terrível, simplesmente terrível essa experiência.",terrível simplesmente terrível experiência,Negativo,-0.7121,0.0,0.691,0.309
"Suporte não responde, estou muito insatisfeito.",suporte responde estou insatisfeito,Negativo,-0.6562,0.0,0.484,0.516
"Comprei o perfume e chegou rápido, super satisfeito!",comprei perfume chegou rápido super satisfeito,Positivo,0.8754,0.673,0.0,0.327
"O celular veio com defeito, muito decepcionado.",celular veio defeito decepcionado,Negativo,-0.7523,0.0,0.651,0.349
Fui até a loja física para trocar o notebook.,fui até loja física trocar notebook,Neutro,-0.0097,0.0,0.008,0.992
"Nunca mais compro dessa marca, veio tudo errado.",nunca compro dessa marca veio tudo errado,Negativo,-0.7897,0.0,0.486,0.514
Qual a diferença entre o tênis e o modelo anterior?,diferença entre tênis modelo anterior,Neutro,0.0273,0.02,0.0,0.98
Fui até a loja física para trocar a blusa.,fui até loja física trocar blusa,Neutro,-0.0279,0.0,0.02,0.98
"Terrível, simplesmente terrível essa experiência.",terrível simplesmente terrível experiência,Negativo,-0.7556,0.0,0.546,0.454
"Que ótima experiência de compra, tudo maravilhoso!",ótima experiência compra tudo maravilhoso,Positivo,0.4769,0.359,0.0,0.641
"Entrega atrasou muito, a caixa chegou toda amassada.",entrega atrasou caixa chegou toda amassada,Negativo,-0.5685,0.0,0.538,0.462
"Voltarei a comprar com certeza, super atencioso!",voltarei comprar certeza super atencioso,Positivo,0.7204,0.524,0.0,0.476
"Não indico essa marca pra ninguém, a caixa chegou toda amassada.",indico marca pra ninguém caixa chegou toda amassada,Negativo,-0.8659,0.0,0.736,0.264
"Comprei o notebook ontem, ainda vou testar.",comprei notebook ontem ainda vou testar,Neutro,0.0461,0.038,0.0,0.962
"Que compra ruim, o livro veio quebrado.",compra ruim livro veio quebrado,Negativo,-0.7791,0.0,0.617,0.383
"O brinquedo é horrível, não vale o preço, decepção total.",brinquedo horrível vale preço decepção total,Negativo,-0.8882,0.0,0.579,0.421
"O perfume tem cor azul e branca, conforme o anúncio.",perfume cor azul branca conforme anúncio,Neutro,0.0359,0.023,0.0,0.977
"Muito satisfeito com o celular, vale cada centavo.",satisfeito celular vale cada centavo,Positivo,0.5121,0.353,0.0,0.647
"Voltarei a comprar com certeza, rápido e eficiente!",voltarei comprar certeza rápido eficiente,Positivo,0.76,0.599,0.0,0.401
"Comprei a blusa ontem, ainda vou testar.",comprei blusa ontem ainda vou testar,Neutro,-0.037,0.0,0.024,0.976
Alguém sabe informar o prazo de entrega de a blusa?,alguém sabe informar prazo entrega blusa,Neutro,-0.0153,0.0,0.013,0.987
"O pedido é horrível, não vale o preço, decepção total.",pedido horrível vale preço decepção total,Negativo,-0.8426,0.0,0.758,0.242
"A loja fica aberta até as 22h, segundo o site.",loja fica aberta até segundo site,Neutro,0.0176,0.017,0.0,0.983
"O tênis tem cor azul e branca, conforme o anúncio.",tênis cor azul branca conforme anúncio,Neutro,-0.0382,0.0,0.027,0.973
Estou pesquisando opiniões sobre a experiência de compra antes de comprar.,estou pesquisando opiniões sobre experiência compra antes comprar,Neutro,0.013,0.009,0.0,0.991
"Nunca mais compro dessa marca, o produto quebrou em uma semana.",nunca compro dessa marca produto quebrou semana,Negativo,-0.8522,0.0,0.619,0.381
"Comprei o eletrodoméstico ontem, ainda vou testar.",comprei eletrodoméstico ontem ainda vou testar,Neutro,0.0396,0.031,0.0,0.969
"O produto tem cor azul e branca, conforme o anúncio.",produto cor azul branca conforme anúncio,Neutro,-0.0122,0.0,0.009,0.991
"A loja fica aberta até as 22h, segundo o site.",loja fica aberta até segundo site,Neutro,-0.0077,0.0,0.006,0.994
"O celular tem cor azul e branca, conforme o anúncio.",celular cor azul branca conforme anúncio,Neutro,-0.0025,0.0,0.002,0.998
"Equipe super atencioso, super recomendo essa marca!",equipe super atencioso super recomendo marca,Positivo,0.7636,0.565,0.0,0.435
"A compra veio com defeito, muito decepcionado.",compra veio defeito decepcionado,Negativo,-0.8304,0.0,0.73,0.27
"Muito satisfeito com a bicicleta, vale cada centavo.",satisfeito bicicleta vale cada centavo,Positivo,0.8566,0.648,0.0,0.352
"O livro é maravilhoso, adorei demais!",livro maravilhoso adorei demais,Positivo,0.4994,0.314,0.0,0.686
"Excelente o atendimento, recomendo a todos!",excelente atendimento recomendo todos,Positivo,0.4835,0.313,0.0,0.687
"Simplesmente incrível, a qualidade sensacional!",simplesmente incrível qualidade sensacional,Positivo,0.5704,0.503,0.0,0.497
"Que ótima experiência de compra, tudo maravilhoso!",ótima experiência compra tudo maravilhoso,Positivo,0.5644,0.349,0.0,0.651
"Comprei a bicicleta e chegou rápido, super satisfeito!",comprei bicicleta chegou rápido super satisfeito,Positivo,0.8545,0.65,0.0,0.35
"A loja fica aberta até as 22h, segundo o site.",loja fica aberta até segundo site,Neutro,-0.0145,0.0,0.014,0.986
Qual a diferença entre o celular e o modelo anterior?,diferença entre celular modelo anterior,Neutro,0.0157,0.014,0.0,0.986
"Muito ruim o atendimento, experiência péssima.",ruim atendimento experiência péssima,Negativo,-0.6964,0.0,0.629,0.371
Vi a propaganda da marca na TV hoje.,propaganda marca hoje,Neutro,0.0408,0.038,0.0,0.962
"Comprei o pedido ontem, ainda vou testar.",comprei pedido ontem ainda vou testar,Neutro,0.0441,0.028,0.0,0.972
Alguém sabe informar o prazo de entrega de a blusa?,alguém sabe informar prazo entrega blusa,Neutro,0.0116,0.01,0.0,0.99
Estou pesquisando opiniões sobre a experiência de compra antes de comprar.,estou pesquisando opiniões sobre experiência compra antes comprar,Neutro,0.0225,0.014,0.0,0.986
"Serviço ruim, atendimento péssimo, não voltarei.",serviço ruim atendimento péssimo voltarei,Negativo,-0.6559,0.0,0.486,0.514
Vi a propaganda da marca na TV hoje.,propaganda marca hoje,Neutro,0.0468,0.044,0.0,0.956
"Ótimo a experiência de compra, estou muito feliz com a compra!",ótimo experiência compra estou feliz compra,Positivo,0.691,0.638,0.0,0.362
Alguém sabe informar o prazo de entrega de o eletrodoméstico?,alguém sabe informar prazo entrega eletrodoméstico,Neutro,0.039,0.035,0.0,0.965
"Péssimo o prazo de entrega, não recomendo.",péssimo prazo entrega recomendo,Negativo,-0.4854,0.0,0.439,0.561
"Adorei o site da marca, muito rápido e eficiente!",adorei site marca rápido eficiente,Positivo,0.6074,0.496,0.0,0.504
"Voltarei a comprar com certeza, muito profissional!",voltarei comprar certeza profissional,Positivo,0.4116,0.323,0.0,0.677
"A entrega horrível, ninguém respondeu meus e-mails.",entrega horrível ninguém respondeu emails,Negativo,-0.45,0.0,0.384,0.616
"Recebi a bolsa, embalagem estava ok.",recebi bolsa embalagem estava,Neutro,-0.0089,0.0,0.007,0.993
"Serviço ruim, atendimento péssimo, não voltarei.",serviço ruim atendimento péssimo voltarei,Negativo,-0.7081,0.0,0.505,0.495
Alguém sabe informar o prazo de entrega de o tênis?,alguém sabe informar prazo entrega tênis,Neutro,-0.0058,0.0,0.006,0.994
"Ótimo a embalagem, estou muito feliz com a compra!",ótimo embalagem estou feliz compra,Positivo,0.5873,0.399,0.0,0.601
A bolsa chegou no prazo previsto.,bolsa chegou prazo previsto,Neutro,-0.0365,0.0,0.031,0.969
Extremamente decepcionado com o pedido.,extremamente decepcionado pedido,Negativo,-0.8682,0.0,0.778,0.222
Estou pesquisando opiniões sobre o atendimento antes de comprar.,estou pesquisando opiniões sobre atendimento antes comprar,Neutro,0.0154,0.011,0.0,0.989
"Produto de baixa qualidade, dinheiro jogado fora.",produto baixa qualidade dinheiro jogado fora,Negativo,-0.5749,0.0,0.538,0.462
"Adorei o site da marca, muito acima da expectativa!",adorei site marca acima expectativa,Positivo,0.8374,0.589,0.0,0.411
Melhor experiência que já tive com a qualidade.,melhor experiência qualidade,Positivo,0.4694,0.361,0.0,0.639
"Excelente o atendimento, recomendo a todos!",excelente atendimento recomendo todos,Positivo,0.4752,0.426,0.0,0.574
Estou pesquisando opiniões sobre a qualidade antes de comprar.,estou pesquisando opiniões sobre qualidade antes comprar,Neutro,0.0371,0.023,0.0,0.977
Fui até a loja física para trocar o pedido.,fui até loja física trocar pedido,Neutro,0.0184,0.015,0.0,0.985
"Produto de baixa qualidade, dinheiro jogado fora.",produto baixa qualidade dinheiro jogado fora,Negativo,-0.5047,0.0,0.467,0.533
"Muito satisfeito com o eletrodoméstico, vale cada centavo.",satisfeito eletrodoméstico vale cada centavo,Positivo,0.8396,0.725,0.0,0.275
"Produto de baixa qualidade, dinheiro jogado fora.",produto baixa qualidade dinheiro jogado fora,Negativo,-0.5291,0.0,0.523,0.477
"Recebi a blusa, embalagem estava ok.",recebi blusa embalagem estava,Neutro,0.0255,0.023,0.0,0.977
"Recebi a compra, embalagem estava ok.",recebi compra embalagem estava,Neutro,-0.0141,0.0,0.013,0.987
"O preço impecável, virei cliente fiel dessa marca.",preço impecável virei cliente fiel dessa marca,Positivo,0.8003,0.548,0.0,0.452
"A bolsa é horrível, não vale o preço, decepção total.",bolsa horrível vale preço decepção total,Negativo,-0.8508,0.0,0.768,0.232
"A qualidade impecável, virei cliente fiel dessa marca.",qualidade impecável virei cliente fiel dessa marca,Positivo,0.6931,0.605,0.0,0.395
"Muito bom o produto, ficou perfeito, adorei o resultado!",bom produto ficou perfeito adorei resultado,Positivo,0.6529,0.409,0.0,0.591
Estou pesquisando opiniões sobre a experiência de compra antes de comprar.,estou pesquisando opiniões sobre experiência compra antes comprar,Neutro,-0.0481,0.0,0.038,0.962
"Entrega atrasou muito, cobraram duas vezes no cartão.",entrega atrasou cobraram duas vezes cartão,Negativo,-0.8069,0.0,0.525,0.475
Estou pesquisando opiniões sobre o preço antes de comprar.,estou pesquisando opiniões sobre preço antes comprar,Neutro,-0.0009,0.0,0.001,0.999
A blusa chegou no prazo previsto.,blusa chegou prazo previsto,Neutro,-0.0032,0.0,0.003,0.997
"Suporte não responde, estou muito insatisfeito.",suporte responde estou insatisfeito,Negativo,-0.7443,0.0,0.707,0.293
"Ótimo a experiência de compra, estou muito feliz com a compra!",ótimo experiência compra estou feliz compra,Positivo,0.5029,0.498,0.0,0.502
Qual a diferença entre a bicicleta e o modelo anterior?,diferença entre bicicleta modelo anterior,Neutro,-0.0325,0.0,0.028,0.972
"Recebi o relógio, embalagem estava ok.",recebi relógio embalagem estava,Neutro,-0.0104,0.0,0.007,0.993
"A embalagem impecável, virei cliente fiel dessa marca.",embalagem impecável virei cliente fiel dessa marca,Positivo,0.4318,0.43,0.0,0.57
Qual a diferença entre o relógio e o modelo anterior?,diferença entre relógio modelo anterior,Neutro,0.0434,0.031,0.0,0.969
"Atendimento horrível, ninguém resolve nada.",atendimento horrível ninguém resolve nada,Negativo,-0.582,0.0,0.42,0.58
"Que ótima experiência de compra, tudo maravilhoso!",ótima experiência compra tudo maravilhoso,Positivo,0.7059,0.455,0.0,0.545
"Que compra ruim, o celular veio quebrado.",compra ruim celular veio quebrado,Negativo,-0.6772,0.0,0.452,0.548
"Muito ruim o prazo de entrega, experiência péssima.",ruim prazo entrega experiência péssima,Negativo,-0.5097,0.0,0.329,0.671
"Voltarei a comprar com certeza, muito profissional!",voltarei comprar certeza profissional,Positivo,0.5075,0.427,0.0,0.573
"Serviço ruim, atendimento péssimo, não voltarei.",serviço ruim atendimento péssimo voltarei,Negativo,-0.824,0.0,0.575,0.425
"Recebi a bicicleta, embalagem estava ok.",recebi bicicleta embalagem estava,Neutro,0.0391,0.03,0.0,0.97
"Muito bom o celular, ficou perfeito, adorei o resultado!",bom celular ficou perfeito adorei resultado,Positivo,0.7898,0.657,0.0,0.343
O brinquedo chegou no prazo previsto.,brinquedo chegou prazo previsto,Neutro,-0.0478,0.0,0.042,0.958
"Voltarei a comprar com certeza, de primeira qualidade!",voltarei comprar certeza primeira qualidade,Positivo,0.7264,0.646,0.0,0.354
"Produto de baixa qualidade, dinheiro jogado fora.",produto baixa qualidade dinheiro jogado fora,Negativo,-0.4165,0.0,0.321,0.679
"O produto tem cor azul e branca, conforme o anúncio.",produto cor azul branca conforme anúncio,Neutro,0.018,0.014,0.0,0.986
Estou pesquisando opiniões sobre o atendimento antes de comprar.,estou pesquisando opiniões sobre atendimento antes comprar,Neutro,-0.0172,0.0,0.016,0.984
"Equipe impecável, super recomendo essa marca!",equipe impecável super recomendo marca,Positivo,0.4132,0.332,0.0,0.668
"O brinquedo é maravilhoso, adorei demais!",brinquedo maravilhoso adorei demais,Positivo,0.8083,0.773,0.0,0.227
"Muito bom a bicicleta, ficou perfeito, adorei o resultado!",bom bicicleta ficou perfeito adorei resultado,Positivo,0.6853,0.622,0.0,0.378
Fui até a loja física para trocar o pedido.,fui até loja física trocar pedido,Neutro,-0.0498,0.0,0.048,0.952
"Recebi o tênis, embalagem estava ok.",recebi tênis embalagem estava,Neutro,-0.0443,0.0,0.044,0.956
"Muito ruim a experiência de compra, experiência péssima.",ruim experiência compra experiência péssima,Negativo,-0.473,0.0,0.342,0.658
"Suporte não responde, estou muito insatisfeito.",suporte responde estou insatisfeito,Negativo,-0.5827,0.0,0.567,0.433
"Excelente o atendimento, recomendo a todos!",excelente atendimento recomendo todos,Positivo,0.8087,0.778,0.0,0.222
"O brinquedo veio com defeito, muito decepcionado.",brinquedo veio defeito decepcionado,Negativo,-0.4717,0.0,0.304,0.696
Fui até a loja física para trocar o brinquedo.,fui até loja física trocar brinquedo,Neutro,-0.0292,0.0,0.022,0.978
"Nunca mais compro dessa marca, ninguém respondeu meus e-mails.",nunca compro dessa marca ninguém respondeu emails,Negativo,-0.6804,0.0,0.604,0.396
"Muito ruim o preço, experiência péssima.",ruim preço experiência péssima,Negativo,-0.743,0.0,0.546,0.454
Melhor experiência que já tive com a experiência de compra.,melhor experiência experiência compra,Positivo,0.85,0.666,0.0,0.334
Fui até a loja física para trocar a blusa.,fui até loja física trocar blusa,Neutro,0.0201,0.017,0.0,0.983
"Comprei a compra ontem, ainda vou testar.",comprei compra ontem ainda vou testar,Neutro,-0.0433,0.0,0.031,0.969
"A bicicleta é maravilhoso, adorei demais!",bicicleta maravilhoso adorei demais,Positivo,0.8648,0.777,0.0,0.223
"O fone de ouvido tem cor azul e branca, conforme o anúncio.",fone ouvido cor azul branca conforme anúncio,Neutro,-0.038,0.0,0.032,0.968
"O suporte impecável, virei cliente fiel dessa marca.",suporte impecável virei cliente fiel dessa marca,Positivo,0.6858,0.577,0.0,0.423
"Excelente o suporte, recomendo a todos!",excelente suporte recomendo todos,Positivo,0.4672,0.29,0.0,0.71
"O relógio veio com defeito, muito decepcionado.",relógio veio defeito decepcionado,Negativo,-0.4632,0.0,0.443,0.557
"Nunca mais compro dessa marca, veio tudo errado.",nunca compro dessa marca veio tudo errado,Negativo,-0.6848,0.0,0.484,0.516
"Recebi o produto, embalagem estava ok.",recebi produto embalagem estava,Neutro,0.0269,0.023,0.0,0.977
"O preço impecável, virei cliente fiel dessa marca.",preço impecável virei cliente fiel dessa marca,Positivo,0.4697,0.377,0.0,0.623
"Atendimento horrível, ninguém resolve nada.",atendimento horrível ninguém resolve nada,Negativo,-0.77,0.0,0.579,0.421
"Que ótima experiência de compra, tudo maravilhoso!",ótima experiência compra tudo maravilhoso,Positivo,0.4893,0.452,0.0,0.548
Alguém sabe informar o prazo de entrega de a blusa?,alguém sabe informar prazo entrega blusa,Neutro,0.0321,0.024,0.0,0.976
"Equipe impecável, super recomendo essa marca!",equipe impecável super recomendo marca,Positivo,0.8742,0.725,0.0,0.275
Vi a propaganda da marca na TV hoje.,propaganda marca hoje,Neutro,-0.0041,0.0,0.003,0.997
Estou pesquisando opiniões sobre o atendimento antes de comprar.,estou pesquisando opiniões sobre atendimento antes comprar,Neutro,0.0408,0.028,0.0,0.972
"Que compra ruim, a compra veio quebrado.",compra ruim compra veio quebrado,Negativo,-0.7802,0.0,0.635,0.365
Alguém sabe informar o prazo de entrega de a bicicleta?,alguém sabe informar prazo entrega bicicleta,Neutro,0.0239,0.017,0.0,0.983
"Muito bom a bicicleta, ficou perfeito, adorei o resultado!",bom bicicleta ficou perfeito adorei resultado,Positivo,0.4362,0.338,0.0,0.662
"Muito bom o pedido, ficou perfeito, adorei o resultado!",bom pedido ficou perfeito adorei resultado,Positivo,0.7138,0.705,0.0,0.295
Qual a diferença entre o pedido e o modelo anterior?,diferença entre pedido modelo anterior,Neutro,0.0239,0.02,0.0,0.98
"O relógio superou minhas expectativas, muito bom!",relógio superou expectativas bom,Positivo,0.5366,0.377,0.0,0.623
"O fone de ouvido é maravilhoso, adorei demais!",fone ouvido maravilhoso adorei demais,Positivo,0.725,0.643,0.0,0.357
"Ótimo a entrega, estou muito feliz com a compra!",ótimo entrega estou feliz compra,Positivo,0.5232,0.332,0.0,0.668
"A entrega horrível, cobraram duas vezes no cartão.",entrega horrível cobraram duas vezes cartão,Negativo,-0.6306,0.0,0.61,0.39
"O suporte impecável, virei cliente fiel dessa marca.",suporte impecável virei cliente fiel dessa marca,Positivo,0.7131,0.624,0.0,0.376
"Entrega atrasou muito, ninguém respondeu meus e-mails.",entrega atrasou ninguém respondeu emails,Negativo,-0.4417,0.0,0.363,0.637
"O notebook é maravilhoso, adorei demais!",notebook maravilhoso adorei demais,Positivo,0.7918,0.754,0.0,0.246
"Simplesmente incrível, o suporte sensacional!",simplesmente incrível suporte sensacional,Positivo,0.415,0.395,0.0,0.605
"A qualidade impecável, virei cliente fiel dessa marca.",qualidade impecável virei cliente fiel dessa marca,Positivo,0.6951,0.656,0.0,0.344
Estou pesquisando opiniões sobre o app antes de comprar.,estou pesquisando opiniões sobre app antes comprar,Neutro,-0.0412,0.0,0.038,0.962
"Que compra ruim, a compra veio quebrado.",compra ruim compra veio quebrado,Negativo,-0.4094,0.0,0.335,0.665
"Comprei o pedido e chegou rápido, super satisfeito!",comprei pedido chegou rápido super satisfeito,Positivo,0.5201,0.514,0.0,0.486
"A loja fica aberta até as 22h, segundo o site.",loja fica aberta até segundo site,Neutro,0.0324,0.027,0.0,0.973
"Que compra ruim, o produto veio quebrado.",compra ruim produto veio quebrado,Negativo,-0.5867,0.0,0.57,0.43
"Equipe impecável, super recomendo essa marca!",equipe impecável super recomendo marca,Positivo,0.4201,0.408,0.0,0.592
Melhor experiência que já tive com o app.,melhor experiência app,Positivo,0.8246,0.757,0.0,0.243
"Muito bom o fone de ouvido, ficou perfeito, adorei o resultado!",bom fone ouvido ficou perfeito adorei resultado,Positivo,0.6052,0.508,0.0,0.492
"Que compra ruim, o brinquedo veio quebrado.",compra ruim brinquedo veio quebrado,Negativo,-0.6572,0.0,0.555,0.445
Melhor experiência que já tive com o prazo de entrega.,melhor experiência prazo entrega,Positivo,0.7767,0.68,0.0,0.32
"Péssimo a entrega, não recomendo.",péssimo entrega recomendo,Negativo,-0.7857,0.0,0.51,0.49
"O livro tem cor azul e branca, conforme o anúncio.",livro cor azul branca conforme anúncio,Neutro,0.0216,0.019,0.0,0.981
"Que compra ruim, o notebook veio quebrado.",compra ruim notebook veio quebrado,Negativo,-0.874,0.0,0.635,0.365
Alguém sabe informar o prazo de entrega de o livro?,alguém sabe informar prazo entrega livro,Neutro,0.0171,0.015,0.0,0.985
Fui até a loja física para trocar o brinquedo.,fui até loja física trocar brinquedo,Neutro,0.0194,0.019,0.0,0.981
"Péssimo a qualidade, não recomendo.",péssimo qualidade recomendo,Negativo,-0.8126,0.0,0.535,0.465
Estou pesquisando opiniões sobre o atendimento antes de comprar.,estou pesquisando opiniões sobre atendimento antes comprar,Neutro,0.0125,0.012,0.0,0.988
"Voltarei a comprar com certeza, muito profissional!",voltarei comprar certeza profissional,Positivo,0.4163,0.408,0.0,0.592
"Produto de baixa qualidade, dinheiro jogado fora.",produto baixa qualidade dinheiro jogado fora,Negativo,-0.8597,0.0,0.666,0.334
"Comprei o fone de ouvido e chegou rápido, super satisfeito!",comprei fone ouvido chegou rápido super satisfeito,Positivo,0.4635,0.463,0.0,0.537
"Serviço ruim, atendimento péssimo, não voltarei.",serviço ruim atendimento péssimo voltarei,Negativo,-0.6249,0.0,0.406,0.594
"O brinquedo veio com defeito, muito decepcionado.",brinquedo veio defeito decepcionado,Negativo,-0.4468,0.0,0.386,0.614
"Muito bom o livro, ficou perfeito, adorei o resultado!",bom livro ficou perfeito adorei resultado,Positivo,0.464,0.446,0.0,0.554
"Produto de baixa qualidade, dinheiro jogado fora.",produto baixa qualidade dinheiro jogado fora,Negativo,-0.7444,0.0,0.604,0.396
"Péssimo a experiência de compra, não recomendo.",péssimo experiência compra recomendo,Negativo,-0.6863,0.0,0.504,0.496
"Comprei a bicicleta ontem, ainda vou testar.",comprei bicicleta ontem ainda vou testar,Neutro,0.0095,0.009,0.0,0.991
Alguém sabe informar o prazo de entrega de a bolsa?,alguém sabe informar prazo entrega bolsa,Neutro,0.0257,0.02,0.0,0.98
"O pedido tem cor azul e branca, conforme o anúncio.",pedido cor azul branca conforme anúncio,Neutro,-0.0083,0.0,0.008,0.992
"Comprei o tênis e chegou rápido, super satisfeito!",comprei tênis chegou rápido super satisfeito,Positivo,0.6748,0.616,0.0,0.384
"Serviço ruim, atendimento péssimo, não voltarei.",serviço ruim atendimento péssimo voltarei,Negativo,-0.6485,0.0,0.607,0.393
"A bicicleta superou minhas expectativas, muito bom!",bicicleta superou expectativas bom,Positivo,0.899,0.593,0.0,0.407
"Comprei a bicicleta ontem, ainda vou testar.",comprei bicicleta ontem ainda vou testar,Neutro,-0.0081,0.0,0.007,0.993
Vi a propaganda da marca na TV hoje.,propaganda marca hoje,Neutro,0.0077,0.006,0.0,0.994
"A blusa é maravilhoso, adorei demais!",blusa maravilhoso adorei demais,Positivo,0.467,0.411,0.0,0.589
"Comprei o pedido ontem, ainda vou testar.",comprei pedido ontem ainda vou testar,Neutro,0.0404,0.039,0.0,0.961
Alguém sabe informar o prazo de entrega de o tênis?,alguém sabe informar prazo entrega tênis,Neutro,-0.0082,0.0,0.006,0.994
Alguém sabe informar o prazo de entrega de a blusa?,alguém sabe informar prazo entrega blusa,Neutro,0.0085,0.006,0.0,0.994
Estou pesquisando opiniões sobre o suporte antes de comprar.,estou pesquisando opiniões sobre suporte antes comprar,Neutro,0.0498,0.047,0.0,0.953
Estou pesquisando opiniões sobre a qualidade antes de comprar.,estou pesquisando opiniões sobre qualidade antes comprar,Neutro,-0.0249,0.0,0.021,0.979
Estou pesquisando opiniões sobre o prazo de entrega antes de comprar.,estou pesquisando opiniões sobre prazo entrega antes comprar,Neutro,-0.0298,0.0,0.022,0.978
"Voltarei a comprar com certeza, impecável!",voltarei comprar certeza impecável,Positivo,0.7105,0.516,0.0,0.484
Extremamente decepcionado com o tênis.,extremamente decepcionado tênis,Negativo,-0.8711,0.0,0.555,0.445
"Nunca mais compro dessa marca, o produto quebrou em uma semana.",nunca compro dessa marca produto quebrou semana,Negativo,-0.8999,0.0,0.884,0.116
Fui até a loja física para trocar a bicicleta.,fui até loja física trocar bicicleta,Neutro,0.016,0.011,0.0,0.989
"A compra é horrível, não vale o preço, decepção total.",compra horrível vale preço decepção total,Negativo,-0.6856,0.0,0.53,0.47
"Que compra ruim, o livro veio quebrado.",compra ruim livro veio quebrado,Negativo,-0.6802,0.0,0.409,0.591
"Entrega atrasou muito, ninguém respondeu meus e-mails.",entrega atrasou ninguém respondeu emails,Negativo,-0.4786,0.0,0.451,0.549
"Entrega atrasou muito, cobraram duas vezes no cartão.",entrega atrasou cobraram duas vezes cartão,Negativo,-0.7297,0.0,0.596,0.404
"Entrega atrasou muito, ninguém respondeu meus e-mails.",entrega atrasou ninguém respondeu emails,Negativo,-0.4709,0.0,0.292,0.708
"O suporte horrível, demorou semanas para resolver.",suporte horrível demorou semanas resolver,Negativo,-0.6845,0.0,0.441,0.559
"O perfume tem cor azul e branca, conforme o anúncio.",perfume cor azul branca conforme anúncio,Neutro,-0.0224,0.0,0.016,0.984
"Equipe de primeira qualidade, super recomendo essa marca!",equipe primeira qualidade super recomendo marca,Positivo,0.6589,0.42,0.0,0.58
Alguém sabe informar o prazo de entrega de o relógio?,alguém sabe informar prazo entrega relógio,Neutro,0.0366,0.03,0.0,0.97
Qual a diferença entre a blusa e o modelo anterior?,diferença entre blusa modelo anterior,Neutro,0.0214,0.021,0.0,0.979
Fui até a loja física para trocar o celular.,fui até loja física trocar celular,Neutro,0.0075,0.008,0.0,0.992
"O celular é horrível, não vale o preço, decepção total.",celular horrível vale preço decepção total,Negativo,-0.5716,0.0,0.541,0.459
"Atendimento horrível, ninguém resolve nada.",atendimento horrível ninguém resolve nada,Negativo,-0.4041,0.0,0.331,0.669
Extremamente decepcionado com o relógio.,extremamente decepcionado relógio,Negativo,-0.4044,0.0,0.378,0.622
"O suporte impecável, virei cliente fiel dessa marca.",suporte impecável virei cliente fiel dessa marca,Positivo,0.573,0.534,0.0,0.466
Estou pesquisando opiniões sobre a entrega antes de comprar.,estou pesquisando opiniões sobre entrega antes comprar,Neutro,-0.0341,0.0,0.033,0.967
"A bolsa veio com defeito, muito decepcionado.",bolsa veio defeito decepcionado,Negativo,-0.7238,0.0,0.528,0.472
"Entrega atrasou muito, cobraram duas vezes no cartão.",entrega atrasou cobraram duas vezes cartão,Negativo,-0.8228,0.0,0.572,0.428
Estou pesquisando opiniões sobre o preço antes de comprar.,estou pesquisando opiniões sobre preço antes comprar,Neutro,-0.0307,0.0,0.029,0.971
"Atendimento horrível, ninguém resolve nada.",atendimento horrível ninguém resolve nada,Negativo,-0.7077,0.0,0.492,0.508
Qual a diferença entre o notebook e o modelo anterior?,diferença entre notebook modelo anterior,Neutro,0.043,0.036,0.0,0.964
"Comprei o eletrodoméstico e chegou rápido, super satisfeito!",comprei eletrodoméstico chegou rápido super satisfeito,Positivo,0.6476,0.471,0.0,0.529
O perfume chegou no prazo previsto.,perfume chegou prazo previsto,Neutro,-0.0057,0.0,0.004,0.996
"Simplesmente incrível, a entrega sensacional!",simplesmente incrível entrega sensacional,Positivo,0.7663,0.717,0.0,0.283
"Muito bom a blusa, ficou perfeito, adorei o resultado!",bom blusa ficou perfeito adorei resultado,Positivo,0.8361,0.661,0.0,0.339
"Péssimo o site, não recomendo.",péssimo site recomendo,Negativo,-0.8693,0.0,0.57,0.43
Qual a diferença entre o brinquedo e o modelo anterior?,diferença entre brinquedo modelo anterior,Neutro,-0.0369,0.0,0.031,0.969
"Ótimo o suporte, estou muito feliz com a compra!",ótimo suporte estou feliz compra,Positivo,0.8532,0.688,0.0,0.312
"O suporte impecável, virei cliente fiel dessa marca.",suporte impecável virei cliente fiel dessa marca,Positivo,0.6047,0.528,0.0,0.472
"Recebi a bolsa, embalagem estava ok.",recebi bolsa embalagem estava,Neutro,-0.0127,0.0,0.008,0.992
"A blusa superou minhas expectativas, muito bom!",blusa superou expectativas bom,Positivo,0.465,0.287,0.0,0.713
"Comprei o notebook e chegou rápido, super satisfeito!",comprei notebook chegou rápido super satisfeito,Positivo,0.6403,0.599,0.0,0.401
"Nunca mais compro dessa marca, a caixa chegou toda amassada.",nunca compro dessa marca caixa chegou toda amassada,Negativo,-0.7623,0.0,0.721,0.279
"O prazo de entrega impecável, virei cliente fiel dessa marca.",prazo entrega impecável virei cliente fiel dessa marca,Positivo,0.4488,0.386,0.0,0.614
"Comprei o relógio e chegou rápido, super satisfeito!",comprei relógio chegou rápido super satisfeito,Positivo,0.4156,0.367,0.0,0.633
Melhor experiência que já tive com a qualidade.,melhor experiência qualidade,Positivo,0.4376,0.311,0.0,0.689
"Recebi o livro, embalagem estava ok.",recebi livro embalagem estava,Neutro,-0.0426,0.0,0.026,0.974
"Muito satisfeito com o tênis, vale cada centavo.",satisfeito tênis vale cada centavo,Positivo,0.6261,0.557,0.0,0.443
"O app horrível, o produto quebrou em uma semana.",app horrível produto quebrou semana,Negativo,-0.7233,0.0,0.608,0.392
"Voltarei a comprar com certeza, muito profissional!",voltarei comprar certeza profissional,Positivo,0.6201,0.373,0.0,0.627
"O preço impecável, virei cliente fiel dessa marca.",preço impecável virei cliente fiel dessa marca,Positivo,0.5981,0.559,0.0,0.441
"Recebi o eletrodoméstico, embalagem estava ok.",recebi eletrodoméstico embalagem estava,Neutro,0.0176,0.013,0.0,0.987
Melhor experiência que já tive com o preço.,melhor experiência preço,Positivo,0.6954,0.603,0.0,0.397
"Simplesmente incrível, o suporte sensacional!",simplesmente incrível suporte sensacional,Positivo,0.8367,0.518,0.0,0.482
Qual a diferença entre o brinquedo e o modelo anterior?,diferença entre brinquedo modelo anterior,Neutro,0.0031,0.002,0.0,0.998
"O atendimento horrível, a caixa chegou toda amassada.",atendimento horrível caixa chegou toda amassada,Negativo,-0.5514,0.0,0.393,0.607
"A loja fica aberta até as 22h, segundo o site.",loja fica aberta até segundo site,Neutro,-0.0162,0.0,0.015,0.985
Fui até a loja física para trocar o pedido.,fui até loja física trocar pedido,Neutro,-0.0071,0.0,0.007,0.993
"O suporte horrível, demorou semanas para resolver.",suporte horrível demorou semanas resolver,Negativo,-0.8927,0.0,0.848,0.152
Vi a propaganda da marca na TV hoje.,propaganda marca hoje,Neutro,-0.0108,0.0,0.007,0.993
"Serviço ruim, atendimento péssimo, não voltarei.",serviço ruim atendimento péssimo voltarei,Negativo,-0.63,0.0,0.41,0.59
"Adorei a entrega da marca, muito super atencioso!",adorei entrega marca super atencioso,Positivo,0.5985,0.458,0.0,0.542
"A experiência de compra impecável, virei cliente fiel dessa marca.",experiência compra impecável virei cliente fiel dessa marca,Positivo,0.4818,0.476,0.0,0.524
"Produto de baixa qualidade, dinheiro jogado fora.",produto baixa qualidade dinheiro jogado fora,Negativo,-0.5983,0.0,0.474,0.526
"Muito satisfeito com o relógio, vale cada centavo.",satisfeito relógio vale cada centavo,Positivo,0.5291,0.394,0.0,0.606
Vi a propaganda da marca na TV hoje.,propaganda marca hoje,Neutro,0.0381,0.033,0.0,0.967
"Não indico essa marca pra ninguém, cobraram duas vezes no cartão.",indico marca pra ninguém cobraram duas vezes cartão,Negativo,-0.801,0.0,0.488,0.512
"O celular é maravilhoso, adorei demais!",celular maravilhoso adorei demais,Positivo,0.8151,0.728,0.0,0.272
"Voltarei a comprar com certeza, super atencioso!",voltarei comprar certeza super atencioso,Positivo,0.747,0.604,0.0,0.396
"Atendimento nota 10, resolveram meu problema rapidinho.",atendimento nota resolveram problema rapidinho,Positivo,0.7641,0.619,0.0,0.381
Melhor experiência que já tive com o prazo de entrega.,melhor experiência prazo entrega,Positivo,0.766,0.632,0.0,0.368
Estou pesquisando opiniões sobre o prazo de entrega antes de comprar.,estou pesquisando opiniões sobre prazo entrega antes comprar,Neutro,-0.0177,0.0,0.015,0.985
Fui até a loja física para trocar o pedido.,fui até loja física trocar pedido,Neutro,0.0183,0.017,0.0,0.983
Melhor experiência que já tive com a entrega.,melhor experiência entrega,Positivo,0.6977,0.693,0.0,0.307
"Terrível, simplesmente terrível essa experiência.",terrível simplesmente terrível experiência,Negativo,-0.6278,0.0,0.444,0.556
"A bolsa veio com defeito, muito decepcionado.",bolsa veio defeito decepcionado,Negativo,-0.7024,0.0,0.526,0.474
Fui até a loja física para trocar o fone de ouvido.,fui até loja física trocar fone ouvido,Neutro,-0.0239,0.0,0.017,0.983
Extremamente decepcionado com a compra.,extremamente decepcionado compra,Negativo,-0.7629,0.0,0.472,0.528
"Suporte não responde, estou muito insatisfeito.",suporte responde estou insatisfeito,Negativo,-0.5559,0.0,0.421,0.579
"Produto de baixa qualidade, dinheiro jogado fora.",produto baixa qualidade dinheiro jogado fora,Negativo,-0.7158,0.0,0.555,0.445
"Comprei o produto e chegou rápido, super satisfeito!",comprei produto chegou rápido super satisfeito,Positivo,0.7129,0.457,0.0,0.543
"Que compra ruim, o tênis veio quebrado.",compra ruim tênis veio quebrado,Negativo,-0.4185,0.0,0.307,0.693
Extremamente decepcionado com o tênis.,extremamente decepcionado tênis,Negativo,-0.4043,0.0,0.308,0.692
A bolsa chegou no prazo previsto.,bolsa chegou prazo previsto,Neutro,0.011,0.01,0.0,0.99
"Muito satisfeito com a compra, vale cada centavo.",satisfeito compra vale cada centavo,Positivo,0.8474,0.58,0.0,0.42
"A entrega horrível, a caixa chegou toda amassada.",entrega horrível caixa chegou toda amassada,Negativo,-0.5418,0.0,0.389,0.611
"Serviço ruim, atendimento péssimo, não voltarei.",serviço ruim atendimento péssimo voltarei,Negativo,-0.4617,0.0,0.445,0.555
"O brinquedo tem cor azul e branca, conforme o anúncio.",brinquedo cor azul branca conforme anúncio,Neutro,0.0347,0.033,0.0,0.967
"Muito ruim o atendimento, experiência péssima.",ruim atendimento experiência péssima,Negativo,-0.4262,0.0,0.287,0.713
"Entrega atrasou muito, ninguém respondeu meus e-mails.",entrega atrasou ninguém respondeu emails,Negativo,-0.5037,0.0,0.311,0.689
A bicicleta chegou no prazo previsto.,bicicleta chegou prazo previsto,Neutro,0.0223,0.014,0.0,0.986
Estou pesquisando opiniões sobre a experiência de compra antes de comprar.,estou pesquisando opiniões sobre experiência compra antes comprar,Neutro,-0.0117,0.0,0.008,0.992
"O livro é maravilhoso, adorei demais!",livro maravilhoso adorei demais,Positivo,0.6687,0.507,0.0,0.493
"Comprei o eletrodoméstico ontem, ainda vou testar.",comprei eletrodoméstico ontem ainda vou testar,Neutro,0.0148,0.011,0.0,0.989
"Simplesmente incrível, o prazo de entrega sensacional!",simplesmente incrível prazo entrega sensacional,Positivo,0.6269,0.539,0.0,0.461
Qual a diferença entre o produto e o modelo anterior?,diferença entre produto modelo anterior,Neutro,0.0351,0.032,0.0,0.968
"Comprei o perfume ontem, ainda vou testar.",comprei perfume ontem ainda vou testar,Neutro,0.0088,0.009,0.0,0.991
"Muito ruim o site, experiência péssima.",ruim site experiência péssima,Negativo,-0.4998,0.0,0.372,0.628
"Péssimo a experiência de compra, não recomendo.",péssimo experiência compra recomendo,Negativo,-0.5378,0.0,0.444,0.556
"Ótimo o app, estou muito feliz com a compra!",ótimo app estou feliz compra,Positivo,0.8232,0.529,0.0,0.471
"Muito ruim o site, experiência péssima.",ruim site experiência péssima,Negativo,-0.8981,0.0,0.718,0.282
"Muito ruim a experiência de compra, experiência péssima.",ruim experiência compra experiência péssima,Negativo,-0.5739,0.0,0.448,0.552
"O tênis veio com defeito, muito decepcionado.",tênis veio defeito decepcionado,Negativo,-0.8341,0.0,0.583,0.417
"Que ótima experiência de compra, tudo maravilhoso!",ótima experiência compra tudo maravilhoso,Positivo,0.6337,0.452,0.0,0.548
"Recebi a compra, embalagem estava ok.",recebi compra embalagem estava,Neutro,-0.0281,0.0,0.026,0.974
"Muito bom a bicicleta, ficou perfeito, adorei o resultado!",bom bicicleta ficou perfeito adorei resultado,Positivo,0.5684,0.456,0.0,0.544
"Que ótima experiência de compra, tudo maravilhoso!",ótima experiência compra tudo maravilhoso,Positivo,0.7289,0.497,0.0,0.503
"Muito bom o tênis, ficou perfeito, adorei o resultado!",bom tênis ficou perfeito adorei resultado,Positivo,0.8672,0.603,0.0,0.397
"Recebi o livro, embalagem estava ok.",recebi livro embalagem estava,Neutro,0.0142,0.009,0.0,0.991
"Comprei o notebook ontem, ainda vou testar.",comprei notebook ontem ainda vou testar,Neutro,0.0202,0.015,0.0,0.985
"Terrível, simplesmente terrível essa experiência.",terrível simplesmente terrível experiência,Negativo,-0.7615,0.0,0.718,0.282
"O relógio tem cor azul e branca, conforme o anúncio.",relógio cor azul branca conforme anúncio,Neutro,0.0317,0.023,0.0,0.977
Fui até a loja física para trocar a bolsa.,fui até loja física trocar bolsa,Neutro,0.0049,0.004,0.0,0.996
"A compra é horrível, não vale o preço, decepção total.",compra horrível vale preço decepção total,Negativo,-0.5661,0.0,0.417,0.583
"O relógio é maravilhoso, adorei demais!",relógio maravilhoso adorei demais,Positivo,0.5946,0.455,0.0,0.545
A bicicleta chegou no prazo previsto.,bicicleta chegou prazo previsto,Neutro,-0.0387,0.0,0.024,0.976
"Muito bom o celular, ficou perfeito, adorei o resultado!",bom celular ficou perfeito adorei resultado,Positivo,0.7754,0.637,0.0,0.363
"Péssimo o site, não recomendo.",péssimo site recomendo,Negativo,-0.8978,0.0,0.729,0.271
Qual a diferença entre o perfume e o modelo anterior?,diferença entre perfume modelo anterior,Neutro,-0.0316,0.0,0.023,0.977
"Equipe impecável, super recomendo essa marca!",equipe impecável super recomendo marca,Positivo,0.4317,0.354,0.0,0.646
"Excelente o preço, recomendo a todos!",excelente preço recomendo todos,Positivo,0.7808,0.622,0.0,0.378
"Voltarei a comprar com certeza, rápido e eficiente!",voltarei comprar certeza rápido eficiente,Positivo,0.8113,0.738,0.0,0.262
O celular chegou no prazo previsto.,celular chegou prazo previsto,Neutro,0.0074,0.007,0.0,0.993
"Adorei o prazo de entrega da marca, muito acima da expectativa!",adorei prazo entrega marca acima expectativa,Positivo,0.4184,0.378,0.0,0.622
"Comprei o tênis ontem, ainda vou testar.",comprei tênis ontem ainda vou testar,Neutro,-0.024,0.0,0.015,0.985
"O prazo de entrega horrível, ninguém respondeu meus e-mails.",prazo entrega horrível ninguém respondeu emails,Negativo,-0.414,0.0,0.413,0.587
"Recebi a bolsa, embalagem estava ok.",recebi bolsa embalagem estava,Neutro,-0.0012,0.0,0.001,0.999
"Excelente a qualidade, recomendo a todos!",excelente qualidade recomendo todos,Positivo,0.809,0.553,0.0,0.447
"Produto de baixa qualidade, dinheiro jogado fora.",produto baixa qualidade dinheiro jogado fora,Negativo,-0.6708,0.0,0.53,0.47
"Péssimo o suporte, não recomendo.",péssimo suporte recomendo,Negativo,-0.7113,0.0,0.547,0.453
Alguém sabe informar o prazo de entrega de o produto?,alguém sabe informar prazo entrega produto,Neutro,-0.01,0.0,0.008,0.992
"Muito satisfeito com o tênis, vale cada centavo.",satisfeito tênis vale cada centavo,Positivo,0.4489,0.396,0.0,0.604
Qual a diferença entre o produto e o modelo anterior?,diferença entre produto modelo anterior,Neutro,0.0171,0.012,0.0,0.988
"Comprei o relógio e chegou rápido, super satisfeito!",comprei relógio chegou rápido super satisfeito,Positivo,0.7704,0.474,0.0,0.526
"Suporte não responde, estou muito insatisfeito.",suporte responde estou insatisfeito,Negativo,-0.7554,0.0,0.645,0.355
"Comprei a compra ontem, ainda vou testar.",comprei compra ontem ainda vou testar,Neutro,-0.0275,0.0,0.02,0.98
"Serviço ruim, atendimento péssimo, não voltarei.",serviço ruim atendimento péssimo voltarei,Negativo,-0.5075,0.0,0.471,0.529
"O notebook superou minhas expectativas, muito bom!",notebook superou expectativas bom,Positivo,0.8051,0.561,0.0,0.439
"Muito satisfeito com a bicicleta, vale cada centavo.",satisfeito bicicleta vale cada centavo,Positivo,0.5443,0.337,0.0,0.663
"Comprei o livro e chegou rápido, super satisfeito!",comprei livro chegou rápido super satisfeito,Positivo,0.6718,0.627,0.0,0.373
"O prazo de entrega impecável, virei cliente fiel dessa marca.",prazo entrega impecável virei cliente fiel dessa marca,Positivo,0.4077,0.271,0.0,0.729
"A entrega impecável, virei cliente fiel dessa marca.",entrega impecável virei cliente fiel dessa marca,Positivo,0.4866,0.381,0.0,0.619
"Muito satisfeito com a compra, vale cada centavo.",satisfeito compra vale cada centavo,Positivo,0.4369,0.313,0.0,0.687
"Suporte não responde, estou muito insatisfeito.",suporte responde estou insatisfeito,Negativo,-0.668,0.0,0.551,0.449
"O relógio é maravilhoso, adorei demais!",relógio maravilhoso adorei demais,Positivo,0.4235,0.324,0.0,0.676
"A loja fica aberta até as 22h, segundo o site.",loja fica aberta até segundo site,Neutro,0.034,0.026,0.0,0.974
"O eletrodoméstico superou minhas expectativas, muito bom!",eletrodoméstico superou expectativas bom,Positivo,0.8604,0.55,0.0,0.45
"Muito ruim a entrega, experiência péssima.",ruim entrega experiência péssima,Negativo,-0.6757,0.0,0.545,0.455
O tênis chegou no prazo previsto.,tênis chegou prazo previsto,Neutro,0.0086,0.006,0.0,0.994
"A bolsa é maravilhoso, adorei demais!",bolsa maravilhoso adorei demais,Positivo,0.4523,0.418,0.0,0.582
Extremamente decepcionado com a blusa.,extremamente decepcionado blusa,Negativo,-0.7251,0.0,0.529,0.471
Vi a propaganda da marca na TV hoje.,propaganda marca hoje,Neutro,-0.0081,0.0,0.006,0.994
"Excelente o prazo de entrega, recomendo a todos!",excelente prazo entrega recomendo todos,Positivo,0.5472,0.475,0.0,0.525
"Suporte não responde, estou muito insatisfeito.",suporte responde estou insatisfeito,Negativo,-0.4598,0.0,0.365,0.635
"Que ótima experiência de compra, tudo maravilhoso!",ótima experiência compra tudo maravilhoso,Positivo,0.5791,0.462,0.0,0.538
"Ótimo a experiência de compra, estou muito feliz com a compra!",ótimo experiência compra estou feliz compra,Positivo,0.6196,0.562,0.0,0.438
"O fone de ouvido superou minhas expectativas, muito bom!",fone ouvido superou expectativas bom,Positivo,0.6195,0.445,0.0,0.555
"Que compra ruim, o brinquedo veio quebrado.",compra ruim brinquedo veio quebrado,Negativo,-0.5992,0.0,0.445,0.555
"Muito satisfeito com a blusa, vale cada centavo.",satisfeito blusa vale cada centavo,Positivo,0.6479,0.64,0.0,0.36
"O perfume superou minhas expectativas, muito bom!",perfume superou expectativas bom,Positivo,0.7416,0.532,0.0,0.468
Estou pesquisando opiniões sobre o preço antes de comprar.,estou pesquisando opiniões sobre preço antes comprar,Neutro,-0.0403,0.0,0.034,0.966
"Que ótima experiência de compra, tudo maravilhoso!",ótima experiência compra tudo maravilhoso,Positivo,0.4917,0.322,0.0,0.678
"Não indico essa marca pra ninguém, o produto quebrou em uma semana.",indico marca pra ninguém produto quebrou semana,Negativo,-0.5602,0.0,0.416,0.584
"O brinquedo é maravilhoso, adorei demais!",brinquedo maravilhoso adorei demais,Positivo,0.8342,0.833,0.0,0.167
O tênis chegou no prazo previsto.,tênis chegou prazo previsto,Neutro,-0.033,0.0,0.031,0.969
"Produto de baixa qualidade, dinheiro jogado fora.",produto baixa qualidade dinheiro jogado fora,Negativo,-0.8557,0.0,0.677,0.323
"A compra tem cor azul e branca, conforme o anúncio.",compra cor azul branca conforme anúncio,Neutro,0.0474,0.045,0.0,0.955
"Excelente o suporte, recomendo a todos!",excelente suporte recomendo todos,Positivo,0.6728,0.67,0.0,0.33
"Muito bom a bicicleta, ficou perfeito, adorei o resultado!",bom bicicleta ficou perfeito adorei resultado,Positivo,0.8623,0.79,0.0,0.21
"Muito ruim a experiência de compra, experiência péssima.",ruim experiência compra experiência péssima,Negativo,-0.4914,0.0,0.341,0.659
"O atendimento impecável, virei cliente fiel dessa marca.",atendimento impecável virei cliente fiel dessa marca,Positivo,0.4229,0.365,0.0,0.635
"Produto de baixa qualidade, dinheiro jogado fora.",produto baixa qualidade dinheiro jogado fora,Negativo,-0.8042,0.0,0.743,0.257
Alguém sabe informar o prazo de entrega de a compra?,alguém sabe informar prazo entrega compra,Neutro,-0.0231,0.0,0.014,0.986
"Muito satisfeito com o perfume, vale cada centavo.",satisfeito perfume vale cada centavo,Positivo,0.8778,0.647,0.0,0.353
Extremamente decepcionado com a bicicleta.,extremamente decepcionado bicicleta,Negativo,-0.6034,0.0,0.364,0.636
"O app horrível, demorou semanas para resolver.",app horrível demorou semanas resolver,Negativo,-0.5742,0.0,0.456,0.544
"Comprei a compra e chegou rápido, super satisfeito!",comprei compra chegou rápido super satisfeito,Positivo,0.7163,0.599,0.0,0.401
"Recebi o celular, embalagem estava ok.",recebi celular embalagem estava,Neutro,0.0176,0.015,0.0,0.985
Melhor experiência que já tive com o preço.,melhor experiência preço,Positivo,0.8368,0.778,0.0,0.222
"Adorei a experiência de compra da marca, muito impecável!",adorei experiência compra marca impecável,Positivo,0.8886,0.6,0.0,0.4
"Simplesmente incrível, a embalagem sensacional!",simplesmente incrível embalagem sensacional,Positivo,0.8513,0.763,0.0,0.237
"Muito satisfeito com o pedido, vale cada centavo.",satisfeito pedido vale cada centavo,Positivo,0.4858,0.462,0.0,0.538
"Entrega atrasou muito, a caixa chegou toda amassada.",entrega atrasou caixa chegou toda amassada,Negativo,-0.706,0.0,0.68,0.32
Fui até a loja física para trocar a bolsa.,fui até loja física trocar bolsa,Neutro,0.0349,0.031,0.0,0.969
"O fone de ouvido é horrível, não vale o preço, decepção total.",fone ouvido horrível vale preço decepção total,Negativo,-0.8473,0.0,0.834,0.166
"Comprei o brinquedo ontem, ainda vou testar.",comprei brinquedo ontem ainda vou testar,Neutro,0.0106,0.007,0.0,0.993
"O celular superou minhas expectativas, muito bom!",celular superou expectativas bom,Positivo,0.4699,0.452,0.0,0.548
"Simplesmente incrível, a entrega sensacional!",simplesmente incrível entrega sensacional,Positivo,0.5732,0.38,0.0,0.62
"Nunca mais compro dessa marca, a caixa chegou toda amassada.",nunca compro dessa marca caixa chegou toda amassada,Negativo,-0.4328,0.0,0.345,0.655
Vi a propaganda da marca na TV hoje.,propaganda marca hoje,Neutro,0.0082,0.005,0.0,0.995
"Comprei o notebook ontem, ainda vou testar.",comprei notebook ontem ainda vou testar,Neutro,0.0411,0.026,0.0,0.974
"O notebook é maravilhoso, adorei demais!",notebook maravilhoso adorei demais,Positivo,0.6594,0.526,0.0,0.474
"Comprei o fone de ouvido e chegou rápido, super satisfeito!",comprei fone ouvido chegou rápido super satisfeito,Positivo,0.4183,0.396,0.0,0.604
"Voltarei a comprar com certeza, impecável!",voltarei comprar certeza impecável,Positivo,0.423,0.385,0.0,0.615
"Que ótima experiência de compra, tudo maravilhoso!",ótima experiência compra tudo maravilhoso,Positivo,0.8953,0.797,0.0,0.203
Qual a diferença entre o livro e o modelo anterior?,diferença entre livro modelo anterior,Neutro,-0.0285,0.0,0.027,0.973
"O fone de ouvido é horrível, não vale o preço, decepção total.",fone ouvido horrível vale preço decepção total,Negativo,-0.5154,0.0,0.503,0.497
"Muito bom o celular, ficou perfeito, adorei o resultado!",bom celular ficou perfeito adorei resultado,Positivo,0.4516,0.441,0.0,0.559
"Atendimento nota 10, resolveram meu problema rapidinho.",atendimento nota resolveram problema rapidinho,Positivo,0.7801,0.637,0.0,0.363
"Muito satisfeito com o perfume, vale cada centavo.",satisfeito perfume vale cada centavo,Positivo,0.5576,0.539,0.0,0.461
O celular chegou no prazo previsto.,celular chegou prazo previsto,Neutro,0.0108,0.009,0.0,0.991
"Ótimo a experiência de compra, estou muito feliz com a compra!",ótimo experiência compra estou feliz compra,Positivo,0.5559,0.541,0.0,0.459
"Muito ruim o site, experiência péssima.",ruim site experiência péssima,Negativo,-0.7816,0.0,0.588,0.412
Vi a propaganda da marca na TV hoje.,propaganda marca hoje,Neutro,0.0436,0.042,0.0,0.958
"Comprei o pedido ontem, ainda vou testar.",comprei pedido ontem ainda vou testar,Neutro,0.0264,0.018,0.0,0.982
"A experiência de compra impecável, virei cliente fiel dessa marca.",experiência compra impecável virei cliente fiel dessa marca,Positivo,0.5119,0.461,0.0,0.539
"O brinquedo é horrível, não vale o preço, decepção total.",brinquedo horrível vale preço decepção total,Negativo,-0.6448,0.0,0.393,0.607
"Ótimo o suporte, estou muito feliz com a compra!",ótimo suporte estou feliz compra,Positivo,0.8718,0.859,0.0,0.141
"Recebi o eletrodoméstico, embalagem estava ok.",recebi eletrodoméstico embalagem estava,Neutro,0.0402,0.037,0.0,0.963
"Recebi a bicicleta, embalagem estava ok.",recebi bicicleta embalagem estava,Neutro,-0.0168,0.0,0.011,0.989
"Que compra ruim, o produto veio quebrado.",compra ruim produto veio quebrado,Negativo,-0.8883,0.0,0.741,0.259
"Péssimo o app, não recomendo.",péssimo app recomendo,Negativo,-0.596,0.0,0.371,0.629
"Nunca mais compro dessa marca, a caixa chegou toda amassada.",nunca compro dessa marca caixa chegou toda amassada,Negativo,-0.6323,0.0,0.443,0.557
"A loja fica aberta até as 22h, segundo o site.",loja fica aberta até segundo site,Neutro,-0.0495,0.0,0.038,0.962
"Não indico essa marca pra ninguém, ninguém respondeu meus e-mails.",indico marca pra ninguém ninguém respondeu emails,Negativo,-0.8939,0.0,0.877,0.123
"Ótimo o preço, estou muito feliz com a compra!",ótimo preço estou feliz compra,Positivo,0.6371,0.431,0.0,0.569
"Muito bom o eletrodoméstico, ficou perfeito, adorei o resultado!",bom eletrodoméstico ficou perfeito adorei resultado,Positivo,0.5186,0.445,0.0,0.555
"Muito satisfeito com a blusa, vale cada centavo.",satisfeito blusa vale cada centavo,Positivo,0.6313,0.616,0.0,0.384
"Ótimo a entrega, estou muito feliz com a compra!",ótimo entrega estou feliz compra,Positivo,0.885,0.592,0.0,0.408
"O app horrível, a caixa chegou toda amassada.",app horrível caixa chegou toda amassada,Negativo,-0.8699,0.0,0.576,0.424
Vi a propaganda da marca na TV hoje.,propaganda marca hoje,Neutro,0.0289,0.027,0.0,0.973
"A loja fica aberta até as 22h, segundo o site.",loja fica aberta até segundo site,Neutro,-0.0408,0.0,0.036,0.964
"A loja fica aberta até as 22h, segundo o site.",loja fica aberta até segundo site,Neutro,0.0072,0.005,0.0,0.995
"O celular é horrível, não vale o preço, decepção total.",celular horrível vale preço decepção total,Negativo,-0.6817,0.0,0.502,0.498
Vi a propaganda da marca na TV hoje.,propaganda marca hoje,Neutro,0.0171,0.014,0.0,0.986
"Produto de baixa qualidade, dinheiro jogado fora.",produto baixa qualidade dinheiro jogado fora,Negativo,-0.596,0.0,0.382,0.618
"Nunca mais compro dessa marca, cobraram duas vezes no cartão.",nunca compro dessa marca cobraram duas vezes cartão,Negativo,-0.4469,0.0,0.299,0.701
"Produto de baixa qualidade, dinheiro jogado fora.",produto baixa qualidade dinheiro jogado fora,Negativo,-0.4166,0.0,0.307,0.693
"Comprei a bolsa e chegou rápido, super satisfeito!",comprei bolsa chegou rápido super satisfeito,Positivo,0.7182,0.505,0.0,0.495
"O pedido tem cor azul e branca, conforme o anúncio.",pedido cor azul branca conforme anúncio,Neutro,-0.0201,0.0,0.014,0.986
"Atendimento nota 10, resolveram meu problema rapidinho.",atendimento nota resolveram problema rapidinho,Positivo,0.4083,0.358,0.0,0.642
"O site impecável, virei cliente fiel dessa marca.",site impecável virei cliente fiel dessa marca,Positivo,0.7778,0.744,0.0,0.256
Vi a propaganda da marca na TV hoje.,propaganda marca hoje,Neutro,0.0168,0.013,0.0,0.987
"A loja fica aberta até as 22h, segundo o site.",loja fica aberta até segundo site,Neutro,0.0195,0.015,0.0,0.985
Alguém sabe informar o prazo de entrega de o produto?,alguém sabe informar prazo entrega produto,Neutro,0.0173,0.014,0.0,0.986
"A compra tem cor azul e branca, conforme o anúncio.",compra cor azul branca conforme anúncio,Neutro,0.0377,0.037,0.0,0.963
A bicicleta chegou no prazo previsto.,bicicleta chegou prazo previsto,Neutro,0.0305,0.03,0.0,0.97
Alguém sabe informar o prazo de entrega de a bicicleta?,alguém sabe informar prazo entrega bicicleta,Neutro,-0.0075,0.0,0.007,0.993
"Recebi o eletrodoméstico, embalagem estava ok.",recebi eletrodoméstico embalagem estava,Neutro,-0.0125,0.0,0.01,0.99
O produto chegou no prazo previsto.,produto chegou prazo previsto,Neutro,0.0111,0.007,0.0,0.993
Vi a propaganda da marca na TV hoje.,propaganda marca hoje,Neutro,-0.0381,0.0,0.032,0.968
Estou pesquisando opiniões sobre a embalagem antes de comprar.,estou pesquisando opiniões sobre embalagem antes comprar,Neutro,0.0312,0.03,0.0,0.97
"Atendimento nota 10, resolveram meu problema rapidinho.",atendimento nota resolveram problema rapidinho,Positivo,0.6697,0.577,0.0,0.423
"Recebi o perfume, embalagem estava ok.",recebi perfume embalagem estava,Neutro,-0.0447,0.0,0.028,0.972
"Entrega atrasou muito, cobraram duas vezes no cartão.",entrega atrasou cobraram duas vezes cartão,Negativo,-0.8263,0.0,0.501,0.499
Extremamente decepcionado com o relógio.,extremamente decepcionado relógio,Negativo,-0.4982,0.0,0.445,0.555
"Nunca mais compro dessa marca, a caixa chegou toda amassada.",nunca compro dessa marca caixa chegou toda amassada,Negativo,-0.6571,0.0,0.581,0.419
"Atendimento nota 10, resolveram meu problema rapidinho.",atendimento nota resolveram problema rapidinho,Positivo,0.6447,0.46,0.0,0.54
Extremamente decepcionado com a blusa.,extremamente decepcionado blusa,Negativo,-0.6005,0.0,0.47,0.53
"Voltarei a comprar com certeza, de primeira qualidade!",voltarei comprar certeza primeira qualidade,Positivo,0.7479,0.585,0.0,0.415
Fui até a loja física para trocar o celular.,fui até loja física trocar celular,Neutro,-0.0438,0.0,0.032,0.968
"O celular tem cor azul e branca, conforme o anúncio.",celular cor azul branca conforme anúncio,Neutro,0.017,0.016,0.0,0.984
Fui até a loja física para trocar a blusa.,fui até loja física trocar blusa,Neutro,-0.0423,0.0,0.031,0.969
"Péssimo o app, não recomendo.",péssimo app recomendo,Negativo,-0.851,0.0,0.681,0.319
"O produto tem cor azul e branca, conforme o anúncio.",produto cor azul branca conforme anúncio,Neutro,-0.027,0.0,0.023,0.977
"Entrega atrasou muito, demorou semanas para resolver.",entrega atrasou demorou semanas resolver,Negativo,-0.4524,0.0,0.376,0.624
Vi a propaganda da marca na TV hoje.,propaganda marca hoje,Neutro,-0.0268,0.0,0.02,0.98
Estou pesquisando opiniões sobre a qualidade antes de comprar.,estou pesquisando opiniões sobre qualidade antes comprar,Neutro,-0.0235,0.0,0.015,0.985
"Comprei o livro e chegou rápido, super satisfeito!",comprei livro chegou rápido super satisfeito,Positivo,0.8478,0.68,0.0,0.32
"Muito satisfeito com o notebook, vale cada centavo.",satisfeito notebook vale cada centavo,Positivo,0.6667,0.405,0.0,0.595
"Atendimento horrível, ninguém resolve nada.",atendimento horrível ninguém resolve nada,Negativo,-0.641,0.0,0.582,0.418
"Suporte não responde, estou muito insatisfeito.",suporte responde estou insatisfeito,Negativo,-0.5776,0.0,0.517,0.483
Fui até a loja física para trocar o relógio.,fui até loja física trocar relógio,Neutro,-0.0258,0.0,0.018,0.982
Melhor experiência que já tive com o app.,melhor experiência app,Positivo,0.6138,0.437,0.0,0.563
"Muito satisfeito com o relógio, vale cada centavo.",satisfeito relógio vale cada centavo,Positivo,0.8982,0.652,0.0,0.348
"Comprei o eletrodoméstico ontem, ainda vou testar.",comprei eletrodoméstico ontem ainda vou testar,Neutro,0.049,0.035,0.0,0.965
"Terrível, simplesmente terrível essa experiência.",terrível simplesmente terrível experiência,Negativo,-0.4094,0.0,0.409,0.591
"Suporte não responde, estou muito insatisfeito.",suporte responde estou insatisfeito,Negativo,-0.8491,0.0,0.766,0.234
"O preço impecável, virei cliente fiel dessa marca.",preço impecável virei cliente fiel dessa marca,Positivo,0.8086,0.523,0.0,0.477
"Comprei o fone de ouvido ontem, ainda vou testar.",comprei fone ouvido ontem ainda vou testar,Neutro,-0.0084,0.0,0.007,0.993
"Recebi o notebook, embalagem estava ok.",recebi notebook embalagem estava,Neutro,-0.0072,0.0,0.006,0.994
"A compra veio com defeito, muito decepcionado.",compra veio defeito decepcionado,Negativo,-0.5745,0.0,0.421,0.579
Fui até a loja física para trocar a compra.,fui até loja física trocar compra,Neutro,0.0447,0.04,0.0,0.96
Melhor experiência que já tive com o suporte.,melhor experiência suporte,Positivo,0.4257,0.258,0.0,0.742
"Ótimo o app, estou muito feliz com a compra!",ótimo app estou feliz compra,Positivo,0.6962,0.543,0.0,0.457
"Comprei o brinquedo ontem, ainda vou testar.",comprei brinquedo ontem ainda vou testar,Neutro,0.0278,0.019,0.0,0.981
O livro chegou no prazo previsto.,livro chegou prazo previsto,Neutro,-0.0328,0.0,0.031,0.969
"Adorei o suporte da marca, muito rápido e eficiente!",adorei suporte marca rápido eficiente,Positivo,0.6538,0.407,0.0,0.593
"A embalagem horrível, o produto quebrou em uma semana.",embalagem horrível produto quebrou semana,Negativo,-0.6417,0.0,0.422,0.578
"O celular superou minhas expectativas, muito bom!",celular superou expectativas bom,Positivo,0.7867,0.617,0.0,0.383
"Nunca mais compro dessa marca, demorou semanas para resolver.",nunca compro dessa marca demorou semanas resolver,Negativo,-0.7797,0.0,0.571,0.429
Qual a diferença entre o produto e o modelo anterior?,diferença entre produto modelo anterior,Neutro,0.016,0.015,0.0,0.985
"A loja fica aberta até as 22h, segundo o site.",loja fica aberta até segundo site,Neutro,-0.0068,0.0,0.005,0.995
"O perfume veio com defeito, muito decepcionado.",perfume veio defeito decepcionado,Negativo,-0.4529,0.0,0.326,0.674
"A compra tem cor azul e branca, conforme o anúncio.",compra cor azul branca conforme anúncio,Neutro,-0.0235,0.0,0.02,0.98
"O eletrodoméstico é maravilhoso, adorei demais!",eletrodoméstico maravilhoso adorei demais,Positivo,0.4259,0.329,0.0,0.671
Estou pesquisando opiniões sobre a embalagem antes de comprar.,estou pesquisando opiniões sobre embalagem antes comprar,Neutro,0.0171,0.011,0.0,0.989
"Nunca mais compro dessa marca, a caixa chegou toda amassada.",nunca compro dessa marca caixa chegou toda amassada,Negativo,-0.6519,0.0,0.528,0.472
"Atendimento horrível, ninguém resolve nada.",atendimento horrível ninguém resolve nada,Negativo,-0.5902,0.0,0.582,0.418
"Suporte não responde, estou muito insatisfeito.",suporte responde estou insatisfeito,Negativo,-0.6691,0.0,0.623,0.377
"Atendimento nota 10, resolveram meu problema rapidinho.",atendimento nota resolveram problema rapidinho,Positivo,0.4556,0.419,0.0,0.581
"Entrega atrasou muito, o produto quebrou em uma semana.",entrega atrasou produto quebrou semana,Negativo,-0.7588,0.0,0.692,0.308
"Suporte não responde, estou muito insatisfeito.",suporte responde estou insatisfeito,Negativo,-0.4747,0.0,0.392,0.608
O produto chegou no prazo previsto.,produto chegou prazo previsto,Neutro,-0.0127,0.0,0.01,0.99
"Produto de baixa qualidade, dinheiro jogado fora.",produto baixa qualidade dinheiro jogado fora,Negativo,-0.8343,0.0,0.823,0.177
"O livro superou minhas expectativas, muito bom!",livro superou expectativas bom,Positivo,0.7452,0.562,0.0,0.438
"Muito satisfeito com o notebook, vale cada centavo.",satisfeito notebook vale cada centavo,Positivo,0.4933,0.329,0.0,0.671
"Atendimento nota 10, resolveram meu problema rapidinho.",atendimento nota resolveram problema rapidinho,Positivo,0.4821,0.335,0.0,0.665
"Comprei o perfume ontem, ainda vou testar.",comprei perfume ontem ainda vou testar,Neutro,-0.0015,0.0,0.001,0.999
"Serviço ruim, atendimento péssimo, não voltarei.",serviço ruim atendimento péssimo voltarei,Negativo,-0.4602,0.0,0.308,0.692
"O eletrodoméstico tem cor azul e branca, conforme o anúncio.",eletrodoméstico cor azul branca conforme anúncio,Neutro,-0.049,0.0,0.032,0.968
"Suporte não responde, estou muito insatisfeito.",suporte responde estou insatisfeito,Negativo,-0.6189,0.0,0.477,0.523
"Que ótima experiência de compra, tudo maravilhoso!",ótima experiência compra tudo maravilhoso,Positivo,0.4644,0.334,0.0,0.666
"Voltarei a comprar com certeza, acima da expectativa!",voltarei comprar certeza acima expectativa,Positivo,0.4838,0.454,0.0,0.546
"A loja fica aberta até as 22h, segundo o site.",loja fica aberta até segundo site,Neutro,0.0205,0.02,0.0,0.98
"Que compra ruim, o notebook veio quebrado.",compra ruim notebook veio quebrado,Negativo,-0.4171,0.0,0.366,0.634
Alguém sabe informar o prazo de entrega de o fone de ouvido?,alguém sabe informar prazo entrega fone ouvido,Neutro,0.0083,0.007,0.0,0.993
"A blusa tem cor azul e branca, conforme o anúncio.",blusa cor azul branca conforme anúncio,Neutro,0.0053,0.005,0.0,0.995
"Entrega atrasou muito, a caixa chegou toda amassada.",entrega atrasou caixa chegou toda amassada,Negativo,-0.7825,0.0,0.574,0.426
"Comprei o celular ontem, ainda vou testar.",comprei celular ontem ainda vou testar,Neutro,-0.0107,0.0,0.01,0.99
"Simplesmente incrível, o prazo de entrega sensacional!",simplesmente incrível prazo entrega sensacional,Positivo,0.6965,0.544,0.0,0.456
"Entrega atrasou muito, cobraram duas vezes no cartão.",entrega atrasou cobraram duas vezes cartão,Negativo,-0.7098,0.0,0.479,0.521
"Serviço ruim, atendimento péssimo, não voltarei.",serviço ruim atendimento péssimo voltarei,Negativo,-0.4815,0.0,0.415,0.585
"A loja fica aberta até as 22h, segundo o site.",loja fica aberta até segundo site,Neutro,0.0327,0.023,0.0,0.977
"Recebi a bolsa, embalagem estava ok.",recebi bolsa embalagem estava,Neutro,0.0304,0.024,0.0,0.976
"Recebi o tênis, embalagem estava ok.",recebi tênis embalagem estava,Neutro,0.0427,0.042,0.0,0.958
"Que compra ruim, o brinquedo veio quebrado.",compra ruim brinquedo veio quebrado,Negativo,-0.4748,0.0,0.446,0.554
"Recebi o relógio, embalagem estava ok.",recebi relógio embalagem estava,Neutro,-0.0339,0.0,0.025,0.975
"Voltarei a comprar com certeza, muito profissional!",voltarei comprar certeza profissional,Positivo,0.8933,0.644,0.0,0.356
"Comprei a compra ontem, ainda vou testar.",comprei compra ontem ainda vou testar,Neutro,-0.0049,0.0,0.003,0.997
"Produto de baixa qualidade, dinheiro jogado fora.",produto baixa qualidade dinheiro jogado fora,Negativo,-0.6577,0.0,0.652,0.348
"Nunca mais compro dessa marca, veio tudo errado.",nunca compro dessa marca veio tudo errado,Negativo,-0.5169,0.0,0.349,0.651
"Comprei o tênis e chegou rápido, super satisfeito!",comprei tênis chegou rápido super satisfeito,Positivo,0.8681,0.667,0.0,0.333
"O produto veio com defeito, muito decepcionado.",produto veio defeito decepcionado,Negativo,-0.4491,0.0,0.297,0.703
"Ótimo o site, estou muito feliz com a compra!",ótimo site estou feliz compra,Positivo,0.7545,0.675,0.0,0.325
"Simplesmente incrível, a embalagem sensacional!",simplesmente incrível embalagem sensacional,Positivo,0.5404,0.463,0.0,0.537
"Péssimo a entrega, não recomendo.",péssimo entrega recomendo,Negativo,-0.8331,0.0,0.589,0.411
"Atendimento nota 10, resolveram meu problema rapidinho.",atendimento nota resolveram problema rapidinho,Positivo,0.6971,0.494,0.0,0.506
"Atendimento horrível, ninguém resolve nada.",atendimento horrível ninguém resolve nada,Negativo,-0.6618,0.0,0.416,0.584
"Atendimento horrível, ninguém resolve nada.",atendimento horrível ninguém resolve nada,Negativo,-0.6497,0.0,0.599,0.401
"A embalagem impecável, virei cliente fiel dessa marca.",embalagem impecável virei cliente fiel dessa marca,Positivo,0.8386,0.667,0.0,0.333
"O tênis tem cor azul e branca, conforme o anúncio.",tênis cor azul branca conforme anúncio,Neutro,-0.0169,0.0,0.012,0.988
"Produto de baixa qualidade, dinheiro jogado fora.",produto baixa qualidade dinheiro jogado fora,Negativo,-0.4714,0.0,0.31,0.69
"Nunca mais compro dessa marca, cobraram duas vezes no cartão.",nunca compro dessa marca cobraram duas vezes cartão,Negativo,-0.6421,0.0,0.556,0.444
"Nunca mais compro dessa marca, ninguém respondeu meus e-mails.",nunca compro dessa marca ninguém respondeu emails,Negativo,-0.8961,0.0,0.735,0.265
"Simplesmente incrível, a entrega sensacional!",simplesmente incrível entrega sensacional,Positivo,0.4909,0.373,0.0,0.627
Melhor experiência que já tive com o preço.,melhor experiência preço,Positivo,0.6706,0.416,0.0,0.584
"Adorei o suporte da marca, muito de primeira qualidade!",adorei suporte marca primeira qualidade,Positivo,0.4654,0.393,0.0,0.607
Vi a propaganda da marca na TV hoje.,propaganda marca hoje,Neutro,0.0056,0.005,0.0,0.995
Qual a diferença entre a compra e o modelo anterior?,diferença entre compra modelo anterior,Neutro,-0.0107,0.0,0.01,0.99
Alguém sabe informar o prazo de entrega de a bolsa?,alguém sabe informar prazo entrega bolsa,Neutro,0.0411,0.032,0.0,0.968
"Não indico essa marca pra ninguém, o produto quebrou em uma semana.",indico marca pra ninguém produto quebrou semana,Negativo,-0.6476,0.0,0.516,0.484
Vi a propaganda da marca na TV hoje.,propaganda marca hoje,Neutro,0.0178,0.018,0.0,0.982
"O fone de ouvido superou minhas expectativas, muito bom!",fone ouvido superou expectativas bom,Positivo,0.6107,0.417,0.0,0.583
"O eletrodoméstico tem cor azul e branca, conforme o anúncio.",eletrodoméstico cor azul branca conforme anúncio,Neutro,0.0212,0.02,0.0,0.98
"Comprei o notebook e chegou rápido, super satisfeito!",comprei notebook chegou rápido super satisfeito,Positivo,0.6494,0.64,0.0,0.36
"Recebi o eletrodoméstico, embalagem estava ok.",recebi eletrodoméstico embalagem estava,Neutro,-0.0416,0.0,0.041,0.959
"O tênis tem cor azul e branca, conforme o anúncio.",tênis cor azul branca conforme anúncio,Neutro,-0.0496,0.0,0.035,0.965
"Muito ruim a embalagem, experiência péssima.",ruim embalagem experiência péssima,Negativo,-0.8431,0.0,0.518,0.482
"A loja fica aberta até as 22h, segundo o site.",loja fica aberta até segundo site,Neutro,0.0283,0.023,0.0,0.977
"Comprei o perfume ontem, ainda vou testar.",comprei perfume ontem ainda vou testar,Neutro,-0.0415,0.0,0.038,0.962
Qual a diferença entre o produto e o modelo anterior?,diferença entre produto modelo anterior,Neutro,0.0073,0.006,0.0,0.994
"Excelente o prazo de entrega, recomendo a todos!",excelente prazo entrega recomendo todos,Positivo,0.5612,0.357,0.0,0.643
"Comprei a bolsa ontem, ainda vou testar.",comprei bolsa ontem ainda vou testar,Neutro,-0.0135,0.0,0.01,0.99
Fui até a loja física para trocar o eletrodoméstico.,fui até loja física trocar eletrodoméstico,Neutro,0.0207,0.017,0.0,0.983
"A blusa superou minhas expectativas, muito bom!",blusa superou expectativas bom,Positivo,0.8498,0.58,0.0,0.42
Extremamente decepcionado com o celular.,extremamente decepcionado celular,Negativo,-0.8615,0.0,0.645,0.355
"A loja fica aberta até as 22h, segundo o site.",loja fica aberta até segundo site,Neutro,0.0306,0.026,0.0,0.974
"Terrível, simplesmente terrível essa experiência.",terrível simplesmente terrível experiência,Negativo,-0.4248,0.0,0.27,0.73
"Recebi a blusa, embalagem estava ok.",recebi blusa embalagem estava,Neutro,-0.0266,0.0,0.019,0.981
"Excelente o suporte, recomendo a todos!",excelente suporte recomendo todos,Positivo,0.833,0.744,0.0,0.256
Melhor experiência que já tive com o atendimento.,melhor experiência atendimento,Positivo,0.7116,0.489,0.0,0.511
Fui até a loja física para trocar o notebook.,fui até loja física trocar notebook,Neutro,0.0094,0.009,0.0,0.991
"A embalagem impecável, virei cliente fiel dessa marca.",embalagem impecável virei cliente fiel dessa marca,Positivo,0.5697,0.421,0.0,0.579
Vi a propaganda da marca na TV hoje.,propaganda marca hoje,Neutro,-0.0035,0.0,0.002,0.998
"O celular superou minhas expectativas, muito bom!",celular superou expectativas bom,Positivo,0.676,0.575,0.0,0.425
"O produto tem cor azul e branca, conforme o anúncio.",produto cor azul branca conforme anúncio,Neutro,-0.0478,0.0,0.034,0.966
Alguém sabe informar o prazo de entrega de o produto?,alguém sabe informar prazo entrega produto,Neutro,-0.0447,0.0,0.035,0.965
"Nunca mais compro dessa marca, ninguém respondeu meus e-mails.",nunca compro dessa marca ninguém respondeu emails,Negativo,-0.6267,0.0,0.451,0.549
"Atendimento nota 10, resolveram meu problema rapidinho.",atendimento nota resolveram problema rapidinho,Positivo,0.7986,0.795,0.0,0.205
"Ótimo o site, estou muito feliz com a compra!",ótimo site estou feliz compra,Positivo,0.5239,0.481,0.0,0.519
Extremamente decepcionado com o brinquedo.,extremamente decepcionado brinquedo,Negativo,-0.475,0.0,0.322,0.678
"A blusa veio com defeito, muito decepcionado.",blusa veio defeito decepcionado,Negativo,-0.7765,0.0,0.662,0.338
"Comprei o eletrodoméstico e chegou rápido, super satisfeito!",comprei eletrodoméstico chegou rápido super satisfeito,Positivo,0.8149,0.688,0.0,0.312
"Simplesmente incrível, o app sensacional!",simplesmente incrível app sensacional,Positivo,0.5667,0.458,0.0,0.542
Estou pesquisando opiniões sobre o atendimento antes de comprar.,estou pesquisando opiniões sobre atendimento antes comprar,Neutro,-0.0484,0.0,0.04,0.96
"Que ótima experiência de compra, tudo maravilhoso!",ótima experiência compra tudo maravilhoso,Positivo,0.5898,0.423,0.0,0.577
"Péssimo a embalagem, não recomendo.",péssimo embalagem recomendo,Negativo,-0.8904,0.0,0.792,0.208
"O suporte impecável, virei cliente fiel dessa marca.",suporte impecável virei cliente fiel dessa marca,Positivo,0.4567,0.406,0.0,0.594
"Que ótima experiência de compra, tudo maravilhoso!",ótima experiência compra tudo maravilhoso,Positivo,0.4451,0.344,0.0,0.656
"Não indico essa marca pra ninguém, demorou semanas para resolver.",indico marca pra ninguém demorou semanas resolver,Negativo,-0.8493,0.0,0.702,0.298
"Muito satisfeito com o fone de ouvido, vale cada centavo.",satisfeito fone ouvido vale cada centavo,Positivo,0.6792,0.527,0.0,0.473
"Atendimento horrível, ninguém resolve nada.",atendimento horrível ninguém resolve nada,Negativo,-0.5233,0.0,0.517,0.483
Estou pesquisando opiniões sobre a qualidade antes de comprar.,estou pesquisando opiniões sobre qualidade antes comprar,Neutro,-0.0461,0.0,0.042,0.958
Vi a propaganda da marca na TV hoje.,propaganda marca hoje,Neutro,-0.0419,0.0,0.032,0.968
"O perfume é maravilhoso, adorei demais!",perfume maravilhoso adorei demais,Positivo,0.8474,0.754,0.0,0.246
"O produto tem cor azul e branca, conforme o anúncio.",produto cor azul branca conforme anúncio,Neutro,-0.045,0.0,0.032,0.968
"A bicicleta é maravilhoso, adorei demais!",bicicleta maravilhoso adorei demais,Positivo,0.5122,0.356,0.0,0.644
"Comprei o relógio ontem, ainda vou testar.",comprei relógio ontem ainda vou testar,Neutro,-0.0159,0.0,0.011,0.989
"Muito satisfeito com o perfume, vale cada centavo.",satisfeito perfume vale cada centavo,Positivo,0.5753,0.453,0.0,0.547
O pedido chegou no prazo previsto.,pedido chegou prazo previsto,Neutro,-0.0111,0.0,0.008,0.992
"Recebi o tênis, embalagem estava ok.",recebi tênis embalagem estava,Neutro,0.0433,0.039,0.0,0.961
Vi a propaganda da marca na TV hoje.,propaganda marca hoje,Neutro,0.0063,0.006,0.0,0.994
Qual a diferença entre o tênis e o modelo anterior?,diferença entre tênis modelo anterior,Neutro,-0.0325,0.0,0.032,0.968
Estou pesquisando opiniões sobre a qualidade antes de comprar.,estou pesquisando opiniões sobre qualidade antes comprar,Neutro,0.0107,0.01,0.0,0.99
"Voltarei a comprar com certeza, super atencioso!",voltarei comprar certeza super atencioso,Positivo,0.7059,0.567,0.0,0.433
"Terrível, simplesmente terrível essa experiência.",terrível simplesmente terrível experiência,Negativo,-0.8249,0.0,0.554,0.446
"O celular é horrível, não vale o preço, decepção total.",celular horrível vale preço decepção total,Negativo,-0.7571,0.0,0.579,0.421
"Serviço ruim, atendimento péssimo, não voltarei.",serviço ruim atendimento péssimo voltarei,Negativo,-0.6751,0.0,0.642,0.358
Extremamente decepcionado com o relógio.,extremamente decepcionado relógio,Negativo,-0.5116,0.0,0.421,0.579
"Terrível, simplesmente terrível essa experiência.",terrível simplesmente terrível experiência,Negativo,-0.479,0.0,0.351,0.649
"A bicicleta tem cor azul e branca, conforme o anúncio.",bicicleta cor azul branca conforme anúncio,Neutro,0.0398,0.025,0.0,0.975
"Excelente o app, recomendo a todos!",excelente app recomendo todos,Positivo,0.4127,0.409,0.0,0.591
"Que ótima experiência de compra, tudo maravilhoso!",ótima experiência compra tudo maravilhoso,Positivo,0.4704,0.434,0.0,0.566
"A loja fica aberta até as 22h, segundo o site.",loja fica aberta até segundo site,Neutro,0.0445,0.043,0.0,0.957
"Atendimento nota 10, resolveram meu problema rapidinho.",atendimento nota resolveram problema rapidinho,Positivo,0.4123,0.356,0.0,0.644
Vi a propaganda da marca na TV hoje.,propaganda marca hoje,Neutro,-0.0397,0.0,0.033,0.967
"O notebook tem cor azul e branca, conforme o anúncio.",notebook cor azul branca conforme anúncio,Neutro,-0.0442,0.0,0.037,0.963
"A experiência de compra horrível, a caixa chegou toda amassada.",experiência compra horrível caixa chegou toda amassada,Negativo,-0.5403,0.0,0.447,0.553
"Atendimento horrível, ninguém resolve nada.",atendimento horrível ninguém resolve nada,Negativo,-0.4446,0.0,0.437,0.563
Qual a diferença entre a bolsa e o modelo anterior?,diferença entre bolsa modelo anterior,Neutro,-0.0069,0.0,0.005,0.995
"Simplesmente incrível, o app sensacional!",simplesmente incrível app sensacional,Positivo,0.4601,0.306,0.0,0.694
"Simplesmente incrível, o prazo de entrega sensacional!",simplesmente incrível prazo entrega sensacional,Positivo,0.7611,0.665,0.0,0.335
"Que ótima experiência de compra, tudo maravilhoso!",ótima experiência compra tudo maravilhoso,Positivo,0.8612,0.78,0.0,0.22
"Ótimo o preço, estou muito feliz com a compra!",ótimo preço estou feliz compra,Positivo,0.6989,0.49,0.0,0.51
"Que compra ruim, a bicicleta veio quebrado.",compra ruim bicicleta veio quebrado,Negativo,-0.5069,0.0,0.382,0.618
"Suporte não responde, estou muito insatisfeito.",suporte responde estou insatisfeito,Negativo,-0.5522,0.0,0.452,0.548
"Recebi o tênis, embalagem estava ok.",recebi tênis embalagem estava,Neutro,-0.0372,0.0,0.03,0.97
Alguém sabe informar o prazo de entrega de o eletrodoméstico?,alguém sabe informar prazo entrega eletrodoméstico,Neutro,0.0309,0.019,0.0,0.981
"Suporte não responde, estou muito insatisfeito.",suporte responde estou insatisfeito,Negativo,-0.6838,0.0,0.515,0.485
"Suporte não responde, estou muito insatisfeito.",suporte responde estou insatisfeito,Negativo,-0.5895,0.0,0.5,0.5
"O celular superou minhas expectativas, muito bom!",celular superou expectativas bom,Positivo,0.8256,0.776,0.0,0.224
"Que ótima experiência de compra, tudo maravilhoso!",ótima experiência compra tudo maravilhoso,Positivo,0.6174,0.403,0.0,0.597
Alguém sabe informar o prazo de entrega de o celular?,alguém sabe informar prazo entrega celular,Neutro,0.0002,0.0,0.0,1.0
"O pedido tem cor azul e branca, conforme o anúncio.",pedido cor azul branca conforme anúncio,Neutro,0.0174,0.017,0.0,0.983
Alguém sabe informar o prazo de entrega de a blusa?,alguém sabe informar prazo entrega blusa,Neutro,-0.0423,0.0,0.026,0.974
"Equipe de primeira qualidade, super recomendo essa marca!",equipe primeira qualidade super recomendo marca,Positivo,0.5685,0.394,0.0,0.606
"Entrega atrasou muito, cobraram duas vezes no cartão.",entrega atrasou cobraram duas vezes cartão,Negativo,-0.5195,0.0,0.389,0.611
"Muito bom o livro, ficou perfeito, adorei o resultado!",bom livro ficou perfeito adorei resultado,Positivo,0.571,0.373,0.0,0.627
Alguém sabe informar o prazo de entrega de o perfume?,alguém sabe informar prazo entrega perfume,Neutro,0.0202,0.013,0.0,0.987
"A loja fica aberta até as 22h, segundo o site.",loja fica aberta até segundo site,Neutro,-0.0119,0.0,0.009,0.991
"A bolsa tem cor azul e branca, conforme o anúncio.",bolsa cor azul branca conforme anúncio,Neutro,-0.0382,0.0,0.024,0.976
"O fone de ouvido é maravilhoso, adorei demais!",fone ouvido maravilhoso adorei demais,Positivo,0.418,0.372,0.0,0.628
"A bicicleta tem cor azul e branca, conforme o anúncio.",bicicleta cor azul branca conforme anúncio,Neutro,0.0331,0.021,0.0,0.979
"Muito satisfeito com o eletrodoméstico, vale cada centavo.",satisfeito eletrodoméstico vale cada centavo,Positivo,0.5755,0.351,0.0,0.649
"Que compra ruim, o eletrodoméstico veio quebrado.",compra ruim eletrodoméstico veio quebrado,Negativo,-0.5981,0.0,0.557,0.443
"Serviço ruim, atendimento péssimo, não voltarei.",serviço ruim atendimento péssimo voltarei,Negativo,-0.4129,0.0,0.373,0.627
"Terrível, simplesmente terrível essa experiência.",terrível simplesmente terrível experiência,Negativo,-0.514,0.0,0.415,0.585
"Excelente a qualidade, recomendo a todos!",excelente qualidade recomendo todos,Positivo,0.4332,0.328,0.0,0.672
"Adorei o suporte da marca, muito rápido e eficiente!",adorei suporte marca rápido eficiente,Positivo,0.7325,0.542,0.0,0.458
Vi a propaganda da marca na TV hoje.,propaganda marca hoje,Neutro,-0.0309,0.0,0.021,0.979
Extremamente decepcionado com o fone de ouvido.,extremamente decepcionado fone ouvido,Negativo,-0.4537,0.0,0.359,0.641
"A bolsa é maravilhoso, adorei demais!",bolsa maravilhoso adorei demais,Positivo,0.8096,0.712,0.0,0.288
"Comprei o livro ontem, ainda vou testar.",comprei livro ontem ainda vou testar,Neutro,-0.0321,0.0,0.027,0.973
"Péssimo o suporte, não recomendo.",péssimo suporte recomendo,Negativo,-0.626,0.0,0.52,0.48
Qual a diferença entre a bolsa e o modelo anterior?,diferença entre bolsa modelo anterior,Neutro,0.0242,0.02,0.0,0.98
"Excelente o prazo de entrega, recomendo a todos!",excelente prazo entrega recomendo todos,Positivo,0.6772,0.659,0.0,0.341
"Serviço ruim, atendimento péssimo, não voltarei.",serviço ruim atendimento péssimo voltarei,Negativo,-0.5465,0.0,0.513,0.487
"Muito satisfeito com a bolsa, vale cada centavo.",satisfeito bolsa vale cada centavo,Positivo,0.5291,0.401,0.0,0.599
"Que compra ruim, o fone de ouvido veio quebrado.",compra ruim fone ouvido veio quebrado,Negativo,-0.5539,0.0,0.401,0.599
"Atendimento nota 10, resolveram meu problema rapidinho.",atendimento nota resolveram problema rapidinho,Positivo,0.7067,0.633,0.0,0.367
"Recebi o celular, embalagem estava ok.",recebi celular embalagem estava,Neutro,0.0074,0.005,0.0,0.995
"O tênis superou minhas expectativas, muito bom!",tênis superou expectativas bom,Positivo,0.6367,0.52,0.0,0.48
"Que ótima experiência de compra, tudo maravilhoso!",ótima experiência compra tudo maravilhoso,Positivo,0.6513,0.644,0.0,0.356
"Recebi a bolsa, embalagem estava ok.",recebi bolsa embalagem estava,Neutro,-0.0041,0.0,0.002,0.998
"Voltarei a comprar com certeza, de primeira qualidade!",voltarei comprar certeza primeira qualidade,Positivo,0.7791,0.637,0.0,0.363
"Simplesmente incrível, a qualidade sensacional!",simplesmente incrível qualidade sensacional,Positivo,0.6511,0.455,0.0,0.545
"Comprei o perfume e chegou rápido, super satisfeito!",comprei perfume chegou rápido super satisfeito,Positivo,0.7595,0.676,0.0,0.324
"O pedido tem cor azul e branca, conforme o anúncio.",pedido cor azul branca conforme anúncio,Neutro,-0.0085,0.0,0.007,0.993
O brinquedo chegou no prazo previsto.,brinquedo chegou prazo previsto,Neutro,-0.0211,0.0,0.017,0.983
Extremamente decepcionado com o tênis.,extremamente decepcionado tênis,Negativo,-0.879,0.0,0.64,0.36
Qual a diferença entre o pedido e o modelo anterior?,diferença entre pedido modelo anterior,Neutro,0.0339,0.03,0.0,0.97
"Adorei o suporte da marca, muito impecável!",adorei suporte marca impecável,Positivo,0.8933,0.576,0.0,0.424
"Equipe rápido e eficiente, super recomendo essa marca!",equipe rápido eficiente super recomendo marca,Positivo,0.8365,0.701,0.0,0.299
"A loja fica aberta até as 22h, segundo o site.",loja fica aberta até segundo site,Neutro,0.0434,0.03,0.0,0.97
"Comprei a blusa e chegou rápido, super satisfeito!",comprei blusa chegou rápido super satisfeito,Positivo,0.6891,0.58,0.0,0.42
"A loja fica aberta até as 22h, segundo o site.",loja fica aberta até segundo site,Neutro,-0.0024,0.0,0.002,0.998
Qual a diferença entre o perfume e o modelo anterior?,diferença entre perfume modelo anterior,Neutro,0.0256,0.018,0.0,0.982
"O prazo de entrega horrível, demorou semanas para resolver.",prazo entrega horrível demorou semanas resolver,Negativo,-0.6175,0.0,0.437,0.563
Alguém sabe informar o prazo de entrega de o brinquedo?,alguém sabe informar prazo entrega brinquedo,Neutro,-0.0449,0.0,0.035,0.965
"Atendimento nota 10, resolveram meu problema rapidinho.",atendimento nota resolveram problema rapidinho,Positivo,0.5618,0.345,0.0,0.655
Extremamente decepcionado com o brinquedo.,extremamente decepcionado brinquedo,Negativo,-0.5172,0.0,0.399,0.601
"Que ótima experiência de compra, tudo maravilhoso!",ótima experiência compra tudo maravilhoso,Positivo,0.628,0.437,0.0,0.563
Qual a diferença entre o tênis e o modelo anterior?,diferença entre tênis modelo anterior,Neutro,-0.0298,0.0,0.023,0.977
Vi a propaganda da marca na TV hoje.,propaganda marca hoje,Neutro,0.0303,0.023,0.0,0.977
"A loja fica aberta até as 22h, segundo o site.",loja fica aberta até segundo site,Neutro,0.0337,0.033,0.0,0.967
"Recebi o tênis, embalagem estava ok.",recebi tênis embalagem estava,Neutro,0.0157,0.015,0.0,0.985
"Simplesmente incrível, a experiência de compra sensacional!",simplesmente incrível experiência compra sensacional,Positivo,0.4781,0.375,0.0,0.625
Qual a diferença entre o fone de ouvido e o modelo anterior?,diferença entre fone ouvido modelo anterior,Neutro,0.0102,0.01,0.0,0.99
"Muito satisfeito com o brinquedo, vale cada centavo.",satisfeito brinquedo vale cada centavo,Positivo,0.4589,0.358,0.0,0.642
"Péssimo o preço, não recomendo.",péssimo preço recomendo,Negativo,-0.6932,0.0,0.544,0.456
"Suporte não responde, estou muito insatisfeito.",suporte responde estou insatisfeito,Negativo,-0.455,0.0,0.279,0.721
Qual a diferença entre o notebook e o modelo anterior?,diferença entre notebook modelo anterior,Neutro,0.0101,0.006,0.0,0.994
Fui até a loja física para trocar a blusa.,fui até loja física trocar blusa,Neutro,0.0053,0.004,0.0,0.996
Estou pesquisando opiniões sobre a experiência de compra antes de comprar.,estou pesquisando opiniões sobre experiência compra antes comprar,Neutro,0.0292,0.027,0.0,0.973
"Voltarei a comprar com certeza, rápido e eficiente!",voltarei comprar certeza rápido eficiente,Positivo,0.8017,0.783,0.0,0.217
Qual a diferença entre a bolsa e o modelo anterior?,diferença entre bolsa modelo anterior,Neutro,-0.0066,0.0,0.004,0.996
Estou pesquisando opiniões sobre o preço antes de comprar.,estou pesquisando opiniões sobre preço antes comprar,Neutro,0.0417,0.038,0.0,0.962
"Comprei o livro ontem, ainda vou testar.",comprei livro ontem ainda vou testar,Neutro,-0.0125,0.0,0.012,0.988
"Suporte não responde, estou muito insatisfeito.",suporte responde estou insatisfeito,Negativo,-0.7597,0.0,0.749,0.251
Alguém sabe informar o prazo de entrega de o celular?,alguém sabe informar prazo entrega celular,Neutro,0.0028,0.002,0.0,0.998
"Adorei o preço da marca, muito impecável!",adorei preço marca impecável,Positivo,0.4092,0.39,0.0,0.61
Vi a propaganda da marca na TV hoje.,propaganda marca hoje,Neutro,0.0182,0.016,0.0,0.984
"Péssimo a embalagem, não recomendo.",péssimo embalagem recomendo,Negativo,-0.8941,0.0,0.748,0.252
"Equipe acima da expectativa, super recomendo essa marca!",equipe acima expectativa super recomendo marca,Positivo,0.4421,0.379,0.0,0.621
Estou pesquisando opiniões sobre o prazo de entrega antes de comprar.,estou pesquisando opiniões sobre prazo entrega antes comprar,Neutro,-0.0061,0.0,0.006,0.994
"Simplesmente incrível, o prazo de entrega sensacional!",simplesmente incrível prazo entrega sensacional,Positivo,0.5142,0.391,0.0,0.609
"O celular tem cor azul e branca, conforme o anúncio.",celular cor azul branca conforme anúncio,Neutro,0.0233,0.016,0.0,0.984
"Atendimento horrível, ninguém resolve nada.",atendimento horrível ninguém resolve nada,Negativo,-0.8912,0.0,0.626,0.374
"O perfume veio com defeito, muito decepcionado.",perfume veio defeito decepcionado,Negativo,-0.5618,0.0,0.383,0.617
"Muito satisfeito com o notebook, vale cada centavo.",satisfeito notebook vale cada centavo,Positivo,0.5362,0.432,0.0,0.568
"Terrível, simplesmente terrível essa experiência.",terrível simplesmente terrível experiência,Negativo,-0.8845,0.0,0.697,0.303
"Equipe rápido e eficiente, super recomendo essa marca!",equipe rápido eficiente super recomendo marca,Positivo,0.5961,0.501,0.0,0.499
Extremamente decepcionado com o livro.,extremamente decepcionado livro,Negativo,-0.4405,0.0,0.381,0.619
Estou pesquisando opiniões sobre o suporte antes de comprar.,estou pesquisando opiniões sobre suporte antes comprar,Neutro,-0.0269,0.0,0.018,0.982
"Péssimo o atendimento, não recomendo.",péssimo atendimento recomendo,Negativo,-0.4537,0.0,0.378,0.622
"Comprei o pedido ontem, ainda vou testar.",comprei pedido ontem ainda vou testar,Neutro,-0.0301,0.0,0.027,0.973
Fui até a loja física para trocar o tênis.,fui até loja física trocar tênis,Neutro,-0.0125,0.0,0.01,0.99
"O relógio é horrível, não vale o preço, decepção total.",relógio horrível vale preço decepção total,Negativo,-0.8803,0.0,0.55,0.45
"Nunca mais compro dessa marca, a caixa chegou toda amassada.",nunca compro dessa marca caixa chegou toda amassada,Negativo,-0.5224,0.0,0.351,0.649
"Comprei o relógio ontem, ainda vou testar.",comprei relógio ontem ainda vou testar,Neutro,0.0493,0.041,0.0,0.959
"Suporte não responde, estou muito insatisfeito.",suporte responde estou insatisfeito,Negativo,-0.7588,0.0,0.472,0.528
"A experiência de compra horrível, demorou semanas para resolver.",experiência compra horrível demorou semanas resolver,Negativo,-0.6439,0.0,0.577,0.423
"Comprei a compra e chegou rápido, super satisfeito!",comprei compra chegou rápido super satisfeito,Positivo,0.6274,0.535,0.0,0.465
"Muito ruim o suporte, experiência péssima.",ruim suporte experiência péssima,Negativo,-0.5356,0.0,0.464,0.536
Qual a diferença entre o livro e o modelo anterior?,diferença entre livro modelo anterior,Neutro,-0.0407,0.0,0.028,0.972
"A loja fica aberta até as 22h, segundo o site.",loja fica aberta até segundo site,Neutro,-0.024,0.0,0.022,0.978
"Muito satisfeito com o notebook, vale cada centavo.",satisfeito notebook vale cada centavo,Positivo,0.4197,0.3,0.0,0.7
Extremamente decepcionado com a compra.,extremamente decepcionado compra,Negativo,-0.5788,0.0,0.575,0.425
"Comprei o celular ontem, ainda vou testar.",comprei celular ontem ainda vou testar,Neutro,-0.0155,0.0,0.011,0.989
Alguém sabe informar o prazo de entrega de a bicicleta?,alguém sabe informar prazo entrega bicicleta,Neutro,0.0104,0.007,0.0,0.993
"Comprei o livro ontem, ainda vou testar.",comprei livro ontem ainda vou testar,Neutro,-0.0058,0.0,0.004,0.996
"Excelente a experiência de compra, recomendo a todos!",excelente experiência compra recomendo todos,Positivo,0.809,0.807,0.0,0.193
Estou pesquisando opiniões sobre o site antes de comprar.,estou pesquisando opiniões sobre site antes comprar,Neutro,-0.0017,0.0,0.001,0.999
"Entrega atrasou muito, o produto quebrou em uma semana.",entrega atrasou produto quebrou semana,Negativo,-0.8163,0.0,0.746,0.254
Alguém sabe informar o prazo de entrega de o fone de ouvido?,alguém sabe informar prazo entrega fone ouvido,Neutro,0.0177,0.016,0.0,0.984
"Adorei o suporte da marca, muito impecável!",adorei suporte marca impecável,Positivo,0.5855,0.456,0.0,0.544
Alguém sabe informar o prazo de entrega de o fone de ouvido?,alguém sabe informar prazo entrega fone ouvido,Neutro,0.0469,0.029,0.0,0.971
"Excelente a embalagem, recomendo a todos!",excelente embalagem recomendo todos,Positivo,0.7212,0.64,0.0,0.36
O relógio chegou no prazo previsto.,relógio chegou prazo previsto,Neutro,-0.0313,0.0,0.024,0.976
"O eletrodoméstico veio com defeito, muito decepcionado.",eletrodoméstico veio defeito decepcionado,Negativo,-0.5263,0.0,0.379,0.621
"Que ótima experiência de compra, tudo maravilhoso!",ótima experiência compra tudo maravilhoso,Positivo,0.5735,0.513,0.0,0.487
"A compra é horrível, não vale o preço, decepção total.",compra horrível vale preço decepção total,Negativo,-0.4365,0.0,0.391,0.609
Estou pesquisando opiniões sobre o atendimento antes de comprar.,estou pesquisando opiniões sobre atendimento antes comprar,Neutro,-0.0321,0.0,0.021,0.979
"A entrega impecável, virei cliente fiel dessa marca.",entrega impecável virei cliente fiel dessa marca,Positivo,0.7641,0.507,0.0,0.493
"A loja fica aberta até as 22h, segundo o site.",loja fica aberta até segundo site,Neutro,-0.0317,0.0,0.026,0.974
"Comprei a bicicleta ontem, ainda vou testar.",comprei bicicleta ontem ainda vou testar,Neutro,-0.0145,0.0,0.009,0.991
"Entrega atrasou muito, veio tudo errado.",entrega atrasou veio tudo errado,Negativo,-0.5058,0.0,0.451,0.549
Qual a diferença entre a compra e o modelo anterior?,diferença entre compra modelo anterior,Neutro,-0.0487,0.0,0.04,0.96
"A compra é horrível, não vale o preço, decepção total.",compra horrível vale preço decepção total,Negativo,-0.4832,0.0,0.457,0.543
"Simplesmente incrível, a entrega sensacional!",simplesmente incrível entrega sensacional,Positivo,0.6291,0.47,0.0,0.53
"Péssimo a experiência de compra, não recomendo.",péssimo experiência compra recomendo,Negativo,-0.8949,0.0,0.671,0.329
"A bolsa é maravilhoso, adorei demais!",bolsa maravilhoso adorei demais,Positivo,0.7079,0.614,0.0,0.386
Qual a diferença entre o relógio e o modelo anterior?,diferença entre relógio modelo anterior,Neutro,0.0006,0.001,0.0,0.999
Estou pesquisando opiniões sobre a embalagem antes de comprar.,estou pesquisando opiniões sobre embalagem antes comprar,Neutro,-0.05,0.0,0.04,0.96
"Que ótima experiência de compra, tudo maravilhoso!",ótima experiência compra tudo maravilhoso,Positivo,0.6978,0.543,0.0,0.457
"Recebi o fone de ouvido, embalagem estava ok.",recebi fone ouvido embalagem estava,Neutro,0.0338,0.023,0.0,0.977
"A loja fica aberta até as 22h, segundo o site.",loja fica aberta até segundo site,Neutro,-0.037,0.0,0.026,0.974
"Recebi o celular, embalagem estava ok.",recebi celular embalagem estava,Neutro,-0.046,0.0,0.038,0.962
Alguém sabe informar o prazo de entrega de o notebook?,alguém sabe informar prazo entrega notebook,Neutro,0.0077,0.006,0.0,0.994
Estou pesquisando opiniões sobre a experiência de compra antes de comprar.,estou pesquisando opiniões sobre experiência compra antes comprar,Neutro,0.0252,0.023,0.0,0.977
"Atendimento nota 10, resolveram meu problema rapidinho.",atendimento nota resolveram problema rapidinho,Positivo,0.4103,0.356,0.0,0.644
Estou pesquisando opiniões sobre a experiência de compra antes de comprar.,estou pesquisando opiniões sobre experiência compra antes comprar,Neutro,-0.0107,0.0,0.007,0.993
"Serviço ruim, atendimento péssimo, não voltarei.",serviço ruim atendimento péssimo voltarei,Negativo,-0.6798,0.0,0.583,0.417
"Recebi o pedido, embalagem estava ok.",recebi pedido embalagem estava,Neutro,-0.0439,0.0,0.032,0.968
"Nunca mais compro dessa marca, veio tudo errado.",nunca compro dessa marca veio tudo errado,Negativo,-0.4941,0.0,0.427,0.573
Melhor experiência que já tive com a qualidade.,melhor experiência qualidade,Positivo,0.7057,0.693,0.0,0.307
Estou pesquisando opiniões sobre o suporte antes de comprar.,estou pesquisando opiniões sobre suporte antes comprar,Neutro,-0.0236,0.0,0.022,0.978
"Recebi o pedido, embalagem estava ok.",recebi pedido embalagem estava,Neutro,0.0231,0.022,0.0,0.978
"Atendimento horrível, ninguém resolve nada.",atendimento horrível ninguém resolve nada,Negativo,-0.4281,0.0,0.351,0.649
"Muito ruim a entrega, experiência péssima.",ruim entrega experiência péssima,Negativo,-0.4549,0.0,0.333,0.667
"Atendimento nota 10, resolveram meu problema rapidinho.",atendimento nota resolveram problema rapidinho,Positivo,0.7855,0.735,0.0,0.265
"Equipe de primeira qualidade, super recomendo essa marca!",equipe primeira qualidade super recomendo marca,Positivo,0.6554,0.642,0.0,0.358
"Suporte não responde, estou muito insatisfeito.",suporte responde estou insatisfeito,Negativo,-0.5532,0.0,0.511,0.489
"Nunca mais compro dessa marca, a caixa chegou toda amassada.",nunca compro dessa marca caixa chegou toda amassada,Negativo,-0.4772,0.0,0.326,0.674
Vi a propaganda da marca na TV hoje.,propaganda marca hoje,Neutro,0.0132,0.013,0.0,0.987
"Comprei o brinquedo ontem, ainda vou testar.",comprei brinquedo ontem ainda vou testar,Neutro,-0.0097,0.0,0.007,0.993
Estou pesquisando opiniões sobre a entrega antes de comprar.,estou pesquisando opiniões sobre entrega antes comprar,Neutro,-0.033,0.0,0.033,0.967
"O brinquedo tem cor azul e branca, conforme o anúncio.",brinquedo cor azul branca conforme anúncio,Neutro,-0.0395,0.0,0.036,0.964
"O eletrodoméstico tem cor azul e branca, conforme o anúncio.",eletrodoméstico cor azul branca conforme anúncio,Neutro,0.011,0.01,0.0,0.99
Fui até a loja física para trocar o tênis.,fui até loja física trocar tênis,Neutro,0.0119,0.012,0.0,0.988
"Terrível, simplesmente terrível essa experiência.",terrível simplesmente terrível experiência,Negativo,-0.6783,0.0,0.506,0.494
"Que compra ruim, o perfume veio quebrado.",compra ruim perfume veio quebrado,Negativo,-0.6229,0.0,0.52,0.48
"A loja fica aberta até as 22h, segundo o site.",loja fica aberta até segundo site,Neutro,-0.0359,0.0,0.022,0.978
"Comprei o notebook ontem, ainda vou testar.",comprei notebook ontem ainda vou testar,Neutro,-0.0277,0.0,0.024,0.976
"O perfume tem cor azul e branca, conforme o anúncio.",perfume cor azul branca conforme anúncio,Neutro,0.0019,0.002,0.0,0.998
"Péssimo o atendimento, não recomendo.",péssimo atendimento recomendo,Negativo,-0.6197,0.0,0.383,0.617
Vi a propaganda da marca na TV hoje.,propaganda marca hoje,Neutro,0.0127,0.011,0.0,0.989
Qual a diferença entre o notebook e o modelo anterior?,diferença entre notebook modelo anterior,Neutro,0.0259,0.023,0.0,0.977
"Suporte não responde, estou muito insatisfeito.",suporte responde estou insatisfeito,Negativo,-0.5353,0.0,0.531,0.469
"O atendimento horrível, veio tudo errado.",atendimento horrível veio tudo errado,Negativo,-0.4313,0.0,0.259,0.741
"O pedido veio com defeito, muito decepcionado.",pedido veio defeito decepcionado,Negativo,-0.7015,0.0,0.554,0.446
"Muito bom a bolsa, ficou perfeito, adorei o resultado!",bom bolsa ficou perfeito adorei resultado,Positivo,0.5882,0.413,0.0,0.587
"Muito ruim o preço, experiência péssima.",ruim preço experiência péssima,Negativo,-0.6697,0.0,0.646,0.354
"Terrível, simplesmente terrível essa experiência.",terrível simplesmente terrível experiência,Negativo,-0.72,0.0,0.637,0.363
"O site horrível, cobraram duas vezes no cartão.",site horrível cobraram duas vezes cartão,Negativo,-0.4023,0.0,0.379,0.621
"O livro é maravilhoso, adorei demais!",livro maravilhoso adorei demais,Positivo,0.8933,0.844,0.0,0.156
"Péssimo o app, não recomendo.",péssimo app recomendo,Negativo,-0.6719,0.0,0.586,0.414
"Que ótima experiência de compra, tudo maravilhoso!",ótima experiência compra tudo maravilhoso,Positivo,0.7003,0.576,0.0,0.424
"A loja fica aberta até as 22h, segundo o site.",loja fica aberta até segundo site,Neutro,-0.0141,0.0,0.012,0.988
Alguém sabe informar o prazo de entrega de a bicicleta?,alguém sabe informar prazo entrega bicicleta,Neutro,-0.0249,0.0,0.022,0.978
"Adorei a qualidade da marca, muito rápido e eficiente!",adorei qualidade marca rápido eficiente,Positivo,0.8444,0.801,0.0,0.199
"Suporte não responde, estou muito insatisfeito.",suporte responde estou insatisfeito,Negativo,-0.6517,0.0,0.492,0.508
Extremamente decepcionado com o fone de ouvido.,extremamente decepcionado fone ouvido,Negativo,-0.53,0.0,0.41,0.59
"Muito bom o notebook, ficou perfeito, adorei o resultado!",bom notebook ficou perfeito adorei resultado,Positivo,0.7762,0.7,0.0,0.3
"O pedido é maravilhoso, adorei demais!",pedido maravilhoso adorei demais,Positivo,0.8473,0.755,0.0,0.245
"Comprei o relógio ontem, ainda vou testar.",comprei relógio ontem ainda vou testar,Neutro,0.0345,0.027,0.0,0.973
"Muito bom o eletrodoméstico, ficou perfeito, adorei o resultado!",bom eletrodoméstico ficou perfeito adorei resultado,Positivo,0.6769,0.655,0.0,0.345
"Péssimo a qualidade, não recomendo.",péssimo qualidade recomendo,Negativo,-0.7252,0.0,0.467,0.533
"Recebi o livro, embalagem estava ok.",recebi livro embalagem estava,Neutro,-0.0053,0.0,0.005,0.995
"Terrível, simplesmente terrível essa experiência.",terrível simplesmente terrível experiência,Negativo,-0.7007,0.0,0.688,0.312
Alguém sabe informar o prazo de entrega de o eletrodoméstico?,alguém sabe informar prazo entrega eletrodoméstico,Neutro,-0.0228,0.0,0.017,0.983
"Comprei a bolsa ontem, ainda vou testar.",comprei bolsa ontem ainda vou testar,Neutro,-0.0499,0.0,0.038,0.962
"Ótimo o suporte, estou muito feliz com a compra!",ótimo suporte estou feliz compra,Positivo,0.7692,0.751,0.0,0.249
"Péssimo o app, não recomendo.",péssimo app recomendo,Negativo,-0.8728,0.0,0.674,0.326
"Ótimo a experiência de compra, estou muito feliz com a compra!",ótimo experiência compra estou feliz compra,Positivo,0.4111,0.257,0.0,0.743
"Produto de baixa qualidade, dinheiro jogado fora.",produto baixa qualidade dinheiro jogado fora,Negativo,-0.6293,0.0,0.621,0.379
"O tênis veio com defeito, muito decepcionado.",tênis veio defeito decepcionado,Negativo,-0.8554,0.0,0.703,0.297
"Nunca mais compro dessa marca, ninguém respondeu meus e-mails.",nunca compro dessa marca ninguém respondeu emails,Negativo,-0.4913,0.0,0.349,0.651
A blusa chegou no prazo previsto.,blusa chegou prazo previsto,Neutro,-0.0057,0.0,0.004,0.996
Extremamente decepcionado com o livro.,extremamente decepcionado livro,Negativo,-0.8879,0.0,0.845,0.155
Qual a diferença entre o pedido e o modelo anterior?,diferença entre pedido modelo anterior,Neutro,0.0138,0.012,0.0,0.988
"Atendimento horrível, ninguém resolve nada.",atendimento horrível ninguém resolve nada,Negativo,-0.8131,0.0,0.628,0.372
"Voltarei a comprar com certeza, rápido e eficiente!",voltarei comprar certeza rápido eficiente,Positivo,0.8014,0.591,0.0,0.409
"Que compra ruim, o celular veio quebrado.",compra ruim celular veio quebrado,Negativo,-0.8655,0.0,0.617,0.383
"Recebi a blusa, embalagem estava ok.",recebi blusa embalagem estava,Neutro,0.049,0.043,0.0,0.957
Qual a diferença entre o eletrodoméstico e o modelo anterior?,diferença entre eletrodoméstico modelo anterior,Neutro,0.0157,0.012,0.0,0.988
"Ótimo a qualidade, estou muito feliz com a compra!",ótimo qualidade estou feliz compra,Positivo,0.8604,0.584,0.0,0.416
"A loja fica aberta até as 22h, segundo o site.",loja fica aberta até segundo site,Neutro,-0.0357,0.0,0.033,0.967
"Que compra ruim, o tênis veio quebrado.",compra ruim tênis veio quebrado,Negativo,-0.726,0.0,0.581,0.419
"O fone de ouvido é maravilhoso, adorei demais!",fone ouvido maravilhoso adorei demais,Positivo,0.5361,0.468,0.0,0.532
"Terrível, simplesmente terrível essa experiência.",terrível simplesmente terrível experiência,Negativo,-0.7699,0.0,0.666,0.334
"A loja fica aberta até as 22h, segundo o site.",loja fica aberta até segundo site,Neutro,0.0463,0.044,0.0,0.956
"Comprei o relógio e chegou rápido, super satisfeito!",comprei relógio chegou rápido super satisfeito,Positivo,0.5165,0.445,0.0,0.555
"A experiência de compra horrível, cobraram duas vezes no cartão.",experiência compra horrível cobraram duas vezes cartão,Negativo,-0.5368,0.0,0.327,0.673
"Terrível, simplesmente terrível essa experiência.",terrível simplesmente terrível experiência,Negativo,-0.6285,0.0,0.517,0.483
"Péssimo o suporte, não recomendo.",péssimo suporte recomendo,Negativo,-0.7745,0.0,0.474,0.526
"Comprei o produto e chegou rápido, super satisfeito!",comprei produto chegou rápido super satisfeito,Positivo,0.8604,0.71,0.0,0.29
"Simplesmente incrível, o prazo de entrega sensacional!",simplesmente incrível prazo entrega sensacional,Positivo,0.4408,0.415,0.0,0.585
Extremamente decepcionado com o perfume.,extremamente decepcionado perfume,Negativo,-0.6275,0.0,0.577,0.423
"O celular é horrível, não vale o preço, decepção total.",celular horrível vale preço decepção total,Negativo,-0.7226,0.0,0.442,0.558
"Muito ruim o preço, experiência péssima.",ruim preço experiência péssima,Negativo,-0.7288,0.0,0.581,0.419
"Muito ruim a entrega, experiência péssima.",ruim entrega experiência péssima,Negativo,-0.8603,0.0,0.543,0.457
Alguém sabe informar o prazo de entrega de o perfume?,alguém sabe informar prazo entrega perfume,Neutro,-0.0419,0.0,0.035,0.965
"A bicicleta é horrível, não vale o preço, decepção total.",bicicleta horrível vale preço decepção total,Negativo,-0.454,0.0,0.365,0.635
Qual a diferença entre a blusa e o modelo anterior?,diferença entre blusa modelo anterior,Neutro,-0.0365,0.0,0.026,0.974
"Adorei a embalagem da marca, muito de primeira qualidade!",adorei embalagem marca primeira qualidade,Positivo,0.5111,0.403,0.0,0.597
"O celular tem cor azul e branca, conforme o anúncio.",celular cor azul branca conforme anúncio,Neutro,-0.0289,0.0,0.027,0.973
"O suporte impecável, virei cliente fiel dessa marca.",suporte impecável virei cliente fiel dessa marca,Positivo,0.437,0.312,0.0,0.688
Qual a diferença entre o brinquedo e o modelo anterior?,diferença entre brinquedo modelo anterior,Neutro,-0.0045,0.0,0.004,0.996
"Serviço ruim, atendimento péssimo, não voltarei.",serviço ruim atendimento péssimo voltarei,Negativo,-0.6874,0.0,0.516,0.484
"Entrega atrasou muito, a caixa chegou toda amassada.",entrega atrasou caixa chegou toda amassada,Negativo,-0.8171,0.0,0.64,0.36
"Comprei o brinquedo ontem, ainda vou testar.",comprei brinquedo ontem ainda vou testar,Neutro,0.003,0.002,0.0,0.998
"Muito bom o livro, ficou perfeito, adorei o resultado!",bom livro ficou perfeito adorei resultado,Positivo,0.6872,0.653,0.0,0.347
"Comprei a bicicleta e chegou rápido, super satisfeito!",comprei bicicleta chegou rápido super satisfeito,Positivo,0.6262,0.434,0.0,0.566
"A loja fica aberta até as 22h, segundo o site.",loja fica aberta até segundo site,Neutro,-0.007,0.0,0.005,0.995
"Produto de baixa qualidade, dinheiro jogado fora.",produto baixa qualidade dinheiro jogado fora,Negativo,-0.492,0.0,0.346,0.654
"Não indico essa marca pra ninguém, ninguém respondeu meus e-mails.",indico marca pra ninguém ninguém respondeu emails,Negativo,-0.7027,0.0,0.62,0.38
"A loja fica aberta até as 22h, segundo o site.",loja fica aberta até segundo site,Neutro,0.0047,0.004,0.0,0.996
O livro chegou no prazo previsto.,livro chegou prazo previsto,Neutro,0.0269,0.016,0.0,0.984
"O produto é maravilhoso, adorei demais!",produto maravilhoso adorei demais,Positivo,0.8272,0.602,0.0,0.398
"Atendimento horrível, ninguém resolve nada.",atendimento horrível ninguém resolve nada,Negativo,-0.7739,0.0,0.68,0.32
"A embalagem horrível, demorou semanas para resolver.",embalagem horrível demorou semanas resolver,Negativo,-0.5494,0.0,0.513,0.487
"Recebi o perfume, embalagem estava ok.",recebi perfume embalagem estava,Neutro,0.0262,0.023,0.0,0.977
"Equipe de primeira qualidade, super recomendo essa marca!",equipe primeira qualidade super recomendo marca,Positivo,0.4302,0.418,0.0,0.582
"Terrível, simplesmente terrível essa experiência.",terrível simplesmente terrível experiência,Negativo,-0.5027,0.0,0.498,0.502
Qual a diferença entre o fone de ouvido e o modelo anterior?,diferença entre fone ouvido modelo anterior,Neutro,-0.0118,0.0,0.008,0.992
Qual a diferença entre o notebook e o modelo anterior?,diferença entre notebook modelo anterior,Neutro,-0.0203,0.0,0.017,0.983
Vi a propaganda da marca na TV hoje.,propaganda marca hoje,Neutro,-0.0042,0.0,0.003,0.997
"Muito bom a blusa, ficou perfeito, adorei o resultado!",bom blusa ficou perfeito adorei resultado,Positivo,0.5595,0.424,0.0,0.576
"Entrega atrasou muito, ninguém respondeu meus e-mails.",entrega atrasou ninguém respondeu emails,Negativo,-0.7365,0.0,0.598,0.402
"Equipe muito profissional, super recomendo essa marca!",equipe profissional super recomendo marca,Positivo,0.458,0.356,0.0,0.644
Alguém sabe informar o prazo de entrega de o fone de ouvido?,alguém sabe informar prazo entrega fone ouvido,Neutro,0.0178,0.017,0.0,0.983
Vi a propaganda da marca na TV hoje.,propaganda marca hoje,Neutro,-0.0173,0.0,0.015,0.985
Extremamente decepcionado com o fone de ouvido.,extremamente decepcionado fone ouvido,Negativo,-0.8781,0.0,0.803,0.197
"Muito ruim a qualidade, experiência péssima.",ruim qualidade experiência péssima,Negativo,-0.8653,0.0,0.743,0.257
"A qualidade impecável, virei cliente fiel dessa marca.",qualidade impecável virei cliente fiel dessa marca,Positivo,0.5328,0.325,0.0,0.675
Estou pesquisando opiniões sobre o prazo de entrega antes de comprar.,estou pesquisando opiniões sobre prazo entrega antes comprar,Neutro,0.0006,0.0,0.0,1.0
"Péssimo o site, não recomendo.",péssimo site recomendo,Negativo,-0.5462,0.0,0.373,0.627
"Terrível, simplesmente terrível essa experiência.",terrível simplesmente terrível experiência,Negativo,-0.763,0.0,0.633,0.367
Fui até a loja física para trocar a blusa.,fui até loja física trocar blusa,Neutro,-0.016,0.0,0.012,0.988
"A loja fica aberta até as 22h, segundo o site.",loja fica aberta até segundo site,Neutro,-0.0084,0.0,0.008,0.992
"O produto tem cor azul e branca, conforme o anúncio.",produto cor azul branca conforme anúncio,Neutro,0.0002,0.0,0.0,1.0
"Muito ruim a qualidade, experiência péssima.",ruim qualidade experiência péssima,Negativo,-0.7468,0.0,0.57,0.43
Qual a diferença entre o celular e o modelo anterior?,diferença entre celular modelo anterior,Neutro,-0.0315,0.0,0.02,0.98
"Equipe impecável, super recomendo essa marca!",equipe impecável super recomendo marca,Positivo,0.8341,0.828,0.0,0.172
"Excelente o preço, recomendo a todos!",excelente preço recomendo todos,Positivo,0.6746,0.611,0.0,0.389
"A compra veio com defeito, muito decepcionado.",compra veio defeito decepcionado,Negativo,-0.5347,0.0,0.439,0.561
"O produto tem cor azul e branca, conforme o anúncio.",produto cor azul branca conforme anúncio,Neutro,-0.0092,0.0,0.006,0.994
"Não indico essa marca pra ninguém, ninguém respondeu meus e-mails.",indico marca pra ninguém ninguém respondeu emails,Negativo,-0.8689,0.0,0.602,0.398
"Não indico essa marca pra ninguém, o produto quebrou em uma semana.",indico marca pra ninguém produto quebrou semana,Negativo,-0.8487,0.0,0.721,0.279
"O preço horrível, o produto quebrou em uma semana.",preço horrível produto quebrou semana,Negativo,-0.8437,0.0,0.54,0.46
"Entrega atrasou muito, demorou semanas para resolver.",entrega atrasou demorou semanas resolver,Negativo,-0.497,0.0,0.342,0.658
"Entrega atrasou muito, veio tudo errado.",entrega atrasou veio tudo errado,Negativo,-0.5076,0.0,0.382,0.618
"Muito bom o celular, ficou perfeito, adorei o resultado!",bom celular ficou perfeito adorei resultado,Positivo,0.7075,0.439,0.0,0.561
"Comprei a compra ontem, ainda vou testar.",comprei compra ontem ainda vou testar,Neutro,0.0051,0.004,0.0,0.996
"Entrega atrasou muito, demorou semanas para resolver.",entrega atrasou demorou semanas resolver,Negativo,-0.7745,0.0,0.64,0.36
"Ótimo o suporte, estou muito feliz com a compra!",ótimo suporte estou feliz compra,Positivo,0.4935,0.433,0.0,0.567
"O suporte impecável, virei cliente fiel dessa marca.",suporte impecável virei cliente fiel dessa marca,Positivo,0.4133,0.401,0.0,0.599
"Muito ruim a experiência de compra, experiência péssima.",ruim experiência compra experiência péssima,Negativo,-0.8565,0.0,0.596,0.404
"Nunca mais compro dessa marca, demorou semanas para resolver.",nunca compro dessa marca demorou semanas resolver,Negativo,-0.5346,0.0,0.402,0.598
"O perfume veio com defeito, muito decepcionado.",perfume veio defeito decepcionado,Negativo,-0.5144,0.0,0.378,0.622
Melhor experiência que já tive com a experiência de compra.,melhor experiência experiência compra,Positivo,0.5818,0.582,0.0,0.418
"Serviço ruim, atendimento péssimo, não voltarei.",serviço ruim atendimento péssimo voltarei,Negativo,-0.6035,0.0,0.568,0.432
"Nunca mais compro dessa marca, cobraram duas vezes no cartão.",nunca compro dessa marca cobraram duas vezes cartão,Negativo,-0.5006,0.0,0.321,0.679
"Atendimento horrível, ninguém resolve nada.",atendimento horrível ninguém resolve nada,Negativo,-0.4686,0.0,0.434,0.566
"Ótimo a embalagem, estou muito feliz com a compra!",ótimo embalagem estou feliz compra,Positivo,0.5251,0.317,0.0,0.683
"O tênis superou minhas expectativas, muito bom!",tênis superou expectativas bom,Positivo,0.7727,0.715,0.0,0.285
"Terrível, simplesmente terrível essa experiência.",terrível simplesmente terrível experiência,Negativo,-0.5343,0.0,0.524,0.476
Qual a diferença entre a bolsa e o modelo anterior?,diferença entre bolsa modelo anterior,Neutro,0.047,0.035,0.0,0.965
"Adorei o atendimento da marca, muito muito profissional!",adorei atendimento marca profissional,Positivo,0.7776,0.535,0.0,0.465
"O site horrível, a caixa chegou toda amassada.",site horrível caixa chegou toda amassada,Negativo,-0.517,0.0,0.381,0.619
"Atendimento nota 10, resolveram meu problema rapidinho.",atendimento nota resolveram problema rapidinho,Positivo,0.8648,0.795,0.0,0.205
"O pedido é maravilhoso, adorei demais!",pedido maravilhoso adorei demais,Positivo,0.8999,0.588,0.0,0.412
"Ótimo o atendimento, estou muito feliz com a compra!",ótimo atendimento estou feliz compra,Positivo,0.5326,0.529,0.0,0.471
"Muito satisfeito com o tênis, vale cada centavo.",satisfeito tênis vale cada centavo,Positivo,0.7706,0.736,0.0,0.264
"Recebi o tênis, embalagem estava ok.",recebi tênis embalagem estava,Neutro,-0.0074,0.0,0.006,0.994
"Suporte não responde, estou muito insatisfeito.",suporte responde estou insatisfeito,Negativo,-0.8644,0.0,0.529,0.471
"Voltarei a comprar com certeza, acima da expectativa!",voltarei comprar certeza acima expectativa,Positivo,0.5739,0.529,0.0,0.471
"Excelente o preço, recomendo a todos!",excelente preço recomendo todos,Positivo,0.7334,0.684,0.0,0.316
"Terrível, simplesmente terrível essa experiência.",terrível simplesmente terrível experiência,Negativo,-0.685,0.0,0.639,0.361
Estou pesquisando opiniões sobre o suporte antes de comprar.,estou pesquisando opiniões sobre suporte antes comprar,Neutro,-0.0137,0.0,0.014,0.986
"A loja fica aberta até as 22h, segundo o site.",loja fica aberta até segundo site,Neutro,0.0095,0.006,0.0,0.994
O brinquedo chegou no prazo previsto.,brinquedo chegou prazo previsto,Neutro,0.0046,0.003,0.0,0.997
"Voltarei a comprar com certeza, impecável!",voltarei comprar certeza impecável,Positivo,0.5078,0.311,0.0,0.689
"O perfume tem cor azul e branca, conforme o anúncio.",perfume cor azul branca conforme anúncio,Neutro,-0.0398,0.0,0.038,0.962
"Que ótima experiência de compra, tudo maravilhoso!",ótima experiência compra tudo maravilhoso,Positivo,0.8683,0.747,0.0,0.253
"Muito ruim o suporte, experiência péssima.",ruim suporte experiência péssima,Negativo,-0.5845,0.0,0.473,0.527
"Muito bom a bicicleta, ficou perfeito, adorei o resultado!",bom bicicleta ficou perfeito adorei resultado,Positivo,0.4427,0.403,0.0,0.597
"Muito bom o relógio, ficou perfeito, adorei o resultado!",bom relógio ficou perfeito adorei resultado,Positivo,0.7166,0.491,0.0,0.509
"Muito satisfeito com o notebook, vale cada centavo.",satisfeito notebook vale cada centavo,Positivo,0.8997,0.658,0.0,0.342
"O eletrodoméstico é horrível, não vale o preço, decepção total.",eletrodoméstico horrível vale preço decepção total,Negativo,-0.4541,0.0,0.319,0.681
"A bicicleta é maravilhoso, adorei demais!",bicicleta maravilhoso adorei demais,Positivo,0.4684,0.315,0.0,0.685
"Produto de baixa qualidade, dinheiro jogado fora.",produto baixa qualidade dinheiro jogado fora,Negativo,-0.6199,0.0,0.424,0.576
"O app horrível, o produto quebrou em uma semana.",app horrível produto quebrou semana,Negativo,-0.8445,0.0,0.795,0.205
"Entrega atrasou muito, cobraram duas vezes no cartão.",entrega atrasou cobraram duas vezes cartão,Negativo,-0.6748,0.0,0.634,0.366
"O site horrível, ninguém respondeu meus e-mails.",site horrível ninguém respondeu emails,Negativo,-0.5229,0.0,0.317,0.683
"Atendimento nota 10, resolveram meu problema rapidinho.",atendimento nota resolveram problema rapidinho,Positivo,0.4933,0.435,0.0,0.565
"O perfume é maravilhoso, adorei demais!",perfume maravilhoso adorei demais,Positivo,0.8453,0.731,0.0,0.269
"Entrega atrasou muito, veio tudo errado.",entrega atrasou veio tudo errado,Negativo,-0.4911,0.0,0.38,0.62
"O eletrodoméstico é maravilhoso, adorei demais!",eletrodoméstico maravilhoso adorei demais,Positivo,0.6993,0.584,0.0,0.416
Melhor experiência que já tive com o site.,melhor experiência site,Positivo,0.7534,0.724,0.0,0.276
"O notebook é horrível, não vale o preço, decepção total.",notebook horrível vale preço decepção total,Negativo,-0.4992,0.0,0.302,0.698
"Ótimo o site, estou muito feliz com a compra!",ótimo site estou feliz compra,Positivo,0.8343,0.664,0.0,0.336
"A loja fica aberta até as 22h, segundo o site.",loja fica aberta até segundo site,Neutro,-0.0175,0.0,0.011,0.989
"Simplesmente incrível, a entrega sensacional!",simplesmente incrível entrega sensacional,Positivo,0.478,0.305,0.0,0.695
"Simplesmente incrível, a qualidade sensacional!",simplesmente incrível qualidade sensacional,Positivo,0.4656,0.348,0.0,0.652
"Excelente o prazo de entrega, recomendo a todos!",excelente prazo entrega recomendo todos,Positivo,0.4701,0.444,0.0,0.556
"Nunca mais compro dessa marca, cobraram duas vezes no cartão.",nunca compro dessa marca cobraram duas vezes cartão,Negativo,-0.5123,0.0,0.42,0.58
"Adorei a entrega da marca, muito acima da expectativa!",adorei entrega marca acima expectativa,Positivo,0.846,0.653,0.0,0.347
"Que ótima experiência de compra, tudo maravilhoso!",ótima experiência compra tudo maravilhoso,Positivo,0.6089,0.399,0.0,0.601
"O eletrodoméstico é horrível, não vale o preço, decepção total.",eletrodoméstico horrível vale preço decepção total,Negativo,-0.4887,0.0,0.407,0.593
"O suporte impecável, virei cliente fiel dessa marca.",suporte impecável virei cliente fiel dessa marca,Positivo,0.8574,0.55,0.0,0.45
"Terrível, simplesmente terrível essa experiência.",terrível simplesmente terrível experiência,Negativo,-0.6431,0.0,0.601,0.399
"Comprei o livro ontem, ainda vou testar.",comprei livro ontem ainda vou testar,Neutro,-0.0493,0.0,0.035,0.965
Melhor experiência que já tive com o prazo de entrega.,melhor experiência prazo entrega,Positivo,0.8129,0.758,0.0,0.242
"Recebi a bolsa, embalagem estava ok.",recebi bolsa embalagem estava,Neutro,-0.0033,0.0,0.003,0.997
"Péssimo o atendimento, não recomendo.",péssimo atendimento recomendo,Negativo,-0.5219,0.0,0.387,0.613
O livro chegou no prazo previsto.,livro chegou prazo previsto,Neutro,-0.0263,0.0,0.022,0.978
"O pedido tem cor azul e branca, conforme o anúncio.",pedido cor azul branca conforme anúncio,Neutro,-0.0114,0.0,0.009,0.991
"Atendimento horrível, ninguém resolve nada.",atendimento horrível ninguém resolve nada,Negativo,-0.7339,0.0,0.551,0.449
"A loja fica aberta até as 22h, segundo o site.",loja fica aberta até segundo site,Neutro,0.0124,0.008,0.0,0.992
"O preço horrível, o produto quebrou em uma semana.",preço horrível produto quebrou semana,Negativo,-0.8635,0.0,0.541,0.459
"Atendimento horrível, ninguém resolve nada.",atendimento horrível ninguém resolve nada,Negativo,-0.7024,0.0,0.644,0.356
"O celular é horrível, não vale o preço, decepção total.",celular horrível vale preço decepção total,Negativo,-0.7576,0.0,0.564,0.436
Extremamente decepcionado com a bolsa.,extremamente decepcionado bolsa,Negativo,-0.6405,0.0,0.586,0.414
Vi a propaganda da marca na TV hoje.,propaganda marca hoje,Neutro,0.0326,0.021,0.0,0.979
"Nunca mais compro dessa marca, o produto quebrou em uma semana.",nunca compro dessa marca produto quebrou semana,Negativo,-0.4881,0.0,0.487,0.513
"Atendimento horrível, ninguém resolve nada.",atendimento horrível ninguém resolve nada,Negativo,-0.7533,0.0,0.481,0.519
"Recebi o eletrodoméstico, embalagem estava ok.",recebi eletrodoméstico embalagem estava,Neutro,0.0321,0.021,0.0,0.979
"Voltarei a comprar com certeza, impecável!",voltarei comprar certeza impecável,Positivo,0.6738,0.572,0.0,0.428
Estou pesquisando opiniões sobre a experiência de compra antes de comprar.,estou pesquisando opiniões sobre experiência compra antes comprar,Neutro,0.0093,0.006,0.0,0.994
"Não indico essa marca pra ninguém, veio tudo errado.",indico marca pra ninguém veio tudo errado,Negativo,-0.5352,0.0,0.331,0.669
O relógio chegou no prazo previsto.,relógio chegou prazo previsto,Neutro,0.0113,0.009,0.0,0.991
"Não indico essa marca pra ninguém, cobraram duas vezes no cartão.",indico marca pra ninguém cobraram duas vezes cartão,Negativo,-0.7525,0.0,0.645,0.355
"Terrível, simplesmente terrível essa experiência.",terrível simplesmente terrível experiência,Negativo,-0.4297,0.0,0.33,0.67
"A loja fica aberta até as 22h, segundo o site.",loja fica aberta até segundo site,Neutro,0.0353,0.026,0.0,0.974
"Suporte não responde, estou muito insatisfeito.",suporte responde estou insatisfeito,Negativo,-0.4778,0.0,0.397,0.603
Fui até a loja física para trocar o perfume.,fui até loja física trocar perfume,Neutro,0.0398,0.029,0.0,0.971
"Muito satisfeito com o tênis, vale cada centavo.",satisfeito tênis vale cada centavo,Positivo,0.8355,0.664,0.0,0.336
"Péssimo o app, não recomendo.",péssimo app recomendo,Negativo,-0.8622,0.0,0.572,0.428
"A blusa veio com defeito, muito decepcionado.",blusa veio defeito decepcionado,Negativo,-0.8466,0.0,0.736,0.264
O perfume chegou no prazo previsto.,perfume chegou prazo previsto,Neutro,-0.0215,0.0,0.017,0.983
"Serviço ruim, atendimento péssimo, não voltarei.",serviço ruim atendimento péssimo voltarei,Negativo,-0.4453,0.0,0.323,0.677
"Nunca mais compro dessa marca, veio tudo errado.",nunca compro dessa marca veio tudo errado,Negativo,-0.5091,0.0,0.4,0.6
"A entrega horrível, demorou semanas para resolver.",entrega horrível demorou semanas resolver,Negativo,-0.6032,0.0,0.393,0.607
"O produto tem cor azul e branca, conforme o anúncio.",produto cor azul branca conforme anúncio,Neutro,0.0162,0.011,0.0,0.989
"O celular é maravilhoso, adorei demais!",celular maravilhoso adorei demais,Positivo,0.5852,0.563,0.0,0.437
Vi a propaganda da marca na TV hoje.,propaganda marca hoje,Neutro,0.0032,0.003,0.0,0.997
"Ótimo a qualidade, estou muito feliz com a compra!",ótimo qualidade estou feliz compra,Positivo,0.4366,0.291,0.0,0.709
"A blusa superou minhas expectativas, muito bom!",blusa superou expectativas bom,Positivo,0.5449,0.519,0.0,0.481
"Terrível, simplesmente terrível essa experiência.",terrível simplesmente terrível experiência,Negativo,-0.5997,0.0,0.569,0.431
A bicicleta chegou no prazo previsto.,bicicleta chegou prazo previsto,Neutro,0.0335,0.026,0.0,0.974
"Comprei a bicicleta e chegou rápido, super satisfeito!",comprei bicicleta chegou rápido super satisfeito,Positivo,0.5435,0.454,0.0,0.546
"Comprei a bicicleta ontem, ainda vou testar.",comprei bicicleta ontem ainda vou testar,Neutro,-0.0344,0.0,0.022,0.978
"A blusa é maravilhoso, adorei demais!",blusa maravilhoso adorei demais,Positivo,0.6885,0.434,0.0,0.566
"Simplesmente incrível, o app sensacional!",simplesmente incrível app sensacional,Positivo,0.4705,0.357,0.0,0.643
Vi a propaganda da marca na TV hoje.,propaganda marca hoje,Neutro,-0.0074,0.0,0.005,0.995
"Suporte não responde, estou muito insatisfeito.",suporte responde estou insatisfeito,Negativo,-0.7225,0.0,0.645,0.355
"Péssimo o preço, não recomendo.",péssimo preço recomendo,Negativo,-0.7976,0.0,0.796,0.204
Alguém sabe informar o prazo de entrega de o notebook?,alguém sabe informar prazo entrega notebook,Neutro,0.0383,0.03,0.0,0.97
Alguém sabe informar o prazo de entrega de o pedido?,alguém sabe informar prazo entrega pedido,Neutro,-0.027,0.0,0.018,0.982
Extremamente decepcionado com o relógio.,extremamente decepcionado relógio,Negativo,-0.5646,0.0,0.457,0.543
"Muito satisfeito com a blusa, vale cada centavo.",satisfeito blusa vale cada centavo,Positivo,0.8248,0.648,0.0,0.352
"Péssimo o app, não recomendo.",péssimo app recomendo,Negativo,-0.8124,0.0,0.627,0.373
"Muito bom o pedido, ficou perfeito, adorei o resultado!",bom pedido ficou perfeito adorei resultado,Positivo,0.6136,0.51,0.0,0.49
A bicicleta chegou no prazo previsto.,bicicleta chegou prazo previsto,Neutro,-0.0345,0.0,0.03,0.97
"A compra veio com defeito, muito decepcionado.",compra veio defeito decepcionado,Negativo,-0.6363,0.0,0.452,0.548
"Excelente o suporte, recomendo a todos!",excelente suporte recomendo todos,Positivo,0.7428,0.736,0.0,0.264
"Recebi o brinquedo, embalagem estava ok.",recebi brinquedo embalagem estava,Neutro,-0.0071,0.0,0.005,0.995
"Não indico essa marca pra ninguém, ninguém respondeu meus e-mails.",indico marca pra ninguém ninguém respondeu emails,Negativo,-0.7704,0.0,0.588,0.412
"A loja fica aberta até as 22h, segundo o site.",loja fica aberta até segundo site,Neutro,0.0488,0.033,0.0,0.967
Qual a diferença entre a bolsa e o modelo anterior?,diferença entre bolsa modelo anterior,Neutro,0.0114,0.008,0.0,0.992
"O relógio é horrível, não vale o preço, decepção total.",relógio horrível vale preço decepção total,Negativo,-0.4647,0.0,0.393,0.607
"O app impecável, virei cliente fiel dessa marca.",app impecável virei cliente fiel dessa marca,Positivo,0.6922,0.567,0.0,0.433
"Péssimo o prazo de entrega, não recomendo.",péssimo prazo entrega recomendo,Negativo,-0.8562,0.0,0.791,0.209
"Muito bom o livro, ficou perfeito, adorei o resultado!",bom livro ficou perfeito adorei resultado,Positivo,0.5104,0.415,0.0,0.585
"O eletrodoméstico tem cor azul e branca, conforme o anúncio.",eletrodoméstico cor azul branca conforme anúncio,Neutro,-0.0092,0.0,0.009,0.991
"Recebi a bolsa, embalagem estava ok.",recebi bolsa embalagem estava,Neutro,0.0435,0.032,0.0,0.968
Estou pesquisando opiniões sobre o suporte antes de comprar.,estou pesquisando opiniões sobre suporte antes comprar,Neutro,-0.0241,0.0,0.021,0.979
Vi a propaganda da marca na TV hoje.,propaganda marca hoje,Neutro,0.0235,0.015,0.0,0.985
Estou pesquisando opiniões sobre a entrega antes de comprar.,estou pesquisando opiniões sobre entrega antes comprar,Neutro,0.0189,0.012,0.0,0.988
Vi a propaganda da marca na TV hoje.,propaganda marca hoje,Neutro,0.0216,0.013,0.0,0.987
"Comprei o perfume ontem, ainda vou testar.",comprei perfume ontem ainda vou testar,Neutro,0.0102,0.009,0.0,0.991
"Terrível, simplesmente terrível essa experiência.",terrível simplesmente terrível experiência,Negativo,-0.5065,0.0,0.38,0.62
"O perfume é horrível, não vale o preço, decepção total.",perfume horrível vale preço decepção total,Negativo,-0.5559,0.0,0.507,0.493
"Não indico essa marca pra ninguém, o produto quebrou em uma semana.",indico marca pra ninguém produto quebrou semana,Negativo,-0.5888,0.0,0.56,0.44
"O brinquedo superou minhas expectativas, muito bom!",brinquedo superou expectativas bom,Positivo,0.7818,0.639,0.0,0.361
"Serviço ruim, atendimento péssimo, não voltarei.",serviço ruim atendimento péssimo voltarei,Negativo,-0.8361,0.0,0.515,0.485
"Que ótima experiência de compra, tudo maravilhoso!",ótima experiência compra tudo maravilhoso,Positivo,0.831,0.585,0.0,0.415
"Adorei a entrega da marca, muito super atencioso!",adorei entrega marca super atencioso,Positivo,0.4185,0.403,0.0,0.597
"Adorei a qualidade da marca, muito muito profissional!",adorei qualidade marca profissional,Positivo,0.4099,0.249,0.0,0.751
Melhor experiência que já tive com o prazo de entrega.,melhor experiência prazo entrega,Positivo,0.7252,0.624,0.0,0.376
"O livro veio com defeito, muito decepcionado.",livro veio defeito decepcionado,Negativo,-0.6109,0.0,0.367,0.633
Fui até a loja física para trocar o notebook.,fui até loja física trocar notebook,Neutro,-0.0102,0.0,0.008,0.992
"Serviço ruim, atendimento péssimo, não voltarei.",serviço ruim atendimento péssimo voltarei,Negativo,-0.7141,0.0,0.619,0.381
"O eletrodoméstico é maravilhoso, adorei demais!",eletrodoméstico maravilhoso adorei demais,Positivo,0.8707,0.81,0.0,0.19
Fui até a loja física para trocar a bolsa.,fui até loja física trocar bolsa,Neutro,-0.044,0.0,0.04,0.96
"A loja fica aberta até as 22h, segundo o site.",loja fica aberta até segundo site,Neutro,0.0304,0.03,0.0,0.97
"Serviço ruim, atendimento péssimo, não voltarei.",serviço ruim atendimento péssimo voltarei,Negativo,-0.566,0.0,0.46,0.54
Melhor experiência que já tive com o prazo de entrega.,melhor experiência prazo entrega,Positivo,0.6571,0.447,0.0,0.553
"Muito bom o pedido, ficou perfeito, adorei o resultado!",bom pedido ficou perfeito adorei resultado,Positivo,0.8456,0.578,0.0,0.422
"Simplesmente incrível, a qualidade sensacional!",simplesmente incrível qualidade sensacional,Positivo,0.6343,0.574,0.0,0.426
"Adorei a experiência de compra da marca, muito super atencioso!",adorei experiência compra marca super atencioso,Positivo,0.8209,0.669,0.0,0.331
"Adorei o site da marca, muito acima da expectativa!",adorei site marca acima expectativa,Positivo,0.8609,0.518,0.0,0.482
"O fone de ouvido superou minhas expectativas, muito bom!",fone ouvido superou expectativas bom,Positivo,0.5346,0.393,0.0,0.607
"Atendimento nota 10, resolveram meu problema rapidinho.",atendimento nota resolveram problema rapidinho,Positivo,0.6703,0.451,0.0,0.549
"Atendimento horrível, ninguém resolve nada.",atendimento horrível ninguém resolve nada,Negativo,-0.6352,0.0,0.386,0.614
"A loja fica aberta até as 22h, segundo o site.",loja fica aberta até segundo site,Neutro,0.035,0.027,0.0,0.973
"Adorei o atendimento da marca, muito de primeira qualidade!",adorei atendimento marca primeira qualidade,Positivo,0.521,0.511,0.0,0.489
"O preço horrível, a caixa chegou toda amassada.",preço horrível caixa chegou toda amassada,Negativo,-0.8504,0.0,0.711,0.289
"Excelente o preço, recomendo a todos!",excelente preço recomendo todos,Positivo,0.7091,0.642,0.0,0.358
"Entrega atrasou muito, a caixa chegou toda amassada.",entrega atrasou caixa chegou toda amassada,Negativo,-0.5655,0.0,0.481,0.519
"Comprei o produto e chegou rápido, super satisfeito!",comprei produto chegou rápido super satisfeito,Positivo,0.7091,0.647,0.0,0.353
"Terrível, simplesmente terrível essa experiência.",terrível simplesmente terrível experiência,Negativo,-0.7798,0.0,0.658,0.342
"Voltarei a comprar com certeza, acima da expectativa!",voltarei comprar certeza acima expectativa,Positivo,0.4106,0.375,0.0,0.625
"Ótimo o prazo de entrega, estou muito feliz com a compra!",ótimo prazo entrega estou feliz compra,Positivo,0.8277,0.813,0.0,0.187
Estou pesquisando opiniões sobre a experiência de compra antes de comprar.,estou pesquisando opiniões sobre experiência compra antes comprar,Neutro,0.0261,0.021,0.0,0.979
"A blusa é maravilhoso, adorei demais!",blusa maravilhoso adorei demais,Positivo,0.66,0.431,0.0,0.569
"Produto de baixa qualidade, dinheiro jogado fora.",produto baixa qualidade dinheiro jogado fora,Negativo,-0.6044,0.0,0.443,0.557
"Atendimento nota 10, resolveram meu problema rapidinho.",atendimento nota resolveram problema rapidinho,Positivo,0.6052,0.366,0.0,0.634
"O preço horrível, a caixa chegou toda amassada.",preço horrível caixa chegou toda amassada,Negativo,-0.8873,0.0,0.859,0.141
"O suporte impecável, virei cliente fiel dessa marca.",suporte impecável virei cliente fiel dessa marca,Positivo,0.875,0.749,0.0,0.251
"Suporte não responde, estou muito insatisfeito.",suporte responde estou insatisfeito,Negativo,-0.4142,0.0,0.406,0.594
"Suporte não responde, estou muito insatisfeito.",suporte responde estou insatisfeito,Negativo,-0.599,0.0,0.565,0.435
"Voltarei a comprar com certeza, impecável!",voltarei comprar certeza impecável,Positivo,0.5335,0.515,0.0,0.485
Alguém sabe informar o prazo de entrega de o eletrodoméstico?,alguém sabe informar prazo entrega eletrodoméstico,Neutro,0.0305,0.024,0.0,0.976
"Atendimento horrível, ninguém resolve nada.",atendimento horrível ninguém resolve nada,Negativo,-0.7905,0.0,0.756,0.244
"O pedido veio com defeito, muito decepcionado.",pedido veio defeito decepcionado,Negativo,-0.5229,0.0,0.497,0.503
Qual a diferença entre o produto e o modelo anterior?,diferença entre produto modelo anterior,Neutro,-0.0231,0.0,0.019,0.981
"Atendimento horrível, ninguém resolve nada.",atendimento horrível ninguém resolve nada,Negativo,-0.836,0.0,0.649,0.351
"Serviço ruim, atendimento péssimo, não voltarei.",serviço ruim atendimento péssimo voltarei,Negativo,-0.7794,0.0,0.56,0.44
"Simplesmente incrível, a entrega sensacional!",simplesmente incrível entrega sensacional,Positivo,0.8846,0.616,0.0,0.384
"Serviço ruim, atendimento péssimo, não voltarei.",serviço ruim atendimento péssimo voltarei,Negativo,-0.7327,0.0,0.663,0.337
Qual a diferença entre o perfume e o modelo anterior?,diferença entre perfume modelo anterior,Neutro,-0.0337,0.0,0.031,0.969
"O perfume tem cor azul e branca, conforme o anúncio.",perfume cor azul branca conforme anúncio,Neutro,-0.0486,0.0,0.043,0.957
"O perfume veio com defeito, muito decepcionado.",perfume veio defeito decepcionado,Negativo,-0.8287,0.0,0.517,0.483
"Comprei o eletrodoméstico e chegou rápido, super satisfeito!",comprei eletrodoméstico chegou rápido super satisfeito,Positivo,0.8211,0.559,0.0,0.441
"O relógio veio com defeito, muito decepcionado.",relógio veio defeito decepcionado,Negativo,-0.7728,0.0,0.737,0.263
"Terrível, simplesmente terrível essa experiência.",terrível simplesmente terrível experiência,Negativo,-0.895,0.0,0.763,0.237
Vi a propaganda da marca na TV hoje.,propaganda marca hoje,Neutro,-0.0204,0.0,0.02,0.98
Extremamente decepcionado com a bolsa.,extremamente decepcionado bolsa,Negativo,-0.4296,0.0,0.414,0.586
Melhor experiência que já tive com a embalagem.,melhor experiência embalagem,Positivo,0.7196,0.664,0.0,0.336
"O app horrível, o produto quebrou em uma semana.",app horrível produto quebrou semana,Negativo,-0.4557,0.0,0.441,0.559
"Muito satisfeito com a compra, vale cada centavo.",satisfeito compra vale cada centavo,Positivo,0.529,0.473,0.0,0.527
"Muito bom a blusa, ficou perfeito, adorei o resultado!",bom blusa ficou perfeito adorei resultado,Positivo,0.4444,0.278,0.0,0.722
"Adorei o prazo de entrega da marca, muito muito profissional!",adorei prazo entrega marca profissional,Positivo,0.6243,0.549,0.0,0.451
Qual a diferença entre o celular e o modelo anterior?,diferença entre celular modelo anterior,Neutro,-0.044,0.0,0.04,0.96
"Comprei o celular ontem, ainda vou testar.",comprei celular ontem ainda vou testar,Neutro,0.0099,0.006,0.0,0.994
"O notebook tem cor azul e branca, conforme o anúncio.",notebook cor azul branca conforme anúncio,Neutro,-0.0437,0.0,0.028,0.972
Alguém sabe informar o prazo de entrega de a blusa?,alguém sabe informar prazo entrega blusa,Neutro,0.026,0.023,0.0,0.977
"Atendimento nota 10, resolveram meu problema rapidinho.",atendimento nota resolveram problema rapidinho,Positivo,0.5943,0.535,0.0,0.465
"Muito ruim a entrega, experiência péssima.",ruim entrega experiência péssima,Negativo,-0.8869,0.0,0.736,0.264
"Ótimo a entrega, estou muito feliz com a compra!",ótimo entrega estou feliz compra,Positivo,0.8484,0.521,0.0,0.479
"Que ótima experiência de compra, tudo maravilhoso!",ótima experiência compra tudo maravilhoso,Positivo,0.7804,0.698,0.0,0.302
"Excelente o prazo de entrega, recomendo a todos!",excelente prazo entrega recomendo todos,Positivo,0.523,0.316,0.0,0.684
O notebook chegou no prazo previsto.,notebook chegou prazo previsto,Neutro,-0.0223,0.0,0.018,0.982
"Suporte não responde, estou muito insatisfeito.",suporte responde estou insatisfeito,Negativo,-0.7767,0.0,0.656,0.344
"Comprei o pedido ontem, ainda vou testar.",comprei pedido ontem ainda vou testar,Neutro,-0.0026,0.0,0.002,0.998
Melhor experiência que já tive com o app.,melhor experiência app,Positivo,0.845,0.619,0.0,0.381
"Produto de baixa qualidade, dinheiro jogado fora.",produto baixa qualidade dinheiro jogado fora,Negativo,-0.7804,0.0,0.584,0.416
"O notebook tem cor azul e branca, conforme o anúncio.",notebook cor azul branca conforme anúncio,Neutro,0.0254,0.017,0.0,0.983
"Voltarei a comprar com certeza, acima da expectativa!",voltarei comprar certeza acima expectativa,Positivo,0.6877,0.496,0.0,0.504
"Ótimo o site, estou muito feliz com a compra!",ótimo site estou feliz compra,Positivo,0.4428,0.299,0.0,0.701
"Comprei a compra ontem, ainda vou testar.",comprei compra ontem ainda vou testar,Neutro,-0.0325,0.0,0.025,0.975
"O livro é horrível, não vale o preço, decepção total.",livro horrível vale preço decepção total,Negativo,-0.4975,0.0,0.486,0.514
"Comprei o tênis ontem, ainda vou testar.",comprei tênis ontem ainda vou testar,Neutro,-0.0337,0.0,0.023,0.977
"O suporte horrível, veio tudo errado.",suporte horrível veio tudo errado,Negativo,-0.5243,0.0,0.473,0.527
O produto chegou no prazo previsto.,produto chegou prazo previsto,Neutro,-0.0468,0.0,0.044,0.956
"Serviço ruim, atendimento péssimo, não voltarei.",serviço ruim atendimento péssimo voltarei,Negativo,-0.4621,0.0,0.401,0.599
"A loja fica aberta até as 22h, segundo o site.",loja fica aberta até segundo site,Neutro,-0.0163,0.0,0.01,0.99
"Muito bom a bicicleta, ficou perfeito, adorei o resultado!",bom bicicleta ficou perfeito adorei resultado,Positivo,0.4758,0.383,0.0,0.617
"Suporte não responde, estou muito insatisfeito.",suporte responde estou insatisfeito,Negativo,-0.6748,0.0,0.641,0.359
"Terrível, simplesmente terrível essa experiência.",terrível simplesmente terrível experiência,Negativo,-0.421,0.0,0.275,0.725
"Equipe rápido e eficiente, super recomendo essa marca!",equipe rápido eficiente super recomendo marca,Positivo,0.4172,0.303,0.0,0.697
"Que compra ruim, o notebook veio quebrado.",compra ruim notebook veio quebrado,Negativo,-0.4721,0.0,0.38,0.62
"Equipe super atencioso, super recomendo essa marca!",equipe super atencioso super recomendo marca,Positivo,0.7032,0.513,0.0,0.487
"Comprei o relógio e chegou rápido, super satisfeito!",comprei relógio chegou rápido super satisfeito,Positivo,0.6021,0.488,0.0,0.512
"Que compra ruim, o produto veio quebrado.",compra ruim produto veio quebrado,Negativo,-0.4425,0.0,0.388,0.612
"O tênis é horrível, não vale o preço, decepção total.",tênis horrível vale preço decepção total,Negativo,-0.6399,0.0,0.449,0.551
"O produto superou minhas expectativas, muito bom!",produto superou expectativas bom,Positivo,0.4373,0.323,0.0,0.677
Alguém sabe informar o prazo de entrega de a bolsa?,alguém sabe informar prazo entrega bolsa,Neutro,-0.0113,0.0,0.01,0.99
"A blusa é horrível, não vale o preço, decepção total.",blusa horrível vale preço decepção total,Negativo,-0.6289,0.0,0.619,0.381
Estou pesquisando opiniões sobre o preço antes de comprar.,estou pesquisando opiniões sobre preço antes comprar,Neutro,-0.0007,0.0,0.001,0.999
"Produto de baixa qualidade, dinheiro jogado fora.",produto baixa qualidade dinheiro jogado fora,Negativo,-0.8407,0.0,0.827,0.173
"Recebi o fone de ouvido, embalagem estava ok.",recebi fone ouvido embalagem estava,Neutro,-0.0016,0.0,0.001,0.999
Vi a propaganda da marca na TV hoje.,propaganda marca hoje,Neutro,0.011,0.01,0.0,0.99
"Não indico essa marca pra ninguém, o produto quebrou em uma semana.",indico marca pra ninguém produto quebrou semana,Negativo,-0.8759,0.0,0.705,0.295
"Adorei o site da marca, muito de primeira qualidade!",adorei site marca primeira qualidade,Positivo,0.7515,0.632,0.0,0.368
"Atendimento horrível, ninguém resolve nada.",atendimento horrível ninguém resolve nada,Negativo,-0.6456,0.0,0.581,0.419
"Que ótima experiência de compra, tudo maravilhoso!",ótima experiência compra tudo maravilhoso,Positivo,0.8661,0.756,0.0,0.244
"Produto de baixa qualidade, dinheiro jogado fora.",produto baixa qualidade dinheiro jogado fora,Negativo,-0.7473,0.0,0.662,0.338
"Péssimo o preço, não recomendo.",péssimo preço recomendo,Negativo,-0.459,0.0,0.36,0.64
Vi a propaganda da marca na TV hoje.,propaganda marca hoje,Neutro,-0.0406,0.0,0.029,0.971
"Recebi o pedido, embalagem estava ok.",recebi pedido embalagem estava,Neutro,0.0382,0.029,0.0,0.971
"Ótimo o preço, estou muito feliz com a compra!",ótimo preço estou feliz compra,Positivo,0.8469,0.66,0.0,0.34
"Excelente o atendimento, recomendo a todos!",excelente atendimento recomendo todos,Positivo,0.7031,0.459,0.0,0.541
"Que ótima experiência de compra, tudo maravilhoso!",ótima experiência compra tudo maravilhoso,Positivo,0.417,0.413,0.0,0.587
"Recebi a compra, embalagem estava ok.",recebi compra embalagem estava,Neutro,-0.0158,0.0,0.016,0.984
"A bicicleta tem cor azul e branca, conforme o anúncio.",bicicleta cor azul branca conforme anúncio,Neutro,-0.0082,0.0,0.007,0.993
"Recebi a bicicleta, embalagem estava ok.",recebi bicicleta embalagem estava,Neutro,0.0081,0.008,0.0,0.992
"Ótimo a entrega, estou muito feliz com a compra!",ótimo entrega estou feliz compra,Positivo,0.8177,0.718,0.0,0.282
"Que ótima experiência de compra, tudo maravilhoso!",ótima experiência compra tudo maravilhoso,Positivo,0.8818,0.763,0.0,0.237
"Que ótima experiência de compra, tudo maravilhoso!",ótima experiência compra tudo maravilhoso,Positivo,0.7596,0.753,0.0,0.247
"Entrega atrasou muito, cobraram duas vezes no cartão.",entrega atrasou cobraram duas vezes cartão,Negativo,-0.4501,0.0,0.331,0.669
"Ótimo o site, estou muito feliz com a compra!",ótimo site estou feliz compra,Positivo,0.893,0.574,0.0,0.426
"Atendimento horrível, ninguém resolve nada.",atendimento horrível ninguém resolve nada,Negativo,-0.428,0.0,0.387,0.613
"Serviço ruim, atendimento péssimo, não voltarei.",serviço ruim atendimento péssimo voltarei,Negativo,-0.4135,0.0,0.342,0.658
"Que ótima experiência de compra, tudo maravilhoso!",ótima experiência compra tudo maravilhoso,Positivo,0.5384,0.503,0.0,0.497
"Que compra ruim, a bolsa veio quebrado.",compra ruim bolsa veio quebrado,Negativo,-0.7214,0.0,0.46,0.54
"Não indico essa marca pra ninguém, cobraram duas vezes no cartão.",indico marca pra ninguém cobraram duas vezes cartão,Negativo,-0.4892,0.0,0.358,0.642
"Excelente o atendimento, recomendo a todos!",excelente atendimento recomendo todos,Positivo,0.6491,0.634,0.0,0.366
"Serviço ruim, atendimento péssimo, não voltarei.",serviço ruim atendimento péssimo voltarei,Negativo,-0.4409,0.0,0.304,0.696
"Péssimo a qualidade, não recomendo.",péssimo qualidade recomendo,Negativo,-0.779,0.0,0.705,0.295
"Voltarei a comprar com certeza, super atencioso!",voltarei comprar certeza super atencioso,Positivo,0.772,0.518,0.0,0.482
Qual a diferença entre o livro e o modelo anterior?,diferença entre livro modelo anterior,Neutro,0.0383,0.032,0.0,0.968
Extremamente decepcionado com a blusa.,extremamente decepcionado blusa,Negativo,-0.7324,0.0,0.576,0.424
"O produto superou minhas expectativas, muito bom!",produto superou expectativas bom,Positivo,0.4421,0.332,0.0,0.668
"Suporte não responde, estou muito insatisfeito.",suporte responde estou insatisfeito,Negativo,-0.4164,0.0,0.361,0.639
Melhor experiência que já tive com o site.,melhor experiência site,Positivo,0.8633,0.767,0.0,0.233
"A blusa é horrível, não vale o preço, decepção total.",blusa horrível vale preço decepção total,Negativo,-0.8361,0.0,0.79,0.21
Fui até a loja física para trocar o brinquedo.,fui até loja física trocar brinquedo,Neutro,0.0104,0.01,0.0,0.99
O fone de ouvido chegou no prazo previsto.,fone ouvido chegou prazo previsto,Neutro,-0.0166,0.0,0.01,0.99
"Produto de baixa qualidade, dinheiro jogado fora.",produto baixa qualidade dinheiro jogado fora,Negativo,-0.5365,0.0,0.4,0.6
Vi a propaganda da marca na TV hoje.,propaganda marca hoje,Neutro,0.0315,0.027,0.0,0.973
"Muito ruim a entrega, experiência péssima.",ruim entrega experiência péssima,Negativo,-0.6175,0.0,0.501,0.499
Qual a diferença entre o eletrodoméstico e o modelo anterior?,diferença entre eletrodoméstico modelo anterior,Neutro,-0.0376,0.0,0.033,0.967
"Entrega atrasou muito, ninguém respondeu meus e-mails.",entrega atrasou ninguém respondeu emails,Negativo,-0.8712,0.0,0.751,0.249
"Produto de baixa qualidade, dinheiro jogado fora.",produto baixa qualidade dinheiro jogado fora,Negativo,-0.4565,0.0,0.36,0.64
"Excelente o atendimento, recomendo a todos!",excelente atendimento recomendo todos,Positivo,0.5242,0.495,0.0,0.505
"Comprei o relógio ontem, ainda vou testar.",comprei relógio ontem ainda vou testar,Neutro,0.048,0.045,0.0,0.955
"A compra é maravilhoso, adorei demais!",compra maravilhoso adorei demais,Positivo,0.7753,0.593,0.0,0.407
"Excelente a entrega, recomendo a todos!",excelente entrega recomendo todos,Positivo,0.7612,0.607,0.0,0.393
"Equipe rápido e eficiente, super recomendo essa marca!",equipe rápido eficiente super recomendo marca,Positivo,0.7398,0.468,0.0,0.532
"Não indico essa marca pra ninguém, a caixa chegou toda amassada.",indico marca pra ninguém caixa chegou toda amassada,Negativo,-0.8333,0.0,0.746,0.254
"Comprei o produto e chegou rápido, super satisfeito!",comprei produto chegou rápido super satisfeito,Positivo,0.7512,0.616,0.0,0.384
Estou pesquisando opiniões sobre o app antes de comprar.,estou pesquisando opiniões sobre app antes comprar,Neutro,-0.0312,0.0,0.022,0.978
Melhor experiência que já tive com o atendimento.,melhor experiência atendimento,Positivo,0.4553,0.295,0.0,0.705
"Serviço ruim, atendimento péssimo, não voltarei.",serviço ruim atendimento péssimo voltarei,Negativo,-0.4104,0.0,0.286,0.714
"O livro superou minhas expectativas, muito bom!",livro superou expectativas bom,Positivo,0.8109,0.592,0.0,0.408
Melhor experiência que já tive com a embalagem.,melhor experiência embalagem,Positivo,0.6623,0.616,0.0,0.384
"O pedido é maravilhoso, adorei demais!",pedido maravilhoso adorei demais,Positivo,0.8265,0.709,0.0,0.291
"Entrega atrasou muito, o produto quebrou em uma semana.",entrega atrasou produto quebrou semana,Negativo,-0.8446,0.0,0.603,0.397
"Terrível, simplesmente terrível essa experiência.",terrível simplesmente terrível experiência,Negativo,-0.7916,0.0,0.609,0.391
Alguém sabe informar o prazo de entrega de o pedido?,alguém sabe informar prazo entrega pedido,Neutro,0.0038,0.003,0.0,0.997
"Entrega atrasou muito, demorou semanas para resolver.",entrega atrasou demorou semanas resolver,Negativo,-0.5449,0.0,0.47,0.53
Estou pesquisando opiniões sobre a experiência de compra antes de comprar.,estou pesquisando opiniões sobre experiência compra antes comprar,Neutro,-0.0486,0.0,0.029,0.971
"Que compra ruim, o eletrodoméstico veio quebrado.",compra ruim eletrodoméstico veio quebrado,Negativo,-0.8674,0.0,0.674,0.326
"O suporte horrível, ninguém respondeu meus e-mails.",suporte horrível ninguém respondeu emails,Negativo,-0.5127,0.0,0.49,0.51
"Voltarei a comprar com certeza, de primeira qualidade!",voltarei comprar certeza primeira qualidade,Positivo,0.5405,0.359,0.0,0.641
"O tênis é maravilhoso, adorei demais!",tênis maravilhoso adorei demais,Positivo,0.5155,0.507,0.0,0.493
"Atendimento nota 10, resolveram meu problema rapidinho.",atendimento nota resolveram problema rapidinho,Positivo,0.5881,0.515,0.0,0.485
"Voltarei a comprar com certeza, muito profissional!",voltarei comprar certeza profissional,Positivo,0.7912,0.607,0.0,0.393
"O app impecável, virei cliente fiel dessa marca.",app impecável virei cliente fiel dessa marca,Positivo,0.8153,0.513,0.0,0.487
Alguém sabe informar o prazo de entrega de o fone de ouvido?,alguém sabe informar prazo entrega fone ouvido,Neutro,-0.034,0.0,0.024,0.976
"Que ótima experiência de compra, tudo maravilhoso!",ótima experiência compra tudo maravilhoso,Positivo,0.8848,0.587,0.0,0.413
"Muito ruim o suporte, experiência péssima.",ruim suporte experiência péssima,Negativo,-0.6282,0.0,0.579,0.421
"Não indico essa marca pra ninguém, cobraram duas vezes no cartão.",indico marca pra ninguém cobraram duas vezes cartão,Negativo,-0.8974,0.0,0.549,0.451
"Recebi o celular, embalagem estava ok.",recebi celular embalagem estava,Neutro,0.0131,0.011,0.0,0.989
Estou pesquisando opiniões sobre a qualidade antes de comprar.,estou pesquisando opiniões sobre qualidade antes comprar,Neutro,-0.0046,0.0,0.004,0.996
A bicicleta chegou no prazo previsto.,bicicleta chegou prazo previsto,Neutro,0.0436,0.039,0.0,0.961
"Comprei o brinquedo e chegou rápido, super satisfeito!",comprei brinquedo chegou rápido super satisfeito,Positivo,0.4032,0.291,0.0,0.709
"O eletrodoméstico é maravilhoso, adorei demais!",eletrodoméstico maravilhoso adorei demais,Positivo,0.5654,0.396,0.0,0.604
O perfume chegou no prazo previsto.,perfume chegou prazo previsto,Neutro,-0.006,0.0,0.005,0.995
Alguém sabe informar o prazo de entrega de o tênis?,alguém sabe informar prazo entrega tênis,Neutro,0.0209,0.021,0.0,0.979
"Produto de baixa qualidade, dinheiro jogado fora.",produto baixa qualidade dinheiro jogado fora,Negativo,-0.701,0.0,0.587,0.413
O perfume chegou no prazo previsto.,perfume chegou prazo previsto,Neutro,0.0078,0.008,0.0,0.992
"Recebi o fone de ouvido, embalagem estava ok.",recebi fone ouvido embalagem estava,Neutro,0.0238,0.017,0.0,0.983
"Recebi o fone de ouvido, embalagem estava ok.",recebi fone ouvido embalagem estava,Neutro,-0.0311,0.0,0.025,0.975
"Atendimento nota 10, resolveram meu problema rapidinho.",atendimento nota resolveram problema rapidinho,Positivo,0.5969,0.522,0.0,0.478
"Muito ruim o atendimento, experiência péssima.",ruim atendimento experiência péssima,Negativo,-0.8955,0.0,0.753,0.247
"Suporte não responde, estou muito insatisfeito.",suporte responde estou insatisfeito,Negativo,-0.798,0.0,0.764,0.236
"Nunca mais compro dessa marca, demorou semanas para resolver.",nunca compro dessa marca demorou semanas resolver,Negativo,-0.8418,0.0,0.52,0.48
"Atendimento horrível, ninguém resolve nada.",atendimento horrível ninguém resolve nada,Negativo,-0.665,0.0,0.453,0.547
"Atendimento horrível, ninguém resolve nada.",atendimento horrível ninguém resolve nada,Negativo,-0.7691,0.0,0.53,0.47
Melhor experiência que já tive com a qualidade.,melhor experiência qualidade,Positivo,0.8965,0.664,0.0,0.336
"Equipe muito profissional, super recomendo essa marca!",equipe profissional super recomendo marca,Positivo,0.8053,0.647,0.0,0.353
Extremamente decepcionado com a compra.,extremamente decepcionado compra,Negativo,-0.453,0.0,0.34,0.66
"Comprei o relógio e chegou rápido, super satisfeito!",comprei relógio chegou rápido super satisfeito,Positivo,0.56,0.367,0.0,0.633
"O produto superou minhas expectativas, muito bom!",produto superou expectativas bom,Positivo,0.7675,0.74,0.0,0.26
Fui até a loja física para trocar o fone de ouvido.,fui até loja física trocar fone ouvido,Neutro,-0.0163,0.0,0.01,0.99
Alguém sabe informar o prazo de entrega de a bicicleta?,alguém sabe informar prazo entrega bicicleta,Neutro,-0.017,0.0,0.01,0.99
"Que compra ruim, o produto veio quebrado.",compra ruim produto veio quebrado,Negativo,-0.544,0.0,0.377,0.623
"Péssimo o preço, não recomendo.",péssimo preço recomendo,Negativo,-0.5023,0.0,0.361,0.639
Qual a diferença entre o relógio e o modelo anterior?,diferença entre relógio modelo anterior,Neutro,0.0019,0.001,0.0,0.999
Melhor experiência que já tive com a qualidade.,melhor experiência qualidade,Positivo,0.7847,0.562,0.0,0.438
Vi a propaganda da marca na TV hoje.,propaganda marca hoje,Neutro,-0.0346,0.0,0.021,0.979
"A experiência de compra horrível, cobraram duas vezes no cartão.",experiência compra horrível cobraram duas vezes cartão,Negativo,-0.5098,0.0,0.45,0.55
"Comprei o relógio e chegou rápido, super satisfeito!",comprei relógio chegou rápido super satisfeito,Positivo,0.8343,0.67,0.0,0.33
"Atendimento nota 10, resolveram meu problema rapidinho.",atendimento nota resolveram problema rapidinho,Positivo,0.8144,0.753,0.0,0.247
Vi a propaganda da marca na TV hoje.,propaganda marca hoje,Neutro,0.0007,0.0,0.0,1.0
"Que ótima experiência de compra, tudo maravilhoso!",ótima experiência compra tudo maravilhoso,Positivo,0.505,0.431,0.0,0.569
Fui até a loja física para trocar o eletrodoméstico.,fui até loja física trocar eletrodoméstico,Neutro,0.0222,0.021,0.0,0.979
"Recebi o tênis, embalagem estava ok.",recebi tênis embalagem estava,Neutro,-0.0374,0.0,0.032,0.968
"Que ótima experiência de compra, tudo maravilhoso!",ótima experiência compra tudo maravilhoso,Positivo,0.5552,0.404,0.0,0.596
"Atendimento nota 10, resolveram meu problema rapidinho.",atendimento nota resolveram problema rapidinho,Positivo,0.5839,0.509,0.0,0.491
"Nunca mais compro dessa marca, a caixa chegou toda amassada.",nunca compro dessa marca caixa chegou toda amassada,Negativo,-0.6198,0.0,0.428,0.572
"Comprei o notebook ontem, ainda vou testar.",comprei notebook ontem ainda vou testar,Neutro,0.0243,0.017,0.0,0.983
"Simplesmente incrível, o site sensacional!",simplesmente incrível site sensacional,Positivo,0.7415,0.578,0.0,0.422
"Terrível, simplesmente terrível essa experiência.",terrível simplesmente terrível experiência,Negativo,-0.578,0.0,0.402,0.598
A bicicleta chegou no prazo previsto.,bicicleta chegou prazo previsto,Neutro,0.0418,0.039,0.0,0.961
"Comprei o notebook ontem, ainda vou testar.",comprei notebook ontem ainda vou testar,Neutro,-0.0192,0.0,0.012,0.988
"Comprei o celular ontem, ainda vou testar.",comprei celular ontem ainda vou testar,Neutro,0.0184,0.015,0.0,0.985
"O pedido tem cor azul e branca, conforme o anúncio.",pedido cor azul branca conforme anúncio,Neutro,0.023,0.021,0.0,0.979
"Comprei a bicicleta ontem, ainda vou testar.",comprei bicicleta ontem ainda vou testar,Neutro,0.0267,0.024,0.0,0.976
"Recebi o relógio, embalagem estava ok.",recebi relógio embalagem estava,Neutro,-0.0492,0.0,0.046,0.954
"A qualidade impecável, virei cliente fiel dessa marca.",qualidade impecável virei cliente fiel dessa marca,Positivo,0.6826,0.476,0.0,0.524
"O pedido é horrível, não vale o preço, decepção total.",pedido horrível vale preço decepção total,Negativo,-0.4268,0.0,0.374,0.626
"Comprei o relógio e chegou rápido, super satisfeito!",comprei relógio chegou rápido super satisfeito,Positivo,0.754,0.536,0.0,0.464
"O notebook é horrível, não vale o preço, decepção total.",notebook horrível vale preço decepção total,Negativo,-0.4672,0.0,0.287,0.713
"Atendimento horrível, ninguém resolve nada.",atendimento horrível ninguém resolve nada,Negativo,-0.5057,0.0,0.31,0.69
"Entrega atrasou muito, o produto quebrou em uma semana.",entrega atrasou produto quebrou semana,Negativo,-0.436,0.0,0.368,0.632
"Equipe super atencioso, super recomendo essa marca!",equipe super atencioso super recomendo marca,Positivo,0.5273,0.318,0.0,0.682
"A bicicleta é maravilhoso, adorei demais!",bicicleta maravilhoso adorei demais,Positivo,0.6784,0.526,0.0,0.474
"Atendimento horrível, ninguém resolve nada.",atendimento horrível ninguém resolve nada,Negativo,-0.6047,0.0,0.603,0.397
"Suporte não responde, estou muito insatisfeito.",suporte responde estou insatisfeito,Negativo,-0.5691,0.0,0.557,0.443
"Muito satisfeito com a compra, vale cada centavo.",satisfeito compra vale cada centavo,Positivo,0.8034,0.547,0.0,0.453
Fui até a loja física para trocar a blusa.,fui até loja física trocar blusa,Neutro,0.0197,0.012,0.0,0.988
Qual a diferença entre o notebook e o modelo anterior?,diferença entre notebook modelo anterior,Neutro,0.0296,0.021,0.0,0.979
"Péssimo o app, não recomendo.",péssimo app recomendo,Negativo,-0.7045,0.0,0.456,0.544
"Nunca mais compro dessa marca, veio tudo errado.",nunca compro dessa marca veio tudo errado,Negativo,-0.5355,0.0,0.377,0.623
"Ótimo o preço, estou muito feliz com a compra!",ótimo preço estou feliz compra,Positivo,0.6126,0.394,0.0,0.606
"O celular veio com defeito, muito decepcionado.",celular veio defeito decepcionado,Negativo,-0.8049,0.0,0.656,0.344
"Comprei o relógio ontem, ainda vou testar.",comprei relógio ontem ainda vou testar,Neutro,0.0416,0.033,0.0,0.967
"A blusa é horrível, não vale o preço, decepção total.",blusa horrível vale preço decepção total,Negativo,-0.4765,0.0,0.461,0.539
"Recebi o fone de ouvido, embalagem estava ok.",recebi fone ouvido embalagem estava,Neutro,0.0159,0.014,0.0,0.986
"Entrega atrasou muito, demorou semanas para resolver.",entrega atrasou demorou semanas resolver,Negativo,-0.843,0.0,0.563,0.437
A compra chegou no prazo previsto.,compra chegou prazo previsto,Neutro,0.0299,0.027,0.0,0.973
"Adorei a entrega da marca, muito acima da expectativa!",adorei entrega marca acima expectativa,Positivo,0.6099,0.439,0.0,0.561
"O perfume tem cor azul e branca, conforme o anúncio.",perfume cor azul branca conforme anúncio,Neutro,-0.0335,0.0,0.03,0.97
O celular chegou no prazo previsto.,celular chegou prazo previsto,Neutro,0.0406,0.028,0.0,0.972
"O fone de ouvido veio com defeito, muito decepcionado.",fone ouvido veio defeito decepcionado,Negativo,-0.867,0.0,0.771,0.229
"Que compra ruim, a bicicleta veio quebrado.",compra ruim bicicleta veio quebrado,Negativo,-0.6799,0.0,0.633,0.367
Alguém sabe informar o prazo de entrega de a compra?,alguém sabe informar prazo entrega compra,Neutro,0.0432,0.039,0.0,0.961
"Adorei o preço da marca, muito super atencioso!",adorei preço marca super atencioso,Positivo,0.5885,0.464,0.0,0.536
"Que ótima experiência de compra, tudo maravilhoso!",ótima experiência compra tudo maravilhoso,Positivo,0.461,0.405,0.0,0.595
"Equipe de primeira qualidade, super recomendo essa marca!",equipe primeira qualidade super recomendo marca,Positivo,0.8309,0.673,0.0,0.327
"Que compra ruim, o livro veio quebrado.",compra ruim livro veio quebrado,Negativo,-0.7954,0.0,0.76,0.24
"Muito satisfeito com o produto, vale cada centavo.",satisfeito produto vale cada centavo,Positivo,0.4646,0.285,0.0,0.715
Estou pesquisando opiniões sobre a experiência de compra antes de comprar.,estou pesquisando opiniões sobre experiência compra antes comprar,Neutro,0.0131,0.01,0.0,0.99
"O fone de ouvido tem cor azul e branca, conforme o anúncio.",fone ouvido cor azul branca conforme anúncio,Neutro,0.0057,0.004,0.0,0.996
"Não indico essa marca pra ninguém, veio tudo errado.",indico marca pra ninguém veio tudo errado,Negativo,-0.5093,0.0,0.48,0.52
Estou pesquisando opiniões sobre o atendimento antes de comprar.,estou pesquisando opiniões sobre atendimento antes comprar,Neutro,-0.0058,0.0,0.004,0.996
"Comprei o notebook e chegou rápido, super satisfeito!",comprei notebook chegou rápido super satisfeito,Positivo,0.6361,0.5,0.0,0.5
"Muito ruim o app, experiência péssima.",ruim app experiência péssima,Negativo,-0.671,0.0,0.627,0.373
"Voltarei a comprar com certeza, rápido e eficiente!",voltarei comprar certeza rápido eficiente,Positivo,0.4905,0.483,0.0,0.517
"Muito satisfeito com o fone de ouvido, vale cada centavo.",satisfeito fone ouvido vale cada centavo,Positivo,0.8393,0.566,0.0,0.434
"Ótimo o app, estou muito feliz com a compra!",ótimo app estou feliz compra,Positivo,0.6981,0.637,0.0,0.363
"Comprei o eletrodoméstico e chegou rápido, super satisfeito!",comprei eletrodoméstico chegou rápido super satisfeito,Positivo,0.4472,0.274,0.0,0.726
"Muito satisfeito com o relógio, vale cada centavo.",satisfeito relógio vale cada centavo,Positivo,0.4803,0.303,0.0,0.697
Qual a diferença entre o celular e o modelo anterior?,diferença entre celular modelo anterior,Neutro,-0.0098,0.0,0.009,0.991
"A blusa tem cor azul e branca, conforme o anúncio.",blusa cor azul branca conforme anúncio,Neutro,0.0284,0.023,0.0,0.977
"Muito bom o perfume, ficou perfeito, adorei o resultado!",bom perfume ficou perfeito adorei resultado,Positivo,0.6929,0.507,0.0,0.493
"Adorei o suporte da marca, muito muito profissional!",adorei suporte marca profissional,Positivo,0.5486,0.512,0.0,0.488
"Entrega atrasou muito, cobraram duas vezes no cartão.",entrega atrasou cobraram duas vezes cartão,Negativo,-0.5688,0.0,0.505,0.495
"Atendimento horrível, ninguém resolve nada.",atendimento horrível ninguém resolve nada,Negativo,-0.5034,0.0,0.344,0.656
"Muito bom o notebook, ficou perfeito, adorei o resultado!",bom notebook ficou perfeito adorei resultado,Positivo,0.7626,0.632,0.0,0.368
"Ótimo a entrega, estou muito feliz com a compra!",ótimo entrega estou feliz compra,Positivo,0.7481,0.588,0.0,0.412
Vi a propaganda da marca na TV hoje.,propaganda marca hoje,Neutro,-0.0432,0.0,0.041,0.959
"Muito satisfeito com o pedido, vale cada centavo.",satisfeito pedido vale cada centavo,Positivo,0.4061,0.37,0.0,0.63
"Péssimo o preço, não recomendo.",péssimo preço recomendo,Negativo,-0.8915,0.0,0.541,0.459
"A loja fica aberta até as 22h, segundo o site.",loja fica aberta até segundo site,Neutro,0.012,0.011,0.0,0.989
Qual a diferença entre o produto e o modelo anterior?,diferença entre produto modelo anterior,Neutro,-0.046,0.0,0.034,0.966
Melhor experiência que já tive com o site.,melhor experiência site,Positivo,0.6154,0.509,0.0,0.491
Alguém sabe informar o prazo de entrega de o produto?,alguém sabe informar prazo entrega produto,Neutro,-0.0093,0.0,0.006,0.994
"Comprei o eletrodoméstico ontem, ainda vou testar.",comprei eletrodoméstico ontem ainda vou testar,Neutro,0.0332,0.031,0.0,0.969
Vi a propaganda da marca na TV hoje.,propaganda marca hoje,Neutro,-0.0395,0.0,0.033,0.967
"O site horrível, ninguém respondeu meus e-mails.",site horrível ninguém respondeu emails,Negativo,-0.5834,0.0,0.499,0.501
"A bicicleta tem cor azul e branca, conforme o anúncio.",bicicleta cor azul branca conforme anúncio,Neutro,0.0261,0.018,0.0,0.982
"Adorei o suporte da marca, muito acima da expectativa!",adorei suporte marca acima expectativa,Positivo,0.5003,0.38,0.0,0.62
"Nunca mais compro dessa marca, a caixa chegou toda amassada.",nunca compro dessa marca caixa chegou toda amassada,Negativo,-0.7564,0.0,0.481,0.519
A bolsa chegou no prazo previsto.,bolsa chegou prazo previsto,Neutro,0.02,0.017,0.0,0.983
"A bicicleta tem cor azul e branca, conforme o anúncio.",bicicleta cor azul branca conforme anúncio,Neutro,0.0475,0.042,0.0,0.958
"O tênis veio com defeito, muito decepcionado.",tênis veio defeito decepcionado,Negativo,-0.794,0.0,0.78,0.22
Estou pesquisando opiniões sobre a qualidade antes de comprar.,estou pesquisando opiniões sobre qualidade antes comprar,Neutro,0.0193,0.018,0.0,0.982
"Atendimento nota 10, resolveram meu problema rapidinho.",atendimento nota resolveram problema rapidinho,Positivo,0.7983,0.708,0.0,0.292
"Suporte não responde, estou muito insatisfeito.",suporte responde estou insatisfeito,Negativo,-0.6252,0.0,0.407,0.593
Melhor experiência que já tive com o preço.,melhor experiência preço,Positivo,0.4587,0.366,0.0,0.634
Estou pesquisando opiniões sobre o suporte antes de comprar.,estou pesquisando opiniões sobre suporte antes comprar,Neutro,0.0314,0.021,0.0,0.979
"Recebi o brinquedo, embalagem estava ok.",recebi brinquedo embalagem estava,Neutro,0.03,0.022,0.0,0.978
Vi a propaganda da marca na TV hoje.,propaganda marca hoje,Neutro,-0.0034,0.0,0.002,0.998
"Muito ruim o suporte, experiência péssima.",ruim suporte experiência péssima,Negativo,-0.6278,0.0,0.519,0.481
"Excelente o atendimento, recomendo a todos!",excelente atendimento recomendo todos,Positivo,0.4579,0.387,0.0,0.613
"Muito satisfeito com a bolsa, vale cada centavo.",satisfeito bolsa vale cada centavo,Positivo,0.7159,0.648,0.0,0.352
Melhor experiência que já tive com o preço.,melhor experiência preço,Positivo,0.8349,0.533,0.0,0.467
"O app horrível, demorou semanas para resolver.",app horrível demorou semanas resolver,Negativo,-0.4693,0.0,0.338,0.662
"Muito ruim o preço, experiência péssima.",ruim preço experiência péssima,Negativo,-0.5482,0.0,0.391,0.609
"Que compra ruim, o notebook veio quebrado.",compra ruim notebook veio quebrado,Negativo,-0.8882,0.0,0.705,0.295
"Equipe super atencioso, super recomendo essa marca!",equipe super atencioso super recomendo marca,Positivo,0.8647,0.664,0.0,0.336
Fui até a loja física para trocar o livro.,fui até loja física trocar livro,Neutro,0.0378,0.027,0.0,0.973
"Terrível, simplesmente terrível essa experiência.",terrível simplesmente terrível experiência,Negativo,-0.7416,0.0,0.484,0.516
"A bicicleta superou minhas expectativas, muito bom!",bicicleta superou expectativas bom,Positivo,0.5688,0.438,0.0,0.562
"Muito bom o eletrodoméstico, ficou perfeito, adorei o resultado!",bom eletrodoméstico ficou perfeito adorei resultado,Positivo,0.8123,0.776,0.0,0.224
"Equipe super atencioso, super recomendo essa marca!",equipe super atencioso super recomendo marca,Positivo,0.6628,0.63,0.0,0.37
"Voltarei a comprar com certeza, muito profissional!",voltarei comprar certeza profissional,Positivo,0.7167,0.485,0.0,0.515
"Excelente o atendimento, recomendo a todos!",excelente atendimento recomendo todos,Positivo,0.5991,0.416,0.0,0.584
"A loja fica aberta até as 22h, segundo o site.",loja fica aberta até segundo site,Neutro,-0.0346,0.0,0.031,0.969
"Comprei o relógio ontem, ainda vou testar.",comprei relógio ontem ainda vou testar,Neutro,-0.0281,0.0,0.02,0.98
"Atendimento horrível, ninguém resolve nada.",atendimento horrível ninguém resolve nada,Negativo,-0.5948,0.0,0.587,0.413
"Adorei o prazo de entrega da marca, muito muito profissional!",adorei prazo entrega marca profissional,Positivo,0.7468,0.597,0.0,0.403
"A entrega impecável, virei cliente fiel dessa marca.",entrega impecável virei cliente fiel dessa marca,Positivo,0.7424,0.465,0.0,0.535
"Comprei a blusa ontem, ainda vou testar.",comprei blusa ontem ainda vou testar,Neutro,-0.0016,0.0,0.001,0.999
Extremamente decepcionado com o pedido.,extremamente decepcionado pedido,Negativo,-0.7271,0.0,0.624,0.376
"Que compra ruim, a compra veio quebrado.",compra ruim compra veio quebrado,Negativo,-0.4217,0.0,0.344,0.656
"O preço horrível, cobraram duas vezes no cartão.",preço horrível cobraram duas vezes cartão,Negativo,-0.4194,0.0,0.266,0.734
Vi a propaganda da marca na TV hoje.,propaganda marca hoje,Neutro,-0.0187,0.0,0.015,0.985
"Atendimento horrível, ninguém resolve nada.",atendimento horrível ninguém resolve nada,Negativo,-0.5819,0.0,0.502,0.498
"Excelente o prazo de entrega, recomendo a todos!",excelente prazo entrega recomendo todos,Positivo,0.7284,0.498,0.0,0.502
"Simplesmente incrível, o suporte sensacional!",simplesmente incrível suporte sensacional,Positivo,0.734,0.465,0.0,0.535
"Excelente o prazo de entrega, recomendo a todos!",excelente prazo entrega recomendo todos,Positivo,0.7688,0.472,0.0,0.528
"Excelente o site, recomendo a todos!",excelente site recomendo todos,Positivo,0.6463,0.578,0.0,0.422
"Muito ruim a experiência de compra, experiência péssima.",ruim experiência compra experiência péssima,Negativo,-0.7206,0.0,0.573,0.427
"Que compra ruim, o produto veio quebrado.",compra ruim produto veio quebrado,Negativo,-0.4888,0.0,0.315,0.685
"A bolsa tem cor azul e branca, conforme o anúncio.",bolsa cor azul branca conforme anúncio,Neutro,0.0083,0.007,0.0,0.993
"Recebi o celular, embalagem estava ok.",recebi celular embalagem estava,Neutro,0.0463,0.046,0.0,0.954
"O eletrodoméstico tem cor azul e branca, conforme o anúncio.",eletrodoméstico cor azul branca conforme anúncio,Neutro,0.0014,0.001,0.0,0.999
Vi a propaganda da marca na TV hoje.,propaganda marca hoje,Neutro,0.0025,0.002,0.0,0.998
"Muito satisfeito com o pedido, vale cada centavo.",satisfeito pedido vale cada centavo,Positivo,0.6934,0.48,0.0,0.52
"O celular superou minhas expectativas, muito bom!",celular superou expectativas bom,Positivo,0.656,0.456,0.0,0.544
"O notebook tem cor azul e branca, conforme o anúncio.",notebook cor azul branca conforme anúncio,Neutro,-0.0231,0.0,0.015,0.985
"O eletrodoméstico tem cor azul e branca, conforme o anúncio.",eletrodoméstico cor azul branca conforme anúncio,Neutro,0.0376,0.031,0.0,0.969
"Adorei a qualidade da marca, muito muito profissional!",adorei qualidade marca profissional,Positivo,0.7421,0.589,0.0,0.411
Vi a propaganda da marca na TV hoje.,propaganda marca hoje,Neutro,-0.0315,0.0,0.019,0.981
"A blusa é horrível, não vale o preço, decepção total.",blusa horrível vale preço decepção total,Negativo,-0.4633,0.0,0.373,0.627
"Simplesmente incrível, o prazo de entrega sensacional!",simplesmente incrível prazo entrega sensacional,Positivo,0.6059,0.379,0.0,0.621
"Muito bom o notebook, ficou perfeito, adorei o resultado!",bom notebook ficou perfeito adorei resultado,Positivo,0.4598,0.279,0.0,0.721
"O preço horrível, a caixa chegou toda amassada.",preço horrível caixa chegou toda amassada,Negativo,-0.5367,0.0,0.464,0.536
"Adorei o site da marca, muito super atencioso!",adorei site marca super atencioso,Positivo,0.7852,0.572,0.0,0.428
"O perfume é horrível, não vale o preço, decepção total.",perfume horrível vale preço decepção total,Negativo,-0.8092,0.0,0.766,0.234
"A loja fica aberta até as 22h, segundo o site.",loja fica aberta até segundo site,Neutro,-0.0247,0.0,0.02,0.98
"Produto de baixa qualidade, dinheiro jogado fora.",produto baixa qualidade dinheiro jogado fora,Negativo,-0.5698,0.0,0.454,0.546
Alguém sabe informar o prazo de entrega de o relógio?,alguém sabe informar prazo entrega relógio,Neutro,-0.0145,0.0,0.012,0.988
"O fone de ouvido tem cor azul e branca, conforme o anúncio.",fone ouvido cor azul branca conforme anúncio,Neutro,0.0084,0.008,0.0,0.992
Estou pesquisando opiniões sobre a embalagem antes de comprar.,estou pesquisando opiniões sobre embalagem antes comprar,Neutro,0.0421,0.033,0.0,0.967
"Nunca mais compro dessa marca, demorou semanas para resolver.",nunca compro dessa marca demorou semanas resolver,Negativo,-0.4158,0.0,0.332,0.668
"Comprei o eletrodoméstico e chegou rápido, super satisfeito!",comprei eletrodoméstico chegou rápido super satisfeito,Positivo,0.7764,0.703,0.0,0.297
"Comprei o relógio e chegou rápido, super satisfeito!",comprei relógio chegou rápido super satisfeito,Positivo,0.8879,0.806,0.0,0.194
"Que ótima experiência de compra, tudo maravilhoso!",ótima experiência compra tudo maravilhoso,Positivo,0.5627,0.399,0.0,0.601
A bolsa chegou no prazo previsto.,bolsa chegou prazo previsto,Neutro,-0.0251,0.0,0.024,0.976
Melhor experiência que já tive com a qualidade.,melhor experiência qualidade,Positivo,0.7067,0.457,0.0,0.543
"Muito ruim o atendimento, experiência péssima.",ruim atendimento experiência péssima,Negativo,-0.727,0.0,0.674,0.326
"Equipe acima da expectativa, super recomendo essa marca!",equipe acima expectativa super recomendo marca,Positivo,0.8931,0.545,0.0,0.455
Qual a diferença entre a bicicleta e o modelo anterior?,diferença entre bicicleta modelo anterior,Neutro,-0.0021,0.0,0.002,0.998
"Suporte não responde, estou muito insatisfeito.",suporte responde estou insatisfeito,Negativo,-0.5225,0.0,0.513,0.487
"Adorei o suporte da marca, muito impecável!",adorei suporte marca impecável,Positivo,0.8849,0.848,0.0,0.152
"Entrega atrasou muito, cobraram duas vezes no cartão.",entrega atrasou cobraram duas vezes cartão,Negativo,-0.4365,0.0,0.36,0.64
Qual a diferença entre o brinquedo e o modelo anterior?,diferença entre brinquedo modelo anterior,Neutro,-0.0239,0.0,0.023,0.977
"Que compra ruim, o produto veio quebrado.",compra ruim produto veio quebrado,Negativo,-0.7144,0.0,0.441,0.559
"A blusa tem cor azul e branca, conforme o anúncio.",blusa cor azul branca conforme anúncio,Neutro,-0.0357,0.0,0.024,0.976
"Recebi o eletrodoméstico, embalagem estava ok.",recebi eletrodoméstico embalagem estava,Neutro,-0.028,0.0,0.026,0.974
"A compra é horrível, não vale o preço, decepção total.",compra horrível vale preço decepção total,Negativo,-0.7806,0.0,0.732,0.268
"Serviço ruim, atendimento péssimo, não voltarei.",serviço ruim atendimento péssimo voltarei,Negativo,-0.5455,0.0,0.354,0.646
"Atendimento nota 10, resolveram meu problema rapidinho.",atendimento nota resolveram problema rapidinho,Positivo,0.7402,0.665,0.0,0.335
"Serviço ruim, atendimento péssimo, não voltarei.",serviço ruim atendimento péssimo voltarei,Negativo,-0.4823,0.0,0.33,0.67
"O eletrodoméstico veio com defeito, muito decepcionado.",eletrodoméstico veio defeito decepcionado,Negativo,-0.4408,0.0,0.281,0.719
"Muito ruim o preço, experiência péssima.",ruim preço experiência péssima,Negativo,-0.7017,0.0,0.628,0.372
"Adorei o prazo de entrega da marca, muito acima da expectativa!",adorei prazo entrega marca acima expectativa,Positivo,0.4197,0.284,0.0,0.716
"O pedido veio com defeito, muito decepcionado.",pedido veio defeito decepcionado,Negativo,-0.7592,0.0,0.741,0.259
"A embalagem impecável, virei cliente fiel dessa marca.",embalagem impecável virei cliente fiel dessa marca,Positivo,0.6911,0.598,0.0,0.402
"Entrega atrasou muito, ninguém respondeu meus e-mails.",entrega atrasou ninguém respondeu emails,Negativo,-0.8595,0.0,0.592,0.408
"Muito satisfeito com a bolsa, vale cada centavo.",satisfeito bolsa vale cada centavo,Positivo,0.8844,0.833,0.0,0.167
"O produto veio com defeito, muito decepcionado.",produto veio defeito decepcionado,Negativo,-0.6163,0.0,0.564,0.436
Alguém sabe informar o prazo de entrega de a bolsa?,alguém sabe informar prazo entrega bolsa,Neutro,0.0497,0.045,0.0,0.955
Estou pesquisando opiniões sobre o site antes de comprar.,estou pesquisando opiniões sobre site antes comprar,Neutro,0.0282,0.025,0.0,0.975
"Muito ruim a entrega, experiência péssima.",ruim entrega experiência péssima,Negativo,-0.8024,0.0,0.71,0.29
"Que compra ruim, o pedido veio quebrado.",compra ruim pedido veio quebrado,Negativo,-0.5155,0.0,0.373,0.627
"Comprei o notebook e chegou rápido, super satisfeito!",comprei notebook chegou rápido super satisfeito,Positivo,0.8572,0.612,0.0,0.388
Qual a diferença entre o fone de ouvido e o modelo anterior?,diferença entre fone ouvido modelo anterior,Neutro,-0.0132,0.0,0.008,0.992
Estou pesquisando opiniões sobre o atendimento antes de comprar.,estou pesquisando opiniões sobre atendimento antes comprar,Neutro,0.0237,0.022,0.0,0.978
"Suporte não responde, estou muito insatisfeito.",suporte responde estou insatisfeito,Negativo,-0.5668,0.0,0.535,0.465
"Muito satisfeito com o notebook, vale cada centavo.",satisfeito notebook vale cada centavo,Positivo,0.4584,0.42,0.0,0.58
"Nunca mais compro dessa marca, demorou semanas para resolver.",nunca compro dessa marca demorou semanas resolver,Negativo,-0.4964,0.0,0.482,0.518
Vi a propaganda da marca na TV hoje.,propaganda marca hoje,Neutro,0.0466,0.037,0.0,0.963
"Muito bom a compra, ficou perfeito, adorei o resultado!",bom compra ficou perfeito adorei resultado,Positivo,0.4976,0.35,0.0,0.65
"O livro superou minhas expectativas, muito bom!",livro superou expectativas bom,Positivo,0.7326,0.606,0.0,0.394
"Ótimo o atendimento, estou muito feliz com a compra!",ótimo atendimento estou feliz compra,Positivo,0.8841,0.822,0.0,0.178
Qual a diferença entre o relógio e o modelo anterior?,diferença entre relógio modelo anterior,Neutro,0.0095,0.009,0.0,0.991
"Excelente o app, recomendo a todos!",excelente app recomendo todos,Positivo,0.4793,0.441,0.0,0.559
"Simplesmente incrível, a entrega sensacional!",simplesmente incrível entrega sensacional,Positivo,0.6661,0.515,0.0,0.485
"A loja fica aberta até as 22h, segundo o site.",loja fica aberta até segundo site,Neutro,0.0468,0.041,0.0,0.959
"Entrega atrasou muito, ninguém respondeu meus e-mails.",entrega atrasou ninguém respondeu emails,Negativo,-0.7488,0.0,0.66,0.34
"Atendimento horrível, ninguém resolve nada.",atendimento horrível ninguém resolve nada,Negativo,-0.5476,0.0,0.396,0.604
"Equipe super atencioso, super recomendo essa marca!",equipe super atencioso super recomendo marca,Positivo,0.8986,0.883,0.0,0.117
"O fone de ouvido superou minhas expectativas, muito bom!",fone ouvido superou expectativas bom,Positivo,0.7688,0.473,0.0,0.527
"A bicicleta tem cor azul e branca, conforme o anúncio.",bicicleta cor azul branca conforme anúncio,Neutro,-0.0007,0.0,0.001,0.999
"Terrível, simplesmente terrível essa experiência.",terrível simplesmente terrível experiência,Negativo,-0.829,0.0,0.718,0.282
Melhor experiência que já tive com o site.,melhor experiência site,Positivo,0.7841,0.687,0.0,0.313
"O atendimento horrível, o produto quebrou em uma semana.",atendimento horrível produto quebrou semana,Negativo,-0.7199,0.0,0.542,0.458
"Adorei a entrega da marca, muito rápido e eficiente!",adorei entrega marca rápido eficiente,Positivo,0.6537,0.527,0.0,0.473
Fui até a loja física para trocar o produto.,fui até loja física trocar produto,Neutro,-0.0416,0.0,0.035,0.965
"Comprei a bolsa ontem, ainda vou testar.",comprei bolsa ontem ainda vou testar,Neutro,0.0421,0.034,0.0,0.966
O fone de ouvido chegou no prazo previsto.,fone ouvido chegou prazo previsto,Neutro,0.0124,0.009,0.0,0.991
"Comprei o produto e chegou rápido, super satisfeito!",comprei produto chegou rápido super satisfeito,Positivo,0.5136,0.377,0.0,0.623
"O livro é horrível, não vale o preço, decepção total.",livro horrível vale preço decepção total,Negativo,-0.4239,0.0,0.305,0.695
"O eletrodoméstico é horrível, não vale o preço, decepção total.",eletrodoméstico horrível vale preço decepção total,Negativo,-0.4674,0.0,0.424,0.576
Alguém sabe informar o prazo de entrega de a bicicleta?,alguém sabe informar prazo entrega bicicleta,Neutro,0.0477,0.035,0.0,0.965
Qual a diferença entre o tênis e o modelo anterior?,diferença entre tênis modelo anterior,Neutro,0.0366,0.035,0.0,0.965
Alguém sabe informar o prazo de entrega de o tênis?,alguém sabe informar prazo entrega tênis,Neutro,0.0469,0.035,0.0,0.965
"Recebi o pedido, embalagem estava ok.",recebi pedido embalagem estava,Neutro,-0.0129,0.0,0.012,0.988
"Excelente o atendimento, recomendo a todos!",excelente atendimento recomendo todos,Positivo,0.8,0.53,0.0,0.47
"Muito satisfeito com o produto, vale cada centavo.",satisfeito produto vale cada centavo,Positivo,0.5504,0.386,0.0,0.614
"Que ótima experiência de compra, tudo maravilhoso!",ótima experiência compra tudo maravilhoso,Positivo,0.518,0.384,0.0,0.616
Qual a diferença entre a blusa e o modelo anterior?,diferença entre blusa modelo anterior,Neutro,-0.0011,0.0,0.001,0.999
"Ótimo o app, estou muito feliz com a compra!",ótimo app estou feliz compra,Positivo,0.4335,0.386,0.0,0.614
Estou pesquisando opiniões sobre o atendimento antes de comprar.,estou pesquisando opiniões sobre atendimento antes comprar,Neutro,-0.0014,0.0,0.001,0.999
Alguém sabe informar o prazo de entrega de a compra?,alguém sabe informar prazo entrega compra,Neutro,-0.0333,0.0,0.033,0.967
"O pedido é horrível, não vale o preço, decepção total.",pedido horrível vale preço decepção total,Negativo,-0.4094,0.0,0.274,0.726
"O eletrodoméstico superou minhas expectativas, muito bom!",eletrodoméstico superou expectativas bom,Positivo,0.8825,0.851,0.0,0.149
"Serviço ruim, atendimento péssimo, não voltarei.",serviço ruim atendimento péssimo voltarei,Negativo,-0.709,0.0,0.631,0.369
"Entrega atrasou muito, veio tudo errado.",entrega atrasou veio tudo errado,Negativo,-0.6132,0.0,0.477,0.523
"Atendimento nota 10, resolveram meu problema rapidinho.",atendimento nota resolveram problema rapidinho,Positivo,0.8387,0.579,0.0,0.421
"O notebook superou minhas expectativas, muito bom!",notebook superou expectativas bom,Positivo,0.7645,0.546,0.0,0.454
"Recebi a bicicleta, embalagem estava ok.",recebi bicicleta embalagem estava,Neutro,-0.0405,0.0,0.039,0.961
"Recebi o relógio, embalagem estava ok.",recebi relógio embalagem estava,Neutro,0.0167,0.015,0.0,0.985
"Que compra ruim, o notebook veio quebrado.",compra ruim notebook veio quebrado,Negativo,-0.5191,0.0,0.405,0.595
Melhor experiência que já tive com o app.,melhor experiência app,Positivo,0.8654,0.681,0.0,0.319
Estou pesquisando opiniões sobre a entrega antes de comprar.,estou pesquisando opiniões sobre entrega antes comprar,Neutro,-0.0143,0.0,0.011,0.989
"O produto é horrível, não vale o preço, decepção total.",produto horrível vale preço decepção total,Negativo,-0.8938,0.0,0.649,0.351
"Comprei o tênis ontem, ainda vou testar.",comprei tênis ontem ainda vou testar,Neutro,-0.005,0.0,0.004,0.996
"A loja fica aberta até as 22h, segundo o site.",loja fica aberta até segundo site,Neutro,0.0105,0.008,0.0,0.992
"O tênis superou minhas expectativas, muito bom!",tênis superou expectativas bom,Positivo,0.8292,0.652,0.0,0.348
"Muito satisfeito com o brinquedo, vale cada centavo.",satisfeito brinquedo vale cada centavo,Positivo,0.4658,0.454,0.0,0.546
"A loja fica aberta até as 22h, segundo o site.",loja fica aberta até segundo site,Neutro,0.0164,0.016,0.0,0.984
"A qualidade horrível, ninguém respondeu meus e-mails.",qualidade horrível ninguém respondeu emails,Negativo,-0.8823,0.0,0.84,0.16
"Comprei o brinquedo e chegou rápido, super satisfeito!",comprei brinquedo chegou rápido super satisfeito,Positivo,0.637,0.582,0.0,0.418
"Suporte não responde, estou muito insatisfeito.",suporte responde estou insatisfeito,Negativo,-0.4082,0.0,0.372,0.628
"Recebi o celular, embalagem estava ok.",recebi celular embalagem estava,Neutro,0.0475,0.029,0.0,0.971
"Adorei a embalagem da marca, muito impecável!",adorei embalagem marca impecável,Positivo,0.4837,0.369,0.0,0.631
"Que compra ruim, o produto veio quebrado.",compra ruim produto veio quebrado,Negativo,-0.8393,0.0,0.614,0.386
"Muito satisfeito com o produto, vale cada centavo.",satisfeito produto vale cada centavo,Positivo,0.722,0.706,0.0,0.294
"O celular veio com defeito, muito decepcionado.",celular veio defeito decepcionado,Negativo,-0.7879,0.0,0.645,0.355
"Não indico essa marca pra ninguém, cobraram duas vezes no cartão.",indico marca pra ninguém cobraram duas vezes cartão,Negativo,-0.5965,0.0,0.561,0.439
"Muito ruim a qualidade, experiência péssima.",ruim qualidade experiência péssima,Negativo,-0.4894,0.0,0.482,0.518
Extremamente decepcionado com o tênis.,extremamente decepcionado tênis,Negativo,-0.8783,0.0,0.758,0.242
O eletrodoméstico chegou no prazo previsto.,eletrodoméstico chegou prazo previsto,Neutro,0.0096,0.006,0.0,0.994
Fui até a loja física para trocar o produto.,fui até loja física trocar produto,Neutro,-0.0158,0.0,0.013,0.987
"A loja fica aberta até as 22h, segundo o site.",loja fica aberta até segundo site,Neutro,-0.0384,0.0,0.025,0.975
"Excelente o suporte, recomendo a todos!",excelente suporte recomendo todos,Positivo,0.5523,0.387,0.0,0.613
"Comprei o brinquedo ontem, ainda vou testar.",comprei brinquedo ontem ainda vou testar,Neutro,-0.0152,0.0,0.015,0.985
"Comprei a compra ontem, ainda vou testar.",comprei compra ontem ainda vou testar,Neutro,-0.0374,0.0,0.026,0.974
"Terrível, simplesmente terrível essa experiência.",terrível simplesmente terrível experiência,Negativo,-0.5134,0.0,0.322,0.678
O brinquedo chegou no prazo previsto.,brinquedo chegou prazo previsto,Neutro,0.0229,0.016,0.0,0.984
"Entrega atrasou muito, a caixa chegou toda amassada.",entrega atrasou caixa chegou toda amassada,Negativo,-0.7428,0.0,0.511,0.489
Estou pesquisando opiniões sobre o atendimento antes de comprar.,estou pesquisando opiniões sobre atendimento antes comprar,Neutro,-0.0323,0.0,0.026,0.974
"Que ótima experiência de compra, tudo maravilhoso!",ótima experiência compra tudo maravilhoso,Positivo,0.5248,0.523,0.0,0.477
"Que ótima experiência de compra, tudo maravilhoso!",ótima experiência compra tudo maravilhoso,Positivo,0.4257,0.391,0.0,0.609
"O notebook é horrível, não vale o preço, decepção total.",notebook horrível vale preço decepção total,Negativo,-0.816,0.0,0.558,0.442
"Comprei o celular ontem, ainda vou testar.",comprei celular ontem ainda vou testar,Neutro,-0.0274,0.0,0.018,0.982
"Atendimento nota 10, resolveram meu problema rapidinho.",atendimento nota resolveram problema rapidinho,Positivo,0.8311,0.675,0.0,0.325
"Serviço ruim, atendimento péssimo, não voltarei.",serviço ruim atendimento péssimo voltarei,Negativo,-0.4197,0.0,0.403,0.597
"Suporte não responde, estou muito insatisfeito.",suporte responde estou insatisfeito,Negativo,-0.619,0.0,0.452,0.548
"Que compra ruim, o pedido veio quebrado.",compra ruim pedido veio quebrado,Negativo,-0.7998,0.0,0.575,0.425
Qual a diferença entre o livro e o modelo anterior?,diferença entre livro modelo anterior,Neutro,0.0205,0.017,0.0,0.983
"Atendimento nota 10, resolveram meu problema rapidinho.",atendimento nota resolveram problema rapidinho,Positivo,0.8912,0.805,0.0,0.195
"Não indico essa marca pra ninguém, veio tudo errado.",indico marca pra ninguém veio tudo errado,Negativo,-0.6615,0.0,0.427,0.573
"O perfume tem cor azul e branca, conforme o anúncio.",perfume cor azul branca conforme anúncio,Neutro,-0.0186,0.0,0.015,0.985
"Excelente a experiência de compra, recomendo a todos!",excelente experiência compra recomendo todos,Positivo,0.5008,0.393,0.0,0.607
"Comprei o perfume e chegou rápido, super satisfeito!",comprei perfume chegou rápido super satisfeito,Positivo,0.8753,0.658,0.0,0.342
"A loja fica aberta até as 22h, segundo o site.",loja fica aberta até segundo site,Neutro,0.0395,0.038,0.0,0.962
"Suporte não responde, estou muito insatisfeito.",suporte responde estou insatisfeito,Negativo,-0.5763,0.0,0.486,0.514
"Que ótima experiência de compra, tudo maravilhoso!",ótima experiência compra tudo maravilhoso,Positivo,0.8599,0.525,0.0,0.475
Qual a diferença entre a compra e o modelo anterior?,diferença entre compra modelo anterior,Neutro,0.0061,0.005,0.0,0.995
Qual a diferença entre a compra e o modelo anterior?,diferença entre compra modelo anterior,Neutro,-0.0229,0.0,0.022,0.978
"O tênis superou minhas expectativas, muito bom!",tênis superou expectativas bom,Positivo,0.4305,0.316,0.0,0.684
Melhor experiência que já tive com o site.,melhor experiência site,Positivo,0.7167,0.647,0.0,0.353
"Atendimento nota 10, resolveram meu problema rapidinho.",atendimento nota resolveram problema rapidinho,Positivo,0.5643,0.508,0.0,0.492
Alguém sabe informar o prazo de entrega de o brinquedo?,alguém sabe informar prazo entrega brinquedo,Neutro,0.0176,0.016,0.0,0.984
"Terrível, simplesmente terrível essa experiência.",terrível simplesmente terrível experiência,Negativo,-0.555,0.0,0.519,0.481
Alguém sabe informar o prazo de entrega de o notebook?,alguém sabe informar prazo entrega notebook,Neutro,0.0304,0.024,0.0,0.976
Extremamente decepcionado com o notebook.,extremamente decepcionado notebook,Negativo,-0.6305,0.0,0.392,0.608
Qual a diferença entre o celular e o modelo anterior?,diferença entre celular modelo anterior,Neutro,-0.0443,0.0,0.037,0.963
"Entrega atrasou muito, o produto quebrou em uma semana.",entrega atrasou produto quebrou semana,Negativo,-0.668,0.0,0.571,0.429
"Comprei o perfume e chegou rápido, super satisfeito!",comprei perfume chegou rápido super satisfeito,Positivo,0.5675,0.504,0.0,0.496
"Produto de baixa qualidade, dinheiro jogado fora.",produto baixa qualidade dinheiro jogado fora,Negativo,-0.8612,0.0,0.649,0.351
"A loja fica aberta até as 22h, segundo o site.",loja fica aberta até segundo site,Neutro,-0.0102,0.0,0.007,0.993
Qual a diferença entre o perfume e o modelo anterior?,diferença entre perfume modelo anterior,Neutro,0.0162,0.015,0.0,0.985
"Comprei o relógio ontem, ainda vou testar.",comprei relógio ontem ainda vou testar,Neutro,-0.045,0.0,0.034,0.966
"Péssimo o suporte, não recomendo.",péssimo suporte recomendo,Negativo,-0.6798,0.0,0.673,0.327
"Simplesmente incrível, o atendimento sensacional!",simplesmente incrível atendimento sensacional,Positivo,0.5194,0.356,0.0,0.644
"O fone de ouvido tem cor azul e branca, conforme o anúncio.",fone ouvido cor azul branca conforme anúncio,Neutro,0.0478,0.037,0.0,0.963
Alguém sabe informar o prazo de entrega de o pedido?,alguém sabe informar prazo entrega pedido,Neutro,-0.0303,0.0,0.027,0.973
"Péssimo a entrega, não recomendo.",péssimo entrega recomendo,Negativo,-0.4186,0.0,0.4,0.6
Fui até a loja física para trocar o tênis.,fui até loja física trocar tênis,Neutro,0.0072,0.006,0.0,0.994
"Serviço ruim, atendimento péssimo, não voltarei.",serviço ruim atendimento péssimo voltarei,Negativo,-0.5881,0.0,0.494,0.506
Extremamente decepcionado com o tênis.,extremamente decepcionado tênis,Negativo,-0.422,0.0,0.281,0.719
Alguém sabe informar o prazo de entrega de o celular?,alguém sabe informar prazo entrega celular,Neutro,0.0164,0.012,0.0,0.988
Estou pesquisando opiniões sobre o preço antes de comprar.,estou pesquisando opiniões sobre preço antes comprar,Neutro,-0.0194,0.0,0.015,0.985
"O suporte horrível, veio tudo errado.",suporte horrível veio tudo errado,Negativo,-0.6565,0.0,0.458,0.542
"Muito satisfeito com o eletrodoméstico, vale cada centavo.",satisfeito eletrodoméstico vale cada centavo,Positivo,0.775,0.663,0.0,0.337
O notebook chegou no prazo previsto.,notebook chegou prazo previsto,Neutro,-0.0417,0.0,0.033,0.967
"Adorei o site da marca, muito acima da expectativa!",adorei site marca acima expectativa,Positivo,0.5025,0.382,0.0,0.618
"Muito bom o relógio, ficou perfeito, adorei o resultado!",bom relógio ficou perfeito adorei resultado,Positivo,0.4204,0.339,0.0,0.661
"Que compra ruim, o relógio veio quebrado.",compra ruim relógio veio quebrado,Negativo,-0.7141,0.0,0.518,0.482
Alguém sabe informar o prazo de entrega de o eletrodoméstico?,alguém sabe informar prazo entrega eletrodoméstico,Neutro,-0.0485,0.0,0.032,0.968
"Muito satisfeito com o notebook, vale cada centavo.",satisfeito notebook vale cada centavo,Positivo,0.8938,0.815,0.0,0.185
"O site impecável, virei cliente fiel dessa marca.",site impecável virei cliente fiel dessa marca,Positivo,0.8626,0.565,0.0,0.435
Extremamente decepcionado com o celular.,extremamente decepcionado celular,Negativo,-0.6506,0.0,0.471,0.529
"Péssimo o suporte, não recomendo.",péssimo suporte recomendo,Negativo,-0.7262,0.0,0.561,0.439
"O brinquedo veio com defeito, muito decepcionado.",brinquedo veio defeito decepcionado,Negativo,-0.7123,0.0,0.474,0.526
"Recebi o fone de ouvido, embalagem estava ok.",recebi fone ouvido embalagem estava,Neutro,-0.035,0.0,0.025,0.975
"O produto tem cor azul e branca, conforme o anúncio.",produto cor azul branca conforme anúncio,Neutro,-0.0385,0.0,0.029,0.971
"Recebi o brinquedo, embalagem estava ok.",recebi brinquedo embalagem estava,Neutro,0.0374,0.035,0.0,0.965
"Péssimo a embalagem, não recomendo.",péssimo embalagem recomendo,Negativo,-0.5216,0.0,0.435,0.565
Qual a diferença entre a bolsa e o modelo anterior?,diferença entre bolsa modelo anterior,Neutro,-0.0203,0.0,0.017,0.983
"Serviço ruim, atendimento péssimo, não voltarei.",serviço ruim atendimento péssimo voltarei,Negativo,-0.7827,0.0,0.471,0.529
"Terrível, simplesmente terrível essa experiência.",terrível simplesmente terrível experiência,Negativo,-0.5029,0.0,0.377,0.623
"Nunca mais compro dessa marca, ninguém respondeu meus e-mails.",nunca compro dessa marca ninguém respondeu emails,Negativo,-0.5843,0.0,0.384,0.616
"Suporte não responde, estou muito insatisfeito.",suporte responde estou insatisfeito,Negativo,-0.4965,0.0,0.419,0.581
"Comprei o relógio ontem, ainda vou testar.",comprei relógio ontem ainda vou testar,Neutro,0.0451,0.044,0.0,0.956
"Entrega atrasou muito, cobraram duas vezes no cartão.",entrega atrasou cobraram duas vezes cartão,Negativo,-0.6296,0.0,0.549,0.451
Qual a diferença entre o fone de ouvido e o modelo anterior?,diferença entre fone ouvido modelo anterior,Neutro,-0.0252,0.0,0.02,0.98
"A loja fica aberta até as 22h, segundo o site.",loja fica aberta até segundo site,Neutro,-0.0385,0.0,0.035,0.965
Vi a propaganda da marca na TV hoje.,propaganda marca hoje,Neutro,-0.0073,0.0,0.007,0.993
Fui até a loja física para trocar o brinquedo.,fui até loja física trocar brinquedo,Neutro,0.0196,0.013,0.0,0.987
"Não indico essa marca pra ninguém, o produto quebrou em uma semana.",indico marca pra ninguém produto quebrou semana,Negativo,-0.5888,0.0,0.385,0.615
"A loja fica aberta até as 22h, segundo o site.",loja fica aberta até segundo site,Neutro,0.0473,0.03,0.0,0.97
"Atendimento horrível, ninguém resolve nada.",atendimento horrível ninguém resolve nada,Negativo,-0.5525,0.0,0.493,0.507
"Recebi o livro, embalagem estava ok.",recebi livro embalagem estava,Neutro,0.0166,0.014,0.0,0.986
"Muito ruim o prazo de entrega, experiência péssima.",ruim prazo entrega experiência péssima,Negativo,-0.8972,0.0,0.764,0.236
"O relógio superou minhas expectativas, muito bom!",relógio superou expectativas bom,Positivo,0.6296,0.402,0.0,0.598
"Voltarei a comprar com certeza, muito profissional!",voltarei comprar certeza profissional,Positivo,0.6835,0.495,0.0,0.505
Fui até a loja física para trocar o tênis.,fui até loja física trocar tênis,Neutro,-0.0176,0.0,0.014,0.986
"Comprei o livro ontem, ainda vou testar.",comprei livro ontem ainda vou testar,Neutro,-0.0344,0.0,0.032,0.968
"Comprei o eletrodoméstico ontem, ainda vou testar.",comprei eletrodoméstico ontem ainda vou testar,Neutro,0.0225,0.018,0.0,0.982
"Adorei a experiência de compra da marca, muito muito profissional!",adorei experiência compra marca profissional,Positivo,0.7102,0.523,0.0,0.477
"Terrível, simplesmente terrível essa experiência.",terrível simplesmente terrível experiência,Negativo,-0.7207,0.0,0.616,0.384
"Excelente o app, recomendo a todos!",excelente app recomendo todos,Positivo,0.8664,0.791,0.0,0.209
"A entrega impecável, virei cliente fiel dessa marca.",entrega impecável virei cliente fiel dessa marca,Positivo,0.4447,0.329,0.0,0.671
"O prazo de entrega horrível, demorou semanas para resolver.",prazo entrega horrível demorou semanas resolver,Negativo,-0.4039,0.0,0.364,0.636
"Voltarei a comprar com certeza, muito profissional!",voltarei comprar certeza profissional,Positivo,0.872,0.584,0.0,0.416
"Que compra ruim, o eletrodoméstico veio quebrado.",compra ruim eletrodoméstico veio quebrado,Negativo,-0.6193,0.0,0.433,0.567
"Comprei a bolsa e chegou rápido, super satisfeito!",comprei bolsa chegou rápido super satisfeito,Positivo,0.7542,0.623,0.0,0.377
"Muito ruim o preço, experiência péssima.",ruim preço experiência péssima,Negativo,-0.5195,0.0,0.355,0.645
"O celular é maravilhoso, adorei demais!",celular maravilhoso adorei demais,Positivo,0.8018,0.599,0.0,0.401
"Atendimento nota 10, resolveram meu problema rapidinho.",atendimento nota resolveram problema rapidinho,Positivo,0.6313,0.595,0.0,0.405
"A bicicleta tem cor azul e branca, conforme o anúncio.",bicicleta cor azul branca conforme anúncio,Neutro,-0.0414,0.0,0.034,0.966
Qual a diferença entre a bolsa e o modelo anterior?,diferença entre bolsa modelo anterior,Neutro,-0.0219,0.0,0.02,0.98
"Excelente o prazo de entrega, recomendo a todos!",excelente prazo entrega recomendo todos,Positivo,0.5123,0.43,0.0,0.57
"Simplesmente incrível, o suporte sensacional!",simplesmente incrível suporte sensacional,Positivo,0.6697,0.6,0.0,0.4
"Comprei a compra ontem, ainda vou testar.",comprei compra ontem ainda vou testar,Neutro,0.0087,0.008,0.0,0.992
"A loja fica aberta até as 22h, segundo o site.",loja fica aberta até segundo site,Neutro,0.0455,0.027,0.0,0.973
"Adorei o app da marca, muito super atencioso!",adorei app marca super atencioso,Positivo,0.6237,0.379,0.0,0.621
"Comprei o notebook ontem, ainda vou testar.",comprei notebook ontem ainda vou testar,Neutro,-0.0406,0.0,0.04,0.96
"Que ótima experiência de compra, tudo maravilhoso!",ótima experiência compra tudo maravilhoso,Positivo,0.7473,0.476,0.0,0.524
"Que ótima experiência de compra, tudo maravilhoso!",ótima experiência compra tudo maravilhoso,Positivo,0.758,0.577,0.0,0.423
"Adorei o suporte da marca, muito de primeira qualidade!",adorei suporte marca primeira qualidade,Positivo,0.478,0.352,0.0,0.648
Vi a propaganda da marca na TV hoje.,propaganda marca hoje,Neutro,-0.0017,0.0,0.001,0.999
"Recebi o livro, embalagem estava ok.",recebi livro embalagem estava,Neutro,0.0233,0.015,0.0,0.985
"Terrível, simplesmente terrível essa experiência.",terrível simplesmente terrível experiência,Negativo,-0.6639,0.0,0.485,0.515
"Que compra ruim, o pedido veio quebrado.",compra ruim pedido veio quebrado,Negativo,-0.7984,0.0,0.612,0.388
"Comprei o tênis ontem, ainda vou testar.",comprei tênis ontem ainda vou testar,Neutro,0.0162,0.01,0.0,0.99
"Muito ruim a embalagem, experiência péssima.",ruim embalagem experiência péssima,Negativo,-0.4026,0.0,0.39,0.61
"Muito bom o perfume, ficou perfeito, adorei o resultado!",bom perfume ficou perfeito adorei resultado,Positivo,0.8253,0.715,0.0,0.285
"O produto tem cor azul e branca, conforme o anúncio.",produto cor azul branca conforme anúncio,Neutro,0.0008,0.001,0.0,0.999
"Comprei a blusa e chegou rápido, super satisfeito!",comprei blusa chegou rápido super satisfeito,Positivo,0.8312,0.742,0.0,0.258
"O notebook tem cor azul e branca, conforme o anúncio.",notebook cor azul branca conforme anúncio,Neutro,-0.0383,0.0,0.027,0.973
"Recebi o celular, embalagem estava ok.",recebi celular embalagem estava,Neutro,0.0162,0.012,0.0,0.988
Fui até a loja física para trocar a compra.,fui até loja física trocar compra,Neutro,-0.0397,0.0,0.031,0.969
"Excelente o preço, recomendo a todos!",excelente preço recomendo todos,Positivo,0.849,0.644,0.0,0.356
Extremamente decepcionado com o relógio.,extremamente decepcionado relógio,Negativo,-0.6709,0.0,0.511,0.489
"O perfume veio com defeito, muito decepcionado.",perfume veio defeito decepcionado,Negativo,-0.6267,0.0,0.561,0.439
"Voltarei a comprar com certeza, rápido e eficiente!",voltarei comprar certeza rápido eficiente,Positivo,0.8161,0.743,0.0,0.257
"Muito satisfeito com o produto, vale cada centavo.",satisfeito produto vale cada centavo,Positivo,0.8684,0.636,0.0,0.364
"Péssimo a qualidade, não recomendo.",péssimo qualidade recomendo,Negativo,-0.412,0.0,0.291,0.709
"O brinquedo tem cor azul e branca, conforme o anúncio.",brinquedo cor azul branca conforme anúncio,Neutro,0.0062,0.004,0.0,0.996
Extremamente decepcionado com o produto.,extremamente decepcionado produto,Negativo,-0.7284,0.0,0.718,0.282
O relógio chegou no prazo previsto.,relógio chegou prazo previsto,Neutro,-0.0159,0.0,0.013,0.987
"Comprei a bicicleta ontem, ainda vou testar.",comprei bicicleta ontem ainda vou testar,Neutro,-0.0282,0.0,0.024,0.976
"Muito ruim o app, experiência péssima.",ruim app experiência péssima,Negativo,-0.4862,0.0,0.356,0.644
"O livro superou minhas expectativas, muito bom!",livro superou expectativas bom,Positivo,0.8192,0.612,0.0,0.388
"Não indico essa marca pra ninguém, veio tudo errado.",indico marca pra ninguém veio tudo errado,Negativo,-0.8304,0.0,0.791,0.209
"O tênis veio com defeito, muito decepcionado.",tênis veio defeito decepcionado,Negativo,-0.684,0.0,0.518,0.482
"Comprei a compra e chegou rápido, super satisfeito!",comprei compra chegou rápido super satisfeito,Positivo,0.5237,0.441,0.0,0.559
"Muito ruim a entrega, experiência péssima.",ruim entrega experiência péssima,Negativo,-0.5213,0.0,0.512,0.488
A compra chegou no prazo previsto.,compra chegou prazo previsto,Neutro,-0.0314,0.0,0.027,0.973
"Ótimo o suporte, estou muito feliz com a compra!",ótimo suporte estou feliz compra,Positivo,0.4908,0.448,0.0,0.552
O relógio chegou no prazo previsto.,relógio chegou prazo previsto,Neutro,-0.046,0.0,0.035,0.965
"Muito satisfeito com a bicicleta, vale cada centavo.",satisfeito bicicleta vale cada centavo,Positivo,0.8341,0.707,0.0,0.293
"Produto de baixa qualidade, dinheiro jogado fora.",produto baixa qualidade dinheiro jogado fora,Negativo,-0.8286,0.0,0.711,0.289
"Equipe muito profissional, super recomendo essa marca!",equipe profissional super recomendo marca,Positivo,0.8928,0.728,0.0,0.272
Estou pesquisando opiniões sobre o suporte antes de comprar.,estou pesquisando opiniões sobre suporte antes comprar,Neutro,-0.0448,0.0,0.027,0.973
"Serviço ruim, atendimento péssimo, não voltarei.",serviço ruim atendimento péssimo voltarei,Negativo,-0.4386,0.0,0.362,0.638
Extremamente decepcionado com o celular.,extremamente decepcionado celular,Negativo,-0.5172,0.0,0.34,0.66
"A loja fica aberta até as 22h, segundo o site.",loja fica aberta até segundo site,Neutro,0.0333,0.028,0.0,0.972
Alguém sabe informar o prazo de entrega de a bicicleta?,alguém sabe informar prazo entrega bicicleta,Neutro,-0.0245,0.0,0.016,0.984
"Entrega atrasou muito, demorou semanas para resolver.",entrega atrasou demorou semanas resolver,Negativo,-0.4211,0.0,0.288,0.712
"Entrega atrasou muito, o produto quebrou em uma semana.",entrega atrasou produto quebrou semana,Negativo,-0.5335,0.0,0.427,0.573
"O perfume é maravilhoso, adorei demais!",perfume maravilhoso adorei demais,Positivo,0.5741,0.405,0.0,0.595
"Suporte não responde, estou muito insatisfeito.",suporte responde estou insatisfeito,Negativo,-0.7523,0.0,0.57,0.43
"O brinquedo veio com defeito, muito decepcionado.",brinquedo veio defeito decepcionado,Negativo,-0.5069,0.0,0.473,0.527
"Simplesmente incrível, a experiência de compra sensacional!",simplesmente incrível experiência compra sensacional,Positivo,0.8304,0.573,0.0,0.427
Alguém sabe informar o prazo de entrega de a bolsa?,alguém sabe informar prazo entrega bolsa,Neutro,0.0401,0.036,0.0,0.964
O notebook chegou no prazo previsto.,notebook chegou prazo previsto,Neutro,0.0018,0.002,0.0,0.998
"Recebi a compra, embalagem estava ok.",recebi compra embalagem estava,Neutro,-0.0475,0.0,0.047,0.953
Extremamente decepcionado com o eletrodoméstico.,extremamente decepcionado eletrodoméstico,Negativo,-0.8874,0.0,0.581,0.419
"Adorei o site da marca, muito de primeira qualidade!",adorei site marca primeira qualidade,Positivo,0.5671,0.367,0.0,0.633
"Serviço ruim, atendimento péssimo, não voltarei.",serviço ruim atendimento péssimo voltarei,Negativo,-0.4987,0.0,0.472,0.528
"Voltarei a comprar com certeza, de primeira qualidade!",voltarei comprar certeza primeira qualidade,Positivo,0.4466,0.307,0.0,0.693
"Voltarei a comprar com certeza, acima da expectativa!",voltarei comprar certeza acima expectativa,Positivo,0.6962,0.516,0.0,0.484
"Simplesmente incrível, o prazo de entrega sensacional!",simplesmente incrível prazo entrega sensacional,Positivo,0.6406,0.435,0.0,0.565
Estou pesquisando opiniões sobre o prazo de entrega antes de comprar.,estou pesquisando opiniões sobre prazo entrega antes comprar,Neutro,0.0328,0.028,0.0,0.972
"O celular é maravilhoso, adorei demais!",celular maravilhoso adorei demais,Positivo,0.5032,0.404,0.0,0.596
"Comprei a compra e chegou rápido, super satisfeito!",comprei compra chegou rápido super satisfeito,Positivo,0.6657,0.519,0.0,0.481
O tênis chegou no prazo previsto.,tênis chegou prazo previsto,Neutro,0.0264,0.02,0.0,0.98
"O produto tem cor azul e branca, conforme o anúncio.",produto cor azul branca conforme anúncio,Neutro,0.032,0.027,0.0,0.973
"Comprei a blusa e chegou rápido, super satisfeito!",comprei blusa chegou rápido super satisfeito,Positivo,0.8368,0.784,0.0,0.216
"Terrível, simplesmente terrível essa experiência.",terrível simplesmente terrível experiência,Negativo,-0.7524,0.0,0.623,0.377
"Recebi o perfume, embalagem estava ok.",recebi perfume embalagem estava,Neutro,0.0235,0.018,0.0,0.982
"Equipe de primeira qualidade, super recomendo essa marca!",equipe primeira qualidade super recomendo marca,Positivo,0.5436,0.355,0.0,0.645
"Nunca mais compro dessa marca, veio tudo errado.",nunca compro dessa marca veio tudo errado,Negativo,-0.4978,0.0,0.372,0.628
"Entrega atrasou muito, a caixa chegou toda amassada.",entrega atrasou caixa chegou toda amassada,Negativo,-0.441,0.0,0.41,0.59
"Voltarei a comprar com certeza, acima da expectativa!",voltarei comprar certeza acima expectativa,Positivo,0.8224,0.52,0.0,0.48
"Muito satisfeito com o tênis, vale cada centavo.",satisfeito tênis vale cada centavo,Positivo,0.5521,0.419,0.0,0.581
Qual a diferença entre o tênis e o modelo anterior?,diferença entre tênis modelo anterior,Neutro,-0.0229,0.0,0.019,0.981
"A blusa superou minhas expectativas, muito bom!",blusa superou expectativas bom,Positivo,0.6594,0.641,0.0,0.359
Qual a diferença entre o notebook e o modelo anterior?,diferença entre notebook modelo anterior,Neutro,0.0465,0.04,0.0,0.96
"Comprei o fone de ouvido e chegou rápido, super satisfeito!",comprei fone ouvido chegou rápido super satisfeito,Positivo,0.769,0.593,0.0,0.407
Melhor experiência que já tive com a qualidade.,melhor experiência qualidade,Positivo,0.522,0.374,0.0,0.626
"A loja fica aberta até as 22h, segundo o site.",loja fica aberta até segundo site,Neutro,-0.0312,0.0,0.025,0.975
"Serviço ruim, atendimento péssimo, não voltarei.",serviço ruim atendimento péssimo voltarei,Negativo,-0.4095,0.0,0.382,0.618
"Ótimo a experiência de compra, estou muito feliz com a compra!",ótimo experiência compra estou feliz compra,Positivo,0.4682,0.337,0.0,0.663
Vi a propaganda da marca na TV hoje.,propaganda marca hoje,Neutro,-0.0271,0.0,0.025,0.975
"Entrega atrasou muito, veio tudo errado.",entrega atrasou veio tudo errado,Negativo,-0.8268,0.0,0.801,0.199
"Adorei a qualidade da marca, muito super atencioso!",adorei qualidade marca super atencioso,Positivo,0.7079,0.459,0.0,0.541
Fui até a loja física para trocar o livro.,fui até loja física trocar livro,Neutro,0.0304,0.028,0.0,0.972
"A bolsa é maravilhoso, adorei demais!",bolsa maravilhoso adorei demais,Positivo,0.6094,0.601,0.0,0.399
"Que compra ruim, o eletrodoméstico veio quebrado.",compra ruim eletrodoméstico veio quebrado,Negativo,-0.5074,0.0,0.481,0.519
Alguém sabe informar o prazo de entrega de o livro?,alguém sabe informar prazo entrega livro,Neutro,-0.0089,0.0,0.008,0.992
"Muito bom o notebook, ficou perfeito, adorei o resultado!",bom notebook ficou perfeito adorei resultado,Positivo,0.7273,0.621,0.0,0.379
"O perfume é horrível, não vale o preço, decepção total.",perfume horrível vale preço decepção total,Negativo,-0.7464,0.0,0.526,0.474
Estou pesquisando opiniões sobre a entrega antes de comprar.,estou pesquisando opiniões sobre entrega antes comprar,Neutro,-0.005,0.0,0.005,0.995
"Ótimo a qualidade, estou muito feliz com a compra!",ótimo qualidade estou feliz compra,Positivo,0.4158,0.392,0.0,0.608
"A compra é maravilhoso, adorei demais!",compra maravilhoso adorei demais,Positivo,0.5839,0.368,0.0,0.632
"Recebi o celular, embalagem estava ok.",recebi celular embalagem estava,Neutro,0.0479,0.031,0.0,0.969
"Muito bom o pedido, ficou perfeito, adorei o resultado!",bom pedido ficou perfeito adorei resultado,Positivo,0.6595,0.473,0.0,0.527
Qual a diferença entre o livro e o modelo anterior?,diferença entre livro modelo anterior,Neutro,-0.0433,0.0,0.041,0.959
Fui até a loja física para trocar o livro.,fui até loja física trocar livro,Neutro,-0.0109,0.0,0.009,0.991
"Produto de baixa qualidade, dinheiro jogado fora.",produto baixa qualidade dinheiro jogado fora,Negativo,-0.7235,0.0,0.647,0.353
"Comprei a bicicleta ontem, ainda vou testar.",comprei bicicleta ontem ainda vou testar,Neutro,0.0067,0.005,0.0,0.995
"Produto de baixa qualidade, dinheiro jogado fora.",produto baixa qualidade dinheiro jogado fora,Negativo,-0.7273,0.0,0.715,0.285
"Nunca mais compro dessa marca, demorou semanas para resolver.",nunca compro dessa marca demorou semanas resolver,Negativo,-0.4116,0.0,0.314,0.686
"Voltarei a comprar com certeza, impecável!",voltarei comprar certeza impecável,Positivo,0.4127,0.371,0.0,0.629
"Serviço ruim, atendimento péssimo, não voltarei.",serviço ruim atendimento péssimo voltarei,Negativo,-0.7502,0.0,0.566,0.434
"O pedido tem cor azul e branca, conforme o anúncio.",pedido cor azul branca conforme anúncio,Neutro,-0.025,0.0,0.016,0.984
"Muito satisfeito com a bicicleta, vale cada centavo.",satisfeito bicicleta vale cada centavo,Positivo,0.5585,0.344,0.0,0.656
Qual a diferença entre o livro e o modelo anterior?,diferença entre livro modelo anterior,Neutro,-0.0234,0.0,0.018,0.982
"Recebi o pedido, embalagem estava ok.",recebi pedido embalagem estava,Neutro,0.0117,0.009,0.0,0.991
"Voltarei a comprar com certeza, acima da expectativa!",voltarei comprar certeza acima expectativa,Positivo,0.4886,0.401,0.0,0.599
"Péssimo o site, não recomendo.",péssimo site recomendo,Negativo,-0.509,0.0,0.505,0.495
"Recebi o produto, embalagem estava ok.",recebi produto embalagem estava,Neutro,-0.0289,0.0,0.026,0.974
"Entrega atrasou muito, cobraram duas vezes no cartão.",entrega atrasou cobraram duas vezes cartão,Negativo,-0.8871,0.0,0.863,0.137
"Comprei o brinquedo ontem, ainda vou testar.",comprei brinquedo ontem ainda vou testar,Neutro,0.0414,0.039,0.0,0.961
"Ótimo o app, estou muito feliz com a compra!",ótimo app estou feliz compra,Positivo,0.7093,0.508,0.0,0.492
"Serviço ruim, atendimento péssimo, não voltarei.",serviço ruim atendimento péssimo voltarei,Negativo,-0.6141,0.0,0.606,0.394
"Terrível, simplesmente terrível essa experiência.",terrível simplesmente terrível experiência,Negativo,-0.5795,0.0,0.516,0.484
Estou pesquisando opiniões sobre o prazo de entrega antes de comprar.,estou pesquisando opiniões sobre prazo entrega antes comprar,Neutro,0.0155,0.015,0.0,0.985
"Suporte não responde, estou muito insatisfeito.",suporte responde estou insatisfeito,Negativo,-0.6689,0.0,0.456,0.544
Qual a diferença entre o produto e o modelo anterior?,diferença entre produto modelo anterior,Neutro,0.0234,0.022,0.0,0.978
Alguém sabe informar o prazo de entrega de o pedido?,alguém sabe informar prazo entrega pedido,Neutro,0.0089,0.009,0.0,0.991
Alguém sabe informar o prazo de entrega de a bicicleta?,alguém sabe informar prazo entrega bicicleta,Neutro,-0.0314,0.0,0.031,0.969
"A blusa é horrível, não vale o preço, decepção total.",blusa horrível vale preço decepção total,Negativo,-0.8591,0.0,0.588,0.412
"A loja fica aberta até as 22h, segundo o site.",loja fica aberta até segundo site,Neutro,-0.0034,0.0,0.002,0.998
Vi a propaganda da marca na TV hoje.,propaganda marca hoje,Neutro,0.0422,0.029,0.0,0.971
"Muito satisfeito com o tênis, vale cada centavo.",satisfeito tênis vale cada centavo,Positivo,0.6423,0.432,0.0,0.568
"Simplesmente incrível, o preço sensacional!",simplesmente incrível preço sensacional,Positivo,0.47,0.31,0.0,0.69
A compra chegou no prazo previsto.,compra chegou prazo previsto,Neutro,0.0195,0.018,0.0,0.982
"Comprei a bicicleta ontem, ainda vou testar.",comprei bicicleta ontem ainda vou testar,Neutro,-0.029,0.0,0.024,0.976
"Terrível, simplesmente terrível essa experiência.",terrível simplesmente terrível experiência,Negativo,-0.7234,0.0,0.711,0.289
Qual a diferença entre o livro e o modelo anterior?,diferença entre livro modelo anterior,Neutro,0.0067,0.006,0.0,0.994
"Nunca mais compro dessa marca, cobraram duas vezes no cartão.",nunca compro dessa marca cobraram duas vezes cartão,Negativo,-0.6089,0.0,0.473,0.527
"Atendimento horrível, ninguém resolve nada.",atendimento horrível ninguém resolve nada,Negativo,-0.5072,0.0,0.417,0.583
"Produto de baixa qualidade, dinheiro jogado fora.",produto baixa qualidade dinheiro jogado fora,Negativo,-0.4805,0.0,0.454,0.546
"O pedido superou minhas expectativas, muito bom!",pedido superou expectativas bom,Positivo,0.8752,0.655,0.0,0.345
"Muito ruim a experiência de compra, experiência péssima.",ruim experiência compra experiência péssima,Negativo,-0.5935,0.0,0.4,0.6
"Que compra ruim, o produto veio quebrado.",compra ruim produto veio quebrado,Negativo,-0.8346,0.0,0.767,0.233
"Nunca mais compro dessa marca, demorou semanas para resolver.",nunca compro dessa marca demorou semanas resolver,Negativo,-0.8993,0.0,0.598,0.402
"Comprei o pedido ontem, ainda vou testar.",comprei pedido ontem ainda vou testar,Neutro,0.0232,0.023,0.0,0.977
"Simplesmente incrível, a qualidade sensacional!",simplesmente incrível qualidade sensacional,Positivo,0.7048,0.46,0.0,0.54
"Que compra ruim, o fone de ouvido veio quebrado.",compra ruim fone ouvido veio quebrado,Negativo,-0.536,0.0,0.448,0.552
"Muito satisfeito com a blusa, vale cada centavo.",satisfeito blusa vale cada centavo,Positivo,0.5188,0.335,0.0,0.665
"Que compra ruim, o pedido veio quebrado.",compra ruim pedido veio quebrado,Negativo,-0.5797,0.0,0.531,0.469
"Excelente o atendimento, recomendo a todos!",excelente atendimento recomendo todos,Positivo,0.6854,0.525,0.0,0.475
"Que compra ruim, a compra veio quebrado.",compra ruim compra veio quebrado,Negativo,-0.8792,0.0,0.538,0.462
"Entrega atrasou muito, cobraram duas vezes no cartão.",entrega atrasou cobraram duas vezes cartão,Negativo,-0.4583,0.0,0.379,0.621
Qual a diferença entre o tênis e o modelo anterior?,diferença entre tênis modelo anterior,Neutro,0.0345,0.031,0.0,0.969
O brinquedo chegou no prazo previsto.,brinquedo chegou prazo previsto,Neutro,-0.0291,0.0,0.029,0.971
"O atendimento impecável, virei cliente fiel dessa marca.",atendimento impecável virei cliente fiel dessa marca,Positivo,0.7292,0.514,0.0,0.486
Alguém sabe informar o prazo de entrega de o pedido?,alguém sabe informar prazo entrega pedido,Neutro,0.0223,0.015,0.0,0.985
"Muito bom o fone de ouvido, ficou perfeito, adorei o resultado!",bom fone ouvido ficou perfeito adorei resultado,Positivo,0.6517,0.481,0.0,0.519
O brinquedo chegou no prazo previsto.,brinquedo chegou prazo previsto,Neutro,-0.0139,0.0,0.013,0.987
"A bolsa veio com defeito, muito decepcionado.",bolsa veio defeito decepcionado,Negativo,-0.61,0.0,0.583,0.417
"Excelente o preço, recomendo a todos!",excelente preço recomendo todos,Positivo,0.8486,0.734,0.0,0.266
"Muito ruim o app, experiência péssima.",ruim app experiência péssima,Negativo,-0.5695,0.0,0.444,0.556
"Serviço ruim, atendimento péssimo, não voltarei.",serviço ruim atendimento péssimo voltarei,Negativo,-0.8992,0.0,0.899,0.101
"Atendimento nota 10, resolveram meu problema rapidinho.",atendimento nota resolveram problema rapidinho,Positivo,0.7812,0.603,0.0,0.397
Fui até a loja física para trocar a compra.,fui até loja física trocar compra,Neutro,0.0189,0.013,0.0,0.987
Fui até a loja física para trocar o notebook.,fui até loja física trocar notebook,Neutro,-0.0357,0.0,0.032,0.968
"O site impecável, virei cliente fiel dessa marca.",site impecável virei cliente fiel dessa marca,Positivo,0.4808,0.309,0.0,0.691
Alguém sabe informar o prazo de entrega de o brinquedo?,alguém sabe informar prazo entrega brinquedo,Neutro,-0.0165,0.0,0.011,0.989
"Não indico essa marca pra ninguém, o produto quebrou em uma semana.",indico marca pra ninguém produto quebrou semana,Negativo,-0.687,0.0,0.549,0.451
"Não indico essa marca pra ninguém, o produto quebrou em uma semana.",indico marca pra ninguém produto quebrou semana,Negativo,-0.8171,0.0,0.696,0.304
"Serviço ruim, atendimento péssimo, não voltarei.",serviço ruim atendimento péssimo voltarei,Negativo,-0.792,0.0,0.493,0.507
"A loja fica aberta até as 22h, segundo o site.",loja fica aberta até segundo site,Neutro,0.0338,0.024,0.0,0.976
"Adorei a embalagem da marca, muito de primeira qualidade!",adorei embalagem marca primeira qualidade,Positivo,0.5026,0.333,0.0,0.667
"Recebi a compra, embalagem estava ok.",recebi compra embalagem estava,Neutro,-0.0418,0.0,0.03,0.97
"Muito ruim a entrega, experiência péssima.",ruim entrega experiência péssima,Negativo,-0.5744,0.0,0.569,0.431
"Equipe muito profissional, super recomendo essa marca!",equipe profissional super recomendo marca,Positivo,0.4772,0.421,0.0,0.579
O perfume chegou no prazo previsto.,perfume chegou prazo previsto,Neutro,-0.008,0.0,0.008,0.992
"Péssimo o suporte, não recomendo.",péssimo suporte recomendo,Negativo,-0.4643,0.0,0.423,0.577
"A loja fica aberta até as 22h, segundo o site.",loja fica aberta até segundo site,Neutro,0.0461,0.038,0.0,0.962
"Terrível, simplesmente terrível essa experiência.",terrível simplesmente terrível experiência,Negativo,-0.7003,0.0,0.458,0.542
"Recebi o celular, embalagem estava ok.",recebi celular embalagem estava,Neutro,0.0191,0.013,0.0,0.987
Alguém sabe informar o prazo de entrega de o tênis?,alguém sabe informar prazo entrega tênis,Neutro,0.0338,0.022,0.0,0.978
"A bolsa é maravilhoso, adorei demais!",bolsa maravilhoso adorei demais,Positivo,0.4664,0.389,0.0,0.611
"Produto de baixa qualidade, dinheiro jogado fora.",produto baixa qualidade dinheiro jogado fora,Negativo,-0.4767,0.0,0.338,0.662
"Comprei o celular ontem, ainda vou testar.",comprei celular ontem ainda vou testar,Neutro,-0.0212,0.0,0.021,0.979
"A loja fica aberta até as 22h, segundo o site.",loja fica aberta até segundo site,Neutro,-0.028,0.0,0.017,0.983
"O livro tem cor azul e branca, conforme o anúncio.",livro cor azul branca conforme anúncio,Neutro,-0.0402,0.0,0.033,0.967
Alguém sabe informar o prazo de entrega de o brinquedo?,alguém sabe informar prazo entrega brinquedo,Neutro,-0.0444,0.0,0.038,0.962
"Recebi o tênis, embalagem estava ok.",recebi tênis embalagem estava,Neutro,0.015,0.009,0.0,0.991
"Não indico essa marca pra ninguém, ninguém respondeu meus e-mails.",indico marca pra ninguém ninguém respondeu emails,Negativo,-0.8715,0.0,0.626,0.374
"Muito satisfeito com a bicicleta, vale cada centavo.",satisfeito bicicleta vale cada centavo,Positivo,0.5186,0.358,0.0,0.642
Estou pesquisando opiniões sobre o atendimento antes de comprar.,estou pesquisando opiniões sobre atendimento antes comprar,Neutro,-0.0098,0.0,0.008,0.992
"A experiência de compra impecável, virei cliente fiel dessa marca.",experiência compra impecável virei cliente fiel dessa marca,Positivo,0.7408,0.729,0.0,0.271
"Simplesmente incrível, o preço sensacional!",simplesmente incrível preço sensacional,Positivo,0.6798,0.444,0.0,0.556
"Péssimo a entrega, não recomendo.",péssimo entrega recomendo,Negativo,-0.7563,0.0,0.733,0.267
Vi a propaganda da marca na TV hoje.,propaganda marca hoje,Neutro,-0.014,0.0,0.011,0.989
"Equipe muito profissional, super recomendo essa marca!",equipe profissional super recomendo marca,Positivo,0.757,0.473,0.0,0.527
"Serviço ruim, atendimento péssimo, não voltarei.",serviço ruim atendimento péssimo voltarei,Negativo,-0.8073,0.0,0.695,0.305
"Recebi a bolsa, embalagem estava ok.",recebi bolsa embalagem estava,Neutro,0.0059,0.006,0.0,0.994
"A experiência de compra horrível, demorou semanas para resolver.",experiência compra horrível demorou semanas resolver,Negativo,-0.7873,0.0,0.552,0.448
"Serviço ruim, atendimento péssimo, não voltarei.",serviço ruim atendimento péssimo voltarei,Negativo,-0.6304,0.0,0.609,0.391
"Entrega atrasou muito, a caixa chegou toda amassada.",entrega atrasou caixa chegou toda amassada,Negativo,-0.6515,0.0,0.603,0.397
Vi a propaganda da marca na TV hoje.,propaganda marca hoje,Neutro,0.0493,0.04,0.0,0.96
"A loja fica aberta até as 22h, segundo o site.",loja fica aberta até segundo site,Neutro,0.0192,0.019,0.0,0.981
"A loja fica aberta até as 22h, segundo o site.",loja fica aberta até segundo site,Neutro,0.0371,0.025,0.0,0.975
"A blusa é horrível, não vale o preço, decepção total.",blusa horrível vale preço decepção total,Negativo,-0.668,0.0,0.53,0.47
Fui até a loja física para trocar a bicicleta.,fui até loja física trocar bicicleta,Neutro,-0.0203,0.0,0.012,0.988
Extremamente decepcionado com o brinquedo.,extremamente decepcionado brinquedo,Negativo,-0.8603,0.0,0.715,0.285
"Entrega atrasou muito, veio tudo errado.",entrega atrasou veio tudo errado,Negativo,-0.658,0.0,0.503,0.497
"Atendimento horrível, ninguém resolve nada.",atendimento horrível ninguém resolve nada,Negativo,-0.418,0.0,0.262,0.738
"A loja fica aberta até as 22h, segundo o site.",loja fica aberta até segundo site,Neutro,-0.0436,0.0,0.033,0.967
Alguém sabe informar o prazo de entrega de o tênis?,alguém sabe informar prazo entrega tênis,Neutro,-0.0282,0.0,0.024,0.976
"Nunca mais compro dessa marca, ninguém respondeu meus e-mails.",nunca compro dessa marca ninguém respondeu emails,Negativo,-0.7484,0.0,0.64,0.36
"Atendimento nota 10, resolveram meu problema rapidinho.",atendimento nota resolveram problema rapidinho,Positivo,0.7138,0.609,0.0,0.391
Alguém sabe informar o prazo de entrega de a bolsa?,alguém sabe informar prazo entrega bolsa,Neutro,0.0041,0.004,0.0,0.996
"O notebook é horrível, não vale o preço, decepção total.",notebook horrível vale preço decepção total,Negativo,-0.8132,0.0,0.547,0.453
"Atendimento horrível, ninguém resolve nada.",atendimento horrível ninguém resolve nada,Negativo,-0.6561,0.0,0.639,0.361
"A loja fica aberta até as 22h, segundo o site.",loja fica aberta até segundo site,Neutro,0.0373,0.022,0.0,0.978
"Excelente o site, recomendo a todos!",excelente site recomendo todos,Positivo,0.4073,0.35,0.0,0.65
"O eletrodoméstico é horrível, não vale o preço, decepção total.",eletrodoméstico horrível vale preço decepção total,Negativo,-0.5441,0.0,0.529,0.471
"Muito satisfeito com o notebook, vale cada centavo.",satisfeito notebook vale cada centavo,Positivo,0.6204,0.585,0.0,0.415
"O brinquedo é maravilhoso, adorei demais!",brinquedo maravilhoso adorei demais,Positivo,0.5623,0.506,0.0,0.494
"Comprei o relógio e chegou rápido, super satisfeito!",comprei relógio chegou rápido super satisfeito,Positivo,0.4507,0.348,0.0,0.652
"Que ótima experiência de compra, tudo maravilhoso!",ótima experiência compra tudo maravilhoso,Positivo,0.5867,0.54,0.0,0.46
"Ótimo a entrega, estou muito feliz com a compra!",ótimo entrega estou feliz compra,Positivo,0.5548,0.552,0.0,0.448
"Equipe impecável, super recomendo essa marca!",equipe impecável super recomendo marca,Positivo,0.5596,0.364,0.0,0.636
Alguém sabe informar o prazo de entrega de o brinquedo?,alguém sabe informar prazo entrega brinquedo,Neutro,0.0032,0.003,0.0,0.997
"Atendimento horrível, ninguém resolve nada.",atendimento horrível ninguém resolve nada,Negativo,-0.6345,0.0,0.466,0.534
"O tênis veio com defeito, muito decepcionado.",tênis veio defeito decepcionado,Negativo,-0.6067,0.0,0.484,0.516
"Serviço ruim, atendimento péssimo, não voltarei.",serviço ruim atendimento péssimo voltarei,Negativo,-0.6702,0.0,0.6,0.4
"Péssimo o preço, não recomendo.",péssimo preço recomendo,Negativo,-0.6631,0.0,0.628,0.372
"Simplesmente incrível, a embalagem sensacional!",simplesmente incrível embalagem sensacional,Positivo,0.6121,0.494,0.0,0.506
Qual a diferença entre o tênis e o modelo anterior?,diferença entre tênis modelo anterior,Neutro,-0.0346,0.0,0.026,0.974
"A embalagem horrível, o produto quebrou em uma semana.",embalagem horrível produto quebrou semana,Negativo,-0.6098,0.0,0.412,0.588
"O eletrodoméstico tem cor azul e branca, conforme o anúncio.",eletrodoméstico cor azul branca conforme anúncio,Neutro,-0.0241,0.0,0.024,0.976
"Simplesmente incrível, o prazo de entrega sensacional!",simplesmente incrível prazo entrega sensacional,Positivo,0.721,0.563,0.0,0.437
Estou pesquisando opiniões sobre o site antes de comprar.,estou pesquisando opiniões sobre site antes comprar,Neutro,-0.0066,0.0,0.006,0.994
"Atendimento horrível, ninguém resolve nada.",atendimento horrível ninguém resolve nada,Negativo,-0.5829,0.0,0.516,0.484
"Recebi o perfume, embalagem estava ok.",recebi perfume embalagem estava,Neutro,0.0322,0.025,0.0,0.975
"O notebook superou minhas expectativas, muito bom!",notebook superou expectativas bom,Positivo,0.6063,0.576,0.0,0.424
Melhor experiência que já tive com o prazo de entrega.,melhor experiência prazo entrega,Positivo,0.7341,0.476,0.0,0.524
"O livro é horrível, não vale o preço, decepção total.",livro horrível vale preço decepção total,Negativo,-0.6405,0.0,0.52,0.48
"Suporte não responde, estou muito insatisfeito.",suporte responde estou insatisfeito,Negativo,-0.4094,0.0,0.364,0.636
"Nunca mais compro dessa marca, a caixa chegou toda amassada.",nunca compro dessa marca caixa chegou toda amassada,Negativo,-0.4983,0.0,0.301,0.699
"Muito bom o brinquedo, ficou perfeito, adorei o resultado!",bom brinquedo ficou perfeito adorei resultado,Positivo,0.5405,0.502,0.0,0.498
Qual a diferença entre o eletrodoméstico e o modelo anterior?,diferença entre eletrodoméstico modelo anterior,Neutro,0.0386,0.037,0.0,0.963
"Produto de baixa qualidade, dinheiro jogado fora.",produto baixa qualidade dinheiro jogado fora,Negativo,-0.4968,0.0,0.383,0.617
"Atendimento nota 10, resolveram meu problema rapidinho.",atendimento nota resolveram problema rapidinho,Positivo,0.5387,0.352,0.0,0.648
"Que ótima experiência de compra, tudo maravilhoso!",ótima experiência compra tudo maravilhoso,Positivo,0.5409,0.339,0.0,0.661
Estou pesquisando opiniões sobre a qualidade antes de comprar.,estou pesquisando opiniões sobre qualidade antes comprar,Neutro,-0.0449,0.0,0.032,0.968
Melhor experiência que já tive com a experiência de compra.,melhor experiência experiência compra,Positivo,0.5922,0.379,0.0,0.621
"Atendimento nota 10, resolveram meu problema rapidinho.",atendimento nota resolveram problema rapidinho,Positivo,0.4135,0.319,0.0,0.681
"Muito satisfeito com a blusa, vale cada centavo.",satisfeito blusa vale cada centavo,Positivo,0.7518,0.683,0.0,0.317
"Muito bom o fone de ouvido, ficou perfeito, adorei o resultado!",bom fone ouvido ficou perfeito adorei resultado,Positivo,0.4903,0.329,0.0,0.671
"Comprei o fone de ouvido e chegou rápido, super satisfeito!",comprei fone ouvido chegou rápido super satisfeito,Positivo,0.4525,0.444,0.0,0.556
Estou pesquisando opiniões sobre o app antes de comprar.,estou pesquisando opiniões sobre app antes comprar,Neutro,-0.0327,0.0,0.031,0.969
Estou pesquisando opiniões sobre a entrega antes de comprar.,estou pesquisando opiniões sobre entrega antes comprar,Neutro,0.0132,0.011,0.0,0.989
"Muito bom o brinquedo, ficou perfeito, adorei o resultado!",bom brinquedo ficou perfeito adorei resultado,Positivo,0.4458,0.273,0.0,0.727
"Péssimo o site, não recomendo.",péssimo site recomendo,Negativo,-0.4987,0.0,0.314,0.686
Alguém sabe informar o prazo de entrega de o celular?,alguém sabe informar prazo entrega celular,Neutro,-0.0349,0.0,0.028,0.972
"A blusa superou minhas expectativas, muito bom!",blusa superou expectativas bom,Positivo,0.7162,0.616,0.0,0.384
"Produto de baixa qualidade, dinheiro jogado fora.",produto baixa qualidade dinheiro jogado fora,Negativo,-0.6405,0.0,0.429,0.571
Estou pesquisando opiniões sobre a qualidade antes de comprar.,estou pesquisando opiniões sobre qualidade antes comprar,Neutro,-0.0092,0.0,0.007,0.993
"Não indico essa marca pra ninguém, cobraram duas vezes no cartão.",indico marca pra ninguém cobraram duas vezes cartão,Negativo,-0.5295,0.0,0.384,0.616
Alguém sabe informar o prazo de entrega de o fone de ouvido?,alguém sabe informar prazo entrega fone ouvido,Neutro,-0.0344,0.0,0.032,0.968
"O livro é maravilhoso, adorei demais!",livro maravilhoso adorei demais,Positivo,0.5487,0.443,0.0,0.557
"A loja fica aberta até as 22h, segundo o site.",loja fica aberta até segundo site,Neutro,-0.0229,0.0,0.019,0.981
"Recebi o perfume, embalagem estava ok.",recebi perfume embalagem estava,Neutro,-0.0107,0.0,0.008,0.992
"Serviço ruim, atendimento péssimo, não voltarei.",serviço ruim atendimento péssimo voltarei,Negativo,-0.8318,0.0,0.621,0.379
"Produto de baixa qualidade, dinheiro jogado fora.",produto baixa qualidade dinheiro jogado fora,Negativo,-0.4334,0.0,0.423,0.577
Fui até a loja física para trocar o eletrodoméstico.,fui até loja física trocar eletrodoméstico,Neutro,0.0205,0.019,0.0,0.981
"O atendimento impecável, virei cliente fiel dessa marca.",atendimento impecável virei cliente fiel dessa marca,Positivo,0.8828,0.877,0.0,0.123
Qual a diferença entre o fone de ouvido e o modelo anterior?,diferença entre fone ouvido modelo anterior,Neutro,0.0142,0.014,0.0,0.986
"Simplesmente incrível, o site sensacional!",simplesmente incrível site sensacional,Positivo,0.475,0.447,0.0,0.553
"Atendimento horrível, ninguém resolve nada.",atendimento horrível ninguém resolve nada,Negativo,-0.6387,0.0,0.559,0.441
"O produto é maravilhoso, adorei demais!",produto maravilhoso adorei demais,Positivo,0.7989,0.761,0.0,0.239
"O tênis é maravilhoso, adorei demais!",tênis maravilhoso adorei demais,Positivo,0.7158,0.614,0.0,0.386
"Não indico essa marca pra ninguém, ninguém respondeu meus e-mails.",indico marca pra ninguém ninguém respondeu emails,Negativo,-0.7766,0.0,0.684,0.316
Extremamente decepcionado com o celular.,extremamente decepcionado celular,Negativo,-0.7392,0.0,0.462,0.538
"A embalagem horrível, a caixa chegou toda amassada.",embalagem horrível caixa chegou toda amassada,Negativo,-0.6194,0.0,0.486,0.514
"Muito satisfeito com a bicicleta, vale cada centavo.",satisfeito bicicleta vale cada centavo,Positivo,0.877,0.755,0.0,0.245
"Nunca mais compro dessa marca, ninguém respondeu meus e-mails.",nunca compro dessa marca ninguém respondeu emails,Negativo,-0.6437,0.0,0.611,0.389
"Entrega atrasou muito, ninguém respondeu meus e-mails.",entrega atrasou ninguém respondeu emails,Negativo,-0.657,0.0,0.559,0.441
"O tênis superou minhas expectativas, muito bom!",tênis superou expectativas bom,Positivo,0.4845,0.31,0.0,0.69
"Muito ruim o app, experiência péssima.",ruim app experiência péssima,Negativo,-0.7053,0.0,0.459,0.541
"A compra veio com defeito, muito decepcionado.",compra veio defeito decepcionado,Negativo,-0.4946,0.0,0.405,0.595
"A bolsa superou minhas expectativas, muito bom!",bolsa superou expectativas bom,Positivo,0.6968,0.535,0.0,0.465
O pedido chegou no prazo previsto.,pedido chegou prazo previsto,Neutro,0.0252,0.018,0.0,0.982
O eletrodoméstico chegou no prazo previsto.,eletrodoméstico chegou prazo previsto,Neutro,-0.0226,0.0,0.016,0.984
"Recebi o notebook, embalagem estava ok.",recebi notebook embalagem estava,Neutro,-0.0306,0.0,0.018,0.982
"O suporte horrível, ninguém respondeu meus e-mails.",suporte horrível ninguém respondeu emails,Negativo,-0.4985,0.0,0.489,0.511
Melhor experiência que já tive com o atendimento.,melhor experiência atendimento,Positivo,0.64,0.393,0.0,0.607
"Suporte não responde, estou muito insatisfeito.",suporte responde estou insatisfeito,Negativo,-0.5081,0.0,0.493,0.507
Alguém sabe informar o prazo de entrega de o livro?,alguém sabe informar prazo entrega livro,Neutro,0.0333,0.031,0.0,0.969
"Que compra ruim, o pedido veio quebrado.",compra ruim pedido veio quebrado,Negativo,-0.4286,0.0,0.388,0.612
"Equipe impecável, super recomendo essa marca!",equipe impecável super recomendo marca,Positivo,0.5209,0.333,0.0,0.667
"Atendimento horrível, ninguém resolve nada.",atendimento horrível ninguém resolve nada,Negativo,-0.5693,0.0,0.344,0.656
"Comprei o fone de ouvido e chegou rápido, super satisfeito!",comprei fone ouvido chegou rápido super satisfeito,Positivo,0.5311,0.495,0.0,0.505
"O notebook veio com defeito, muito decepcionado.",notebook veio defeito decepcionado,Negativo,-0.8265,0.0,0.538,0.462
"Terrível, simplesmente terrível essa experiência.",terrível simplesmente terrível experiência,Negativo,-0.5461,0.0,0.409,0.591
"A bicicleta é horrível, não vale o preço, decepção total.",bicicleta horrível vale preço decepção total,Negativo,-0.8616,0.0,0.594,0.406
Melhor experiência que já tive com a entrega.,melhor experiência entrega,Positivo,0.6088,0.516,0.0,0.484
"A blusa é maravilhoso, adorei demais!",blusa maravilhoso adorei demais,Positivo,0.6639,0.442,0.0,0.558
"O suporte horrível, cobraram duas vezes no cartão.",suporte horrível cobraram duas vezes cartão,Negativo,-0.6387,0.0,0.488,0.512
Fui até a loja física para trocar o eletrodoméstico.,fui até loja física trocar eletrodoméstico,Neutro,-0.0093,0.0,0.009,0.991
Fui até a loja física para trocar a bolsa.,fui até loja física trocar bolsa,Neutro,0.0379,0.036,0.0,0.964
"Equipe rápido e eficiente, super recomendo essa marca!",equipe rápido eficiente super recomendo marca,Positivo,0.4513,0.422,0.0,0.578
"Suporte não responde, estou muito insatisfeito.",suporte responde estou insatisfeito,Negativo,-0.7558,0.0,0.62,0.38
Extremamente decepcionado com a blusa.,extremamente decepcionado blusa,Negativo,-0.8166,0.0,0.659,0.341
Melhor experiência que já tive com a entrega.,melhor experiência entrega,Positivo,0.8106,0.771,0.0,0.229
"Muito ruim o atendimento, experiência péssima.",ruim atendimento experiência péssima,Negativo,-0.469,0.0,0.435,0.565
Melhor experiência que já tive com a entrega.,melhor experiência entrega,Positivo,0.6087,0.408,0.0,0.592
"Terrível, simplesmente terrível essa experiência.",terrível simplesmente terrível experiência,Negativo,-0.7485,0.0,0.505,0.495
"A loja fica aberta até as 22h, segundo o site.",loja fica aberta até segundo site,Neutro,-0.024,0.0,0.022,0.978
Estou pesquisando opiniões sobre a experiência de compra antes de comprar.,estou pesquisando opiniões sobre experiência compra antes comprar,Neutro,0.0481,0.034,0.0,0.966
"O brinquedo tem cor azul e branca, conforme o anúncio.",brinquedo cor azul branca conforme anúncio,Neutro,-0.0263,0.0,0.021,0.979
"A qualidade impecável, virei cliente fiel dessa marca.",qualidade impecável virei cliente fiel dessa marca,Positivo,0.5429,0.435,0.0,0.565
Qual a diferença entre o pedido e o modelo anterior?,diferença entre pedido modelo anterior,Neutro,-0.0101,0.0,0.009,0.991
"Recebi o fone de ouvido, embalagem estava ok.",recebi fone ouvido embalagem estava,Neutro,-0.0156,0.0,0.01,0.99
"O eletrodoméstico superou minhas expectativas, muito bom!",eletrodoméstico superou expectativas bom,Positivo,0.7878,0.531,0.0,0.469
